CustomerID,Recency,Frequency,Monetary,R_Score,F_Score,M_Score,RFM_Score,RFM_Sum,Rule_Segment,KMeans_Cluster,PCA1,PCA2
12346,326,12,77556.46,2,5,5,255,12,At Risk (High Frequency),0,2.266512120120408,2.4322283862858463
12347,2,8,5633.32,5,4,5,545,14,Champions (Top Tier),0,2.36244165500127,-1.0748677085220673
12348,75,5,2019.4,3,4,4,344,11,Loyal Customers,2,0.5616052123467598,0.25242625980228744
12349,19,4,4428.69,5,3,5,535,13,Loyal Customers,3,1.1958930600217252,-0.3156473281366984
12350,310,1,334.4,2,1,2,212,5,Hibernating / Churned,1,-1.5133680518673496,0.08993306201269184
12351,375,1,300.93,2,1,2,212,5,Hibernating / Churned,1,-1.6204949836678586,0.16314739287056473
12352,36,10,2849.84,4,5,4,454,13,Champions (Top Tier),0,1.406529754225945,0.1803415405619842
12353,204,2,406.76,2,2,2,222,6,Hibernating / Churned,1,-0.984319313572378,0.06694511610276181
12354,232,1,1079.4,2,1,3,213,6,Need Attention,1,-0.9110081574753942,0.28083201333188895
12355,214,2,947.61,2,2,3,223,7,Need Attention,2,-0.6323562627797426,0.3459590847040974
12356,23,6,6373.68,4,4,5,445,13,Champions (Top Tier),0,1.5519349372500952,0.01703839724105117
12357,33,3,18287.66,4,3,5,435,12,Loyal Customers,0,1.4710388369684924,0.3198075301908096
12358,2,5,3887.07,5,4,5,545,14,Champions (Top Tier),0,1.8917830316939224,-1.334328983142632
12359,58,10,8935.94,4,5,5,455,14,Champions (Top Tier),0,1.752754815562097,0.7797383366382045
12360,52,8,4252.89,4,4,5,445,13,Champions (Top Tier),0,1.3113839700821033,0.42491040557126336
12361,287,4,511.25,2,3,2,232,7,Need Attention,2,-0.6053961163960261,0.5097200203628756
12362,3,11,5356.23,5,5,5,555,15,Champions (Top Tier),0,2.466872635962897,-0.8259875206549845
12363,110,2,552.0,3,2,2,322,7,Need Attention,1,-0.6533368707139787,-0.18022182963155983
12364,8,4,1313.1,5,3,4,534,12,Loyal Customers,3,0.9254213864721204,-1.1198327735537548
12365,291,2,641.38,2,2,3,223,7,Need Attention,1,-0.9009734765659648,0.39811001014513775
12366,634,1,500.24,1,1,2,112,4,Hibernating / Churned,1,-1.5694314388915376,0.6039211281296463
12367,4,1,168.9,5,1,1,511,7,New / Promising,3,-0.47342622599363543,-2.3918007578605014
12368,628,1,917.7,1,1,3,113,5,Need Attention,1,-1.302742019013602,0.7800513647451883
12369,413,3,1791.15,1,3,4,134,8,Need Attention,2,-0.34805483812523985,1.003095740196578
12370,51,7,4320.31,4,4,5,445,13,Champions (Top Tier),2,1.234552739147939,0.37599856679711724
12371,45,5,4067.38,4,4,5,445,13,Champions (Top Tier),2,1.0285458825256106,0.18501937926940817
12372,72,3,1298.04,3,3,4,334,10,Loyal Customers,2,0.07320750782150094,-0.05041427439294089
12373,311,3,1127.65,2,3,3,233,8,Need Attention,2,-0.45775949245229675,0.7086634802616353
12374,25,4,2989.22,4,3,5,435,12,Loyal Customers,3,0.9400491354255956,-0.28857544880431585
12375,11,2,457.5,5,2,2,522,9,New / Promising,3,-0.015374282723184068,-1.4633349675394118
12376,390,2,503.15,2,2,2,222,6,Hibernating / Churned,1,-1.1008273635098267,0.48660682184970205
12377,315,4,3426.32,2,3,5,235,10,Need Attention,2,0.19160862909565193,1.1298695978236069
12378,130,2,5416.32,3,2,5,325,10,Need Attention,2,0.28599047174186687,0.5942626727972942
12379,82,4,1620.22,3,3,4,334,10,Loyal Customers,2,0.29827758909553703,0.16839551708261433
12380,22,11,9676.3,4,5,5,455,14,Champions (Top Tier),0,2.1584296535327394,0.3158179071593684
12381,5,5,1845.31,5,4,4,544,13,Champions (Top Tier),3,1.3435686253725727,-1.1749465219090878
12383,185,5,1850.56,3,4,4,344,11,Loyal Customers,2,0.23416470664118685,0.7199578762509654
12384,29,2,585.27,4,2,2,422,8,New / Promising,3,-0.2047686611015391,-0.8843589989153168
12385,379,1,1938.4,2,1,4,214,7,Cant Lose Them (High Spend),2,-0.8146493826190573,0.7257507641260492
12386,338,2,660.8,2,2,3,223,7,Need Attention,1,-0.9362846694959429,0.48934404987637575
12387,415,1,143.94,1,1,1,111,3,Hibernating / Churned,1,-1.972504683582758,-0.0007751306144086818
12388,16,8,3901.11,5,4,5,545,14,Champions (Top Tier),0,1.6415876090323358,-0.22809666164787826
12389,403,3,1433.33,2,3,4,234,9,Need Attention,2,-0.43705245795473946,0.922939491066331
12390,80,1,549.84,3,1,2,312,6,Need Attention,1,-0.8623850444200565,-0.5035943848673906
12391,22,6,2773.42,4,4,4,444,12,Champions (Top Tier),0,1.2037395894889578,-0.25546009279755894
12392,591,1,234.75,1,1,1,111,3,Hibernating / Churned,1,-1.8749585612635478,0.33944534450139396
12393,72,6,2399.45,3,4,4,344,11,Loyal Customers,2,0.7671974097320878,0.3382329422844536
12394,64,2,1272.48,3,2,4,324,9,Need Attention,3,-0.11731508269844328,-0.22568565273398655
12395,19,15,5067.27,5,5,5,555,15,Champions (Top Tier),0,2.14163053698844,0.15041987100739238
12396,674,1,931.43,1,1,3,113,5,Need Attention,1,-1.319115320830174,0.8234219979206838
12397,36,2,2409.9,4,2,4,424,10,New / Promising,3,0.3426295378447754,-0.3454164028430591
12398,46,1,1635.66,4,1,4,414,9,New / Promising,3,-0.21252865804130017,-0.47783083279586486
12399,119,7,1962.3,3,4,4,344,11,Loyal Customers,2,0.6208207340314479,0.6010763824744128
12400,414,1,205.25,1,1,1,111,3,Hibernating / Churned,1,-1.818234753334324,0.1034977214223738
12401,303,1,84.3,2,1,1,211,4,Hibernating / Churned,1,-2.1017285703002693,-0.33247382554385446
12402,323,6,1256.9,2,4,4,244,10,At Risk (High Frequency),2,0.004031245803765464,0.9667742929227967
12403,50,2,1019.36,4,2,3,423,9,New / Promising,3,-0.13528269022103034,-0.42580785386964115
12404,682,1,63.24,1,1,1,111,3,Hibernating / Churned,1,-2.48690421717228,0.029117624754767212
12405,149,1,1710.39,3,1,4,314,8,Need Attention,2,-0.5684333938680179,0.1756145884003166
12406,22,5,6390.36,4,4,5,445,13,Champions (Top Tier),0,1.4492651864898465,-0.062078171386580165
12407,50,5,1708.12,4,4,4,444,12,Champions (Top Tier),2,0.6178218079500298,-0.01768156499893386
12408,33,8,4340.77,4,4,5,445,13,Champions (Top Tier),0,1.4638598740187463,0.18617615147196018
12409,79,7,23419.29,3,4,5,345,12,Loyal Customers,0,1.8305727058948573,1.119511039509034
12410,309,3,1013.71,2,3,3,233,8,Need Attention,2,-0.5019831489183033,0.6732601528690797
12411,410,1,346.9,2,1,2,212,5,Hibernating / Churned,1,-1.5876181899188357,0.2546619843997678
12412,75,6,2596.93,3,4,4,344,11,Loyal Customers,2,0.7885706370819746,0.3841124504729629
12413,67,4,999.45,3,3,3,333,9,Loyal Customers,2,0.1527092617298279,-0.08605218907779094
12414,217,6,952.41,2,4,3,243,9,At Risk (High Frequency),2,0.011597164958342574,0.6652538510877558
12415,24,28,144458.37,4,5,5,455,14,Champions (Top Tier),0,3.980647088405359,1.4939923545237612
12416,657,1,202.56,1,1,1,111,3,Hibernating / Churned,1,-1.9730223085394265,0.3537969955066751
12417,3,20,6816.91,5,5,5,555,15,Champions (Top Tier),0,2.998601209883646,-0.5489741364252645
12418,113,4,2021.2,3,3,4,334,10,Loyal Customers,2,0.29179716036619596,0.4095955758223703
12419,386,2,503.01,2,2,2,222,6,Hibernating / Churned,1,-1.0976224642915946,0.4808520518014938
12420,64,1,600.39,3,1,2,312,6,Need Attention,3,-0.7530095249022568,-0.598689576011455
12421,16,6,1098.6,5,4,3,543,12,Loyal Customers,3,0.8988176120434506,-0.6992305507005258
12422,96,17,5231.8,3,5,5,355,13,Loyal Customers,0,1.7346824859160024,1.0739993667594911
12423,1,10,2622.39,5,5,4,554,14,Champions (Top Tier),0,2.314034163339574,-1.4538774289548826
12424,163,4,3340.03,3,3,5,335,11,Loyal Customers,2,0.39264071084423385,0.7604807185540935
12425,78,2,1741.41,3,2,4,324,9,Need Attention,2,-0.04399041938754677,-0.02424780696147261
12426,195,2,1345.21,2,2,4,224,8,Cant Lose Them (High Spend),2,-0.4501230964431606,0.3997133481284402
12427,22,3,1129.3,4,3,3,433,10,Loyal Customers,3,0.3862112983395904,-0.7291002280957187
12428,26,9,7956.46,4,5,5,455,14,Champions (Top Tier),0,1.8823747299349498,0.2789464813310895
12429,9,8,7485.91,5,4,5,545,14,Champions (Top Tier),0,2.096737462033279,-0.3257047009961967
12430,43,1,256.4,4,1,1,411,6,New / Promising,3,-0.9960448603695642,-1.0679368707500843
12431,36,27,10857.97,4,5,5,455,14,Champions (Top Tier),0,2.701032286467007,0.9226713946540578
12432,43,5,5059.32,4,4,5,445,13,Champions (Top Tier),2,1.1378559739549865,0.2258144385878819
12433,1,10,20581.26,5,5,5,555,15,Champions (Top Tier),0,3.210333434042269,-0.8372343640413259
12434,85,3,1103.43,3,3,3,333,9,Loyal Customers,2,-0.05041384912673067,-0.008602914082531948
12435,80,6,13925.93,3,4,5,345,12,Loyal Customers,0,1.498551745235731,0.9218916393388294
12436,100,1,509.01,3,1,2,312,6,Need Attention,1,-0.967264991228209,-0.4049345133135285
12437,2,39,12683.4,5,5,5,555,15,Champions (Top Tier),0,3.853221518194477,-0.28595060468111094
12438,14,2,2906.85,5,2,4,524,11,New / Promising,3,0.7161847268881926,-0.7873015459575332
12439,683,2,1158.18,1,2,3,123,6,Need Attention,2,-0.9194375371230056,1.0443021010731905
12440,462,2,859.2,1,2,3,123,6,Need Attention,1,-0.923020023390168,0.7397697517856476
12441,367,1,347.1,2,1,2,212,5,Hibernating / Churned,1,-1.5516262768012115,0.19388083227676176
12442,3,1,172.06,5,1,1,511,7,New / Promising,3,-0.3932376360923883,-2.509361642354126
12443,732,1,485.31,1,1,2,112,4,Hibernating / Churned,1,-1.6290067309900622,0.6740297200490215
12444,21,5,5005.46,4,4,5,445,13,Champions (Top Tier),0,1.3573816191203087,-0.15970191754774032
12445,22,2,434.98,4,2,2,422,8,New / Promising,3,-0.24770453954181204,-1.1195723287784611
12446,58,1,1002.31,4,1,3,413,8,New / Promising,3,-0.49899217746697044,-0.4988976624240418
12447,243,1,476.49,2,1,2,212,5,Hibernating / Churned,1,-1.2812096000276394,0.06184576135417783
12448,44,1,449.45,4,1,2,412,7,New / Promising,3,-0.7598216840307815,-0.8880225227647518
12449,22,6,4835.89,4,4,5,445,13,Champions (Top Tier),0,1.445583951227171,-0.08907409502987572
12450,156,5,688.2,3,4,3,343,10,Loyal Customers,2,-0.1410076180153342,0.33063760305500184
12451,11,8,12669.88,5,4,5,545,14,Champions (Top Tier),0,2.2667004771961206,-0.06764178833091915
12452,17,2,430.57,5,2,2,522,9,New / Promising,3,-0.17284921720537397,-1.257815741447259
12453,134,1,707.09,3,1,3,313,7,Need Attention,1,-0.9183326654027413,-0.1466687377488152
12454,56,5,16679.78,4,4,5,445,13,Champions (Top Tier),0,1.5731383466467646,0.7256615610667634
12455,73,10,5879.95,3,5,5,355,13,Loyal Customers,0,1.4974095521813349,0.7794130897769704
12456,44,3,3181.04,4,3,5,435,12,Loyal Customers,2,0.6194888339141608,-0.04907406107452518
12457,66,8,2995.91,3,4,5,345,12,Loyal Customers,2,1.0831764363185035,0.44934991859353085
12458,71,4,1777.49,3,3,4,334,10,Loyal Customers,2,0.38454495086908774,0.11769281616494508
12459,605,1,454.36,1,1,2,112,4,Hibernating / Churned,1,-1.5960815284126508,0.5494020804225848
12460,456,1,326.65,1,1,2,112,4,Hibernating / Churned,1,-1.6480233153495192,0.29522565622730906
12461,94,2,826.88,3,2,3,323,8,Need Attention,2,-0.42742540400855145,-0.1452846816755928
12462,19,2,1189.59,5,2,3,523,10,New / Promising,3,0.23460769088738653,-0.8959334570299777
12463,53,4,1344.78,4,3,4,434,11,Loyal Customers,2,0.35628545297685765,-0.12443664582300311
12464,10,8,1212.05,5,4,3,543,12,Loyal Customers,3,1.2740131425045773,-0.817951937958192
12465,17,2,742.19,5,2,3,523,10,New / Promising,3,0.06363977726864073,-1.0951141716284507
12466,682,1,56.73,1,1,1,111,3,Hibernating / Churned,1,-2.5333947656545397,-0.0028673106821847493
12467,423,1,132.8,1,1,1,111,3,Hibernating / Churned,1,-2.013462299230622,-0.014208758924791844
12468,188,5,3670.74,3,4,5,345,12,Loyal Customers,2,0.5268786396226569,0.9337269755542513
12469,523,2,3070.54,1,2,5,125,8,Cant Lose Them (High Spend),2,-0.4092606843301007,1.1890329740578596
12470,690,1,211.95,1,1,1,111,3,Hibernating / Churned,1,-1.969227364310654,0.39428710880254414
12471,2,79,39963.79,5,5,5,555,15,Champions (Top Tier),0,4.881226405153023,0.311303829027809
12472,32,19,17880.59,4,5,5,455,14,Champions (Top Tier),0,2.698427805329954,0.8857146377861521
12473,29,5,3938.55,4,4,5,445,13,Champions (Top Tier),0,1.1527912552684783,-0.06037468821492658
12474,17,31,12424.45,5,5,5,555,15,Champions (Top Tier),0,3.0945532167533885,0.614461797193417
12475,54,2,1149.64,4,2,3,423,9,New / Promising,3,-0.10742036267292639,-0.34819046126396624
12476,16,23,14115.41,5,5,5,555,15,Champions (Top Tier),0,2.9491384225844395,0.5158276569522177
12477,23,9,20276.37,4,5,5,455,14,Champions (Top Tier),0,2.32746383854565,0.49398959972674356
12478,4,1,680.99,5,1,3,513,9,New / Promising,3,0.13128448120615435,-1.9757671002838555
12479,11,1,527.2,5,1,2,512,8,New / Promising,3,-0.2630511836055101,-1.5693875122520857
12480,28,7,5464.85,4,4,5,445,13,Champions (Top Tier),0,1.5256490999900891,0.12425035214779111
12481,23,15,12361.39,4,5,5,455,14,Champions (Top Tier),0,2.4706282351912043,0.5178967233943987
12482,576,29,23691.4,1,5,5,155,11,At Risk (High Frequency),0,2.2046804292980084,2.6965616033311486
12483,17,19,5120.58,5,5,5,555,15,Champions (Top Tier),0,2.3504524184015754,0.17711769250964293
12484,33,12,6370.15,4,5,5,455,14,Champions (Top Tier),0,1.9111874662087607,0.4355752423256664
12485,529,1,708.1,1,1,3,113,5,Need Attention,1,-1.36003006358611,0.6080743864653345
12486,432,1,1037.28,1,1,3,113,5,Need Attention,1,-1.1287370769773106,0.6107303661102811
12487,731,1,285.3,1,1,1,111,3,Hibernating / Churned,1,-1.8590863178343877,0.5146809884646293
12488,10,3,1298.66,5,3,4,534,12,Loyal Customers,3,0.6855188333128024,-1.0941365707289634
12489,336,1,334.93,2,1,2,212,5,Hibernating / Churned,1,-1.5386488885160652,0.13469058324380886
12490,5,21,9823.64,5,5,5,555,15,Champions (Top Tier),0,3.061905897492218,-0.19894379416187596
12491,39,1,460.4,4,1,2,412,7,New / Promising,3,-0.7112771749704158,-0.9457972959310638
12492,63,3,715.21,3,3,3,333,9,Loyal Customers,3,-0.1433018972064612,-0.3012199915590939
12493,166,2,433.74,3,2,2,322,7,Need Attention,1,-0.8901349437065317,-0.02695490028022436
12494,16,9,1872.87,5,5,4,554,14,Champions (Top Tier),0,1.4027923209800777,-0.4091053503547803
12495,641,1,357.4,1,1,2,112,4,Hibernating / Churned,1,-1.7189267567574165,0.5095565676968797
12496,620,2,54.09,1,2,1,121,4,Hibernating / Churned,1,-2.2137324559133176,0.07904650057211926
12497,82,3,6248.5,3,3,5,335,11,Loyal Customers,2,0.7151812905780452,0.4906324771622822
12498,21,3,403.7,4,3,2,432,9,Loyal Customers,3,-0.04630458079958965,-1.061074887622618
12499,560,1,393.72,1,1,2,112,4,Hibernating / Churned,1,-1.6333078455427659,0.4640639709255939
12500,23,19,5955.21,4,5,5,455,14,Champions (Top Tier),0,2.3230970342357256,0.3809847878438578
12501,337,1,2169.39,2,1,4,214,7,Cant Lose Them (High Spend),2,-0.7278064794840087,0.6948339150742019
12502,96,5,3723.87,3,4,5,345,12,Loyal Customers,2,0.7488660126389853,0.5701162212331913
12503,584,1,1126.0,1,1,3,113,5,Need Attention,1,-1.190371608429994,0.8012254454400504
12504,18,4,779.05,5,3,3,533,11,Loyal Customers,3,0.4568245612354808,-0.8638223380031513
12505,409,1,955.2,2,1,3,213,6,Need Attention,1,-1.1469167992355718,0.5559735273902056
12506,233,1,73.5,2,1,1,211,4,Hibernating / Churned,1,-2.07598840480668,-0.517345218042562
12507,134,4,1844.06,3,3,4,334,10,Loyal Customers,2,0.1972256553447852,0.4754091477085589
12508,26,2,398.27,4,2,2,422,8,New / Promising,3,-0.3378346130645295,-1.0574636220055178
12509,284,1,176.5,2,1,1,211,4,Hibernating / Churned,1,-1.7620120910849992,-0.14871059778158402
12510,143,9,5178.02,3,5,5,355,13,Loyal Customers,2,1.1540930195209578,1.0736794294389278
12511,429,1,3084.02,1,1,5,115,7,Cant Lose Them (High Spend),2,-0.6526626103680581,0.932882079152075
12512,66,2,138.03,3,2,1,321,6,Need Attention,1,-1.0907947556177606,-0.8719693124615835
12513,113,1,612.29,3,1,2,312,6,Need Attention,1,-0.9261880877659767,-0.2829507976687258
12514,267,2,1597.76,2,2,4,224,8,Cant Lose Them (High Spend),2,-0.4765042452644129,0.6237498272192341
12515,353,1,383.7,2,1,2,212,5,Hibernating / Churned,1,-1.495582716963794,0.20241486290729221
12516,78,4,2648.62,3,3,4,334,10,Loyal Customers,2,0.5279921328500675,0.28820268930603177
12517,28,5,2502.84,4,4,4,444,12,Champions (Top Tier),3,0.9665486062881419,-0.21474969601256913
12518,1,5,2056.89,5,4,4,544,13,Champions (Top Tier),3,1.7460934087680888,-1.7484217604624699
12519,64,2,726.54,3,2,3,323,8,Need Attention,3,-0.36090394171278845,-0.3932718435423758
12520,79,5,2634.26,3,4,4,344,11,Loyal Customers,2,0.6606170282150391,0.3602500080153578
12521,143,1,599.68,3,1,2,312,6,Need Attention,1,-1.0107846567391723,-0.16031698647026882
12522,39,2,192.72,4,2,1,421,7,New / Promising,3,-0.7796328561843724,-1.05717134789922
12523,19,23,4372.15,5,5,5,555,15,Champions (Top Tier),0,2.3866962634273245,0.2546759592635465
12524,9,17,11126.11,5,5,5,555,15,Champions (Top Tier),0,2.797805697106463,0.04662126781158567
12525,498,3,973.73,1,3,3,133,7,Need Attention,2,-0.673434845223933,0.9237889378779712
12526,1,3,1316.66,5,3,4,534,12,Loyal Customers,3,1.2428627698270676,-2.0302921881497484
12527,82,5,735.51,3,4,3,343,10,Loyal Customers,2,0.09403271548594086,-0.0010564043339731963
12528,9,6,1933.48,5,4,4,544,13,Champions (Top Tier),3,1.3162235874943269,-0.8228059216031229
12529,528,1,316.48,1,1,2,112,4,Hibernating / Churned,1,-1.709061460201628,0.3664831073095955
12530,60,9,3759.26,3,5,5,355,13,Loyal Customers,0,1.2926069311928294,0.5040924734183229
12531,15,2,1933.2,5,2,4,524,11,New / Promising,3,0.5179103434121366,-0.8737543214240584
12532,30,1,349.83,4,1,2,412,7,New / Promising,3,-0.7480413387824106,-1.1683961095319306
12533,628,2,1367.89,1,2,4,124,7,Cant Lose Them (High Spend),2,-0.8199734440271848,1.0478441397512013
12534,131,1,1089.18,3,1,3,313,7,Need Attention,1,-0.7233049776036129,-0.02988770362127985
12535,92,2,716.35,3,2,3,323,8,Need Attention,3,-0.4828961482172824,-0.19991816833209206
12536,43,3,12601.83,4,3,5,435,12,Loyal Customers,2,1.2256347915588832,0.3505513736300548
12537,409,1,732.94,2,1,3,213,6,Need Attention,1,-1.2620193225116305,0.4767843825897338
12538,29,2,640.45,4,2,3,423,9,New / Promising,3,-0.16563064112923367,-0.857432514225165
12539,22,7,11214.75,4,4,5,445,13,Champions (Top Tier),0,1.9133726902942996,0.2115678478792018
12540,20,33,22254.49,4,5,5,455,14,Champions (Top Tier),0,3.3445329729817392,0.8961479550682617
12541,30,3,981.18,4,3,3,433,10,Loyal Customers,3,0.2285545721277443,-0.6065104299777411
12542,484,2,481.88,1,2,2,122,5,Hibernating / Churned,1,-1.1892620856909124,0.5925323769676174
12543,448,1,980.25,1,1,3,113,5,Need Attention,1,-1.1650532188446832,0.6138327053096976
12544,36,1,372.7,4,1,2,412,7,New / Promising,3,-0.7777877175330405,-1.05190376286906
12545,75,2,1000.39,3,2,3,323,8,Need Attention,3,-0.27246503703100067,-0.21140348728721933
12546,47,2,1161.5,4,2,3,423,9,New / Promising,3,-0.05892992910929893,-0.42020603248454824
12547,198,3,383.58,2,3,2,232,7,Need Attention,1,-0.7807604465091207,0.13834282894552372
12548,166,1,95.2,3,1,1,311,5,Need Attention,1,-1.855662196105321,-0.6268798103707522
12549,576,6,1575.68,1,4,4,144,9,At Risk (High Frequency),2,-0.08433680916357095,1.3526953907924053
12550,79,1,964.83,3,1,3,313,7,Need Attention,3,-0.6140370754289074,-0.3423499361000953
12551,358,1,168.0,2,1,1,211,4,Hibernating / Churned,1,-1.8580208739154525,-0.036081449820455455
12552,39,2,437.82,4,2,2,422,8,New / Promising,3,-0.4238583878179827,-0.8124028138141212
12553,8,12,4608.75,5,5,5,555,15,Champions (Top Tier),0,2.200261406621437,-0.39439522070198835
12554,449,1,468.5,1,1,2,112,4,Hibernating / Churned,1,-1.4865140930478122,0.39439358828077303
12555,682,1,129.23,1,1,1,111,3,Hibernating / Churned,1,-2.179426129731912,0.2406588325082198
12556,50,2,603.71,4,2,2,422,8,New / Promising,3,-0.36291285286203145,-0.5824146544616703
12557,16,8,18716.14,5,4,5,545,14,Champions (Top Tier),0,2.3237979875329935,0.2412558330659365
12558,8,1,269.96,5,1,1,511,7,New / Promising,3,-0.46044148876949614,-1.9278769254041068
12559,311,2,561.71,2,2,2,222,6,Hibernating / Churned,1,-0.9800148908680282,0.39501241232136564
12560,5,3,2134.01,5,3,4,534,12,Loyal Customers,3,1.0975310118676898,-1.2798712567197092
12561,303,1,238.85,2,1,1,211,4,Hibernating / Churned,1,-1.6519002178783952,-0.022997356032758823
12562,8,9,4966.92,5,5,5,555,15,Champions (Top Tier),0,2.0327124905860408,-0.4680303807532685
12563,409,1,249.24,2,1,1,211,4,Hibernating / Churned,1,-1.7301949754256565,0.15468519209895853
12564,261,1,456.9,2,1,2,212,5,Hibernating / Churned,1,-1.322457411053237,0.08856348646557075
12565,289,1,145.92,2,1,1,211,4,Hibernating / Churned,1,-1.8499076663387815,-0.19571919192510234
12566,86,1,351.65,3,1,2,312,6,Need Attention,1,-1.07953962708455,-0.5976795729431622
12567,23,15,13709.86,4,5,5,455,14,Champions (Top Tier),0,2.515674375196923,0.54888792325767
12568,645,1,70.0,1,1,1,111,3,Hibernating / Churned,1,-2.4253570287372557,0.028349008728110112
12569,2,32,4124.69,5,5,5,555,15,Champions (Top Tier),0,3.217814993715582,-0.6925737365431459
12570,682,1,77.52,1,1,1,111,3,Hibernating / Churned,1,-2.399566820673337,0.08920469792225501
12571,40,2,519.61,4,2,2,422,8,New / Promising,3,-0.3574800380568651,-0.747621397232129
12572,9,2,1020.42,5,2,3,523,10,New / Promising,3,0.3921071897113961,-1.3241230521549587
12573,227,5,717.41,2,4,3,243,9,At Risk (High Frequency),2,-0.24361692154770026,0.5488505885077182
12574,316,1,218.45,2,1,1,211,4,Hibernating / Churned,1,-1.7041195246224097,-0.026509968920885946
12575,457,2,622.82,1,2,3,123,6,Need Attention,1,-1.0593087875678244,0.637599932345921
12576,36,8,2142.72,4,4,4,444,12,Champions (Top Tier),0,1.1294412756409609,0.02155388998951557
12577,35,8,1653.75,4,4,4,444,12,Champions (Top Tier),2,1.0256573695024769,-0.0710570219476175
12578,21,4,4642.45,4,3,5,435,12,Loyal Customers,3,1.185572931780604,-0.2489703008053184
12579,78,1,440.42,3,1,2,312,6,Need Attention,1,-0.950651872633575,-0.5836737587300932
12580,247,2,1052.9,2,2,3,223,7,Need Attention,2,-0.6327414489482317,0.45622469156976375
12581,40,1,197.71,4,1,1,411,6,New / Promising,3,-1.0858038287475356,-1.1843531926823596
12582,239,4,1980.4,2,3,4,234,9,Need Attention,2,0.04215758768765922,0.8140987294329683
12583,3,27,14447.44,5,5,5,555,15,Champions (Top Tier),0,3.5447962301458253,-0.21885289800645408
12584,4,9,2338.15,5,5,4,554,14,Champions (Top Tier),0,1.8950909406745449,-1.017702833886698
12585,234,2,2040.1,2,2,4,224,8,Cant Lose Them (High Spend),2,-0.32772672746272546,0.6243924767713352
12586,17,4,2062.67,5,3,4,534,12,Loyal Customers,3,0.8976173661343201,-0.6024142568248708
12587,8,1,144.0,5,1,1,511,7,New / Promising,3,-0.7324852643019788,-2.1150397548499984
12588,39,4,958.78,4,3,3,433,10,Loyal Customers,3,0.30627070589477734,-0.39114940848672514
12589,29,8,4695.66,4,4,5,445,13,Champions (Top Tier),0,1.5385268080002559,0.14066054029211836
12590,211,2,9864.26,2,2,5,225,9,Cant Lose Them (High Spend),2,0.3911066790112595,1.0392121185712653
12591,317,3,1352.15,2,3,4,234,9,Need Attention,2,-0.38498652191144134,0.7734751206178714
12592,92,5,2582.66,3,4,4,344,11,Loyal Customers,2,0.6033137795426717,0.43738062993941373
12593,109,3,418.1,3,3,2,332,8,Loyal Customers,1,-0.5516252251594768,-0.16290502481589578
12594,38,15,5090.11,4,5,5,455,14,Champions (Top Tier),0,1.9275937993946637,0.5201146673435162
12595,505,1,299.02,1,1,2,112,4,Hibernating / Churned,1,-1.719296618871683,0.32503247947117014
12596,51,2,618.27,4,2,3,423,9,New / Promising,3,-0.3588409904612486,-0.56458222314327
12597,19,4,3811.22,5,3,5,535,13,Loyal Customers,3,1.1305760491820123,-0.360584642125156
12598,10,11,4534.09,5,5,5,555,15,Champions (Top Tier),0,2.0672056294170456,-0.3178994278763934
12599,29,13,2296.72,4,5,4,454,13,Champions (Top Tier),0,1.5644439550062599,0.088373612093694
12600,29,21,5043.92,4,5,5,455,14,Champions (Top Tier),0,2.251370069580429,0.48924171141554296
12601,190,6,681.26,2,4,3,243,9,At Risk (High Frequency),2,-0.09123990071667254,0.49215383722991257
12602,59,1,153.12,4,1,1,411,6,New / Promising,1,-1.319522021101186,-1.0504023207176056
12603,22,1,739.2,4,1,3,413,8,New / Promising,3,-0.326643763865055,-1.1095353915057151
12604,79,2,254.18,3,2,1,321,6,Need Attention,1,-0.8839189626018417,-0.5923715819746008
12605,376,4,1232.95,2,3,3,233,8,Need Attention,2,-0.30996175501970424,0.9214216335233734
12606,682,1,21.0,1,1,1,111,3,Hibernating / Churned,1,-2.9531553114887306,-0.2916574926825019
12607,60,1,1579.51,3,1,4,314,8,Need Attention,3,-0.3120437130440475,-0.3444745157733843
12608,405,1,415.79,2,1,2,212,5,Hibernating / Churned,1,-1.505050196614172,0.3019930551618129
12609,78,9,3435.86,3,5,5,355,13,Loyal Customers,2,1.1698485844032842,0.6197916667290895
12610,23,5,2099.54,4,4,4,444,12,Champions (Top Tier),3,0.9513363934870682,-0.3717028633170408
12611,52,1,1193.32,4,1,3,413,8,New / Promising,3,-0.3884794598454878,-0.5058822461459609
12612,74,1,704.04,3,1,3,313,7,Need Attention,3,-0.7301056095319202,-0.47216128854908046
12613,57,10,6835.07,4,5,5,455,14,Champions (Top Tier),0,1.6416841228946724,0.6900906828021934
12614,278,1,315.6,2,1,2,212,5,Hibernating / Churned,1,-1.5033490205004278,0.012776183288188633
12615,2,8,5740.98,5,4,5,545,14,Champions (Top Tier),0,2.3706771574299244,-1.0692017823914715
12616,95,3,1131.1,3,3,3,333,9,Loyal Customers,2,-0.07522431035806769,0.05947664301541677
12617,29,1,355.53,4,1,2,412,7,New / Promising,3,-0.7304238564308714,-1.1816572503581295
12618,22,1,177.31,4,1,1,411,6,New / Promising,3,-0.9459704415800604,-1.5356246601374974
12619,16,10,3781.38,5,5,5,555,15,Champions (Top Tier),0,1.7810807270090283,-0.16397295609553988
12620,15,3,1339.41,5,3,4,534,12,Loyal Customers,3,0.5777662988735602,-0.8782284813377851
12621,2,35,24775.81,5,5,5,555,15,Champions (Top Tier),0,4.06418038178031,-0.12409303955568124
12622,232,1,180.1,2,1,1,211,4,Hibernating / Churned,1,-1.6881214064353587,-0.2538125091922808
12623,276,7,3747.84,2,4,5,245,11,At Risk (High Frequency),2,0.6317012029294703,1.256095021501164
12624,106,2,641.13,3,2,3,323,8,Need Attention,1,-0.5764478030193689,-0.1557326614406073
12625,212,4,5164.88,2,3,5,235,10,Need Attention,2,0.49770597263108085,1.0351272666952134
12626,23,9,6620.48,4,5,5,455,14,Champions (Top Tier),0,1.8405004715564977,0.15896468903436362
12627,11,7,4478.53,5,4,5,545,14,Champions (Top Tier),0,1.7244498548005815,-0.42201182681902627
12628,4,3,786.46,5,3,3,533,11,Loyal Customers,3,0.7225189130623609,-1.679005460557509
12629,386,2,1558.22,2,2,4,224,8,Cant Lose Them (High Spend),2,-0.6062391772945059,0.8189178140369415
12630,10,2,1270.88,5,2,4,524,11,New / Promising,3,0.4567009061583938,-1.2059062051417857
12631,57,6,3481.57,4,4,5,445,13,Champions (Top Tier),2,1.0034993060189652,0.3227560071738388
12632,521,2,804.88,1,2,3,123,6,Need Attention,1,-0.9901937756855836,0.7863978944115392
12633,59,7,5678.16,4,4,5,445,13,Champions (Top Tier),0,1.3071603385412174,0.5367223881121216
12634,536,2,490.0,1,2,2,122,5,Hibernating / Churned,1,-1.2149469403263602,0.6537003478156629
12635,90,4,2930.41,3,3,4,334,10,Loyal Customers,2,0.5262308439635276,0.3964540562865967
12636,739,1,141.0,1,1,1,111,3,Hibernating / Churned,1,-2.167703004669264,0.31077037088977455
12637,67,12,8340.31,3,5,5,355,13,Loyal Customers,0,1.8042406641062165,0.8985444817780723
12638,33,2,921.49,4,2,3,423,9,New / Promising,3,-0.048018350867739285,-0.6796311207937651
12639,239,3,1312.37,2,3,4,234,9,Need Attention,2,-0.3069535537874284,0.6093267361746271
12640,24,3,1174.58,4,3,3,433,10,Loyal Customers,3,0.37633383749562516,-0.6713522498502165
12641,115,1,185.9,3,1,1,311,5,Need Attention,1,-1.448832387104108,-0.6290612592905626
12642,25,3,1013.26,4,3,3,433,10,Loyal Customers,3,0.299426370309882,-0.6939039157042709
12643,128,12,8350.42,3,5,5,355,13,Loyal Customers,0,1.5976767746342955,1.252074367868766
12644,130,4,1918.49,3,3,4,334,10,Loyal Customers,2,0.22416087799198484,0.47065807334352855
12645,34,8,3539.3,4,4,5,445,13,Champions (Top Tier),0,1.365692467211341,0.1410766664175631
12646,5,2,1346.97,5,2,4,524,11,New / Promising,3,0.6780219114674385,-1.5228341134923906
12647,22,36,17924.35,4,5,5,455,14,Champions (Top Tier),0,3.2854579561303745,0.9125049445135092
12648,155,4,1112.0,3,3,3,333,9,Loyal Customers,2,-0.06946048472222065,0.4038489051886128
12649,107,8,2294.65,3,4,4,344,11,Loyal Customers,2,0.8127765574284528,0.6328909766989211
12650,3,1,314.44,5,1,2,512,8,New / Promising,3,-0.13203115826055933,-2.3296547427387613
12651,335,4,377.75,2,3,2,232,7,Need Attention,1,-0.78662636057243,0.5043598664367697
12652,331,2,1017.03,2,2,3,223,7,Need Attention,2,-0.7421535958477702,0.606752716850147
12653,149,3,4160.83,3,3,5,335,11,Loyal Customers,2,0.34688939903634386,0.6953451033583327
12654,11,5,601.98,5,4,2,542,11,Loyal Customers,3,0.6324786545003065,-1.1276204804531265
12655,424,1,261.35,1,1,1,111,3,Hibernating / Churned,1,-1.7212536787865356,0.18865073727622883
12656,17,8,6407.83,5,4,5,545,14,Champions (Top Tier),0,1.8389823677056294,-0.04804660028739877
12657,11,4,1643.18,5,3,4,534,12,Loyal Customers,3,0.9298801511871111,-0.894077928318642
12658,19,1,686.05,5,1,3,513,9,New / Promising,3,-0.313862283878263,-1.208928000968831
12659,30,1,91.68,4,1,1,411,6,New / Promising,3,-1.3272305910224296,-1.566871314567264
12660,11,1,245.1,5,1,1,511,7,New / Promising,3,-0.595356779183675,-1.7980097455208828
12661,436,1,162.0,1,1,1,111,3,Hibernating / Churned,1,-1.9373382321744275,0.061540518479920724
12662,1,20,6988.02,5,5,5,555,15,Champions (Top Tier),0,3.2335678588015977,-0.923867268610366
12663,625,2,239.4,1,2,1,121,4,Hibernating / Churned,1,-1.5752706485807197,0.5245080319155969
12664,8,11,6070.04,5,5,5,555,15,Champions (Top Tier),0,2.259021190192906,-0.3412666477829761
12665,325,3,313.6,2,3,2,232,7,Need Attention,1,-1.0277916314554778,0.35046562105066875
12666,394,1,1248.42,2,1,3,213,6,Need Attention,1,-1.0184858478914476,0.615481644634291
12667,58,1,620.13,4,1,3,413,8,New / Promising,3,-0.7076333397146277,-0.6424402602604266
12668,12,10,11444.68,5,5,5,555,15,Champions (Top Tier),0,2.349617758777203,0.019517420204785665
12669,151,3,2744.03,3,3,4,334,10,Loyal Customers,2,0.16153111932634265,0.5780736355442885
12670,10,7,3760.29,5,4,5,545,14,Champions (Top Tier),0,1.6765543369772693,-0.5223166258873083
12671,606,1,2622.48,1,1,4,114,6,Cant Lose Them (High Spend),2,-0.8346730431300197,1.074518212753551
12672,330,2,437.05,2,2,2,222,6,Hibernating / Churned,1,-1.1080981147830158,0.3526522436769752
12673,5,3,1230.02,5,3,3,533,11,Loyal Customers,3,0.8579500646388705,-1.444700052662216
12674,39,4,1970.6,4,3,4,434,11,Loyal Customers,3,0.6195011105577848,-0.1756506760108183
12675,554,2,958.5,1,2,3,123,6,Need Attention,1,-0.9341039649057554,0.8724381615720361
12676,25,11,2843.09,4,5,4,454,13,Champions (Top Tier),0,1.5859738796879734,0.016878547803855178
12677,555,2,395.1,1,2,2,122,5,Hibernating / Churned,1,-1.3196431847673131,0.6085853114936821
12678,42,21,34281.18,4,5,5,455,14,Champions (Top Tier),0,2.968702737525711,1.261426743739747
12679,59,4,1113.02,4,3,3,433,10,Loyal Customers,2,0.23997494765031546,-0.12290001120136615
12680,1,4,880.81,5,3,3,533,11,Loyal Customers,3,1.2383019012884062,-2.0688422630417413
12681,15,45,30868.28,5,5,5,555,15,Champions (Top Tier),0,3.805389124224992,0.9547434225208055
12682,4,52,24033.91,5,5,5,555,15,Champions (Top Tier),0,4.180732792763769,0.2901307639124631
12683,4,21,12696.78,5,5,5,555,15,Champions (Top Tier),0,3.232492364352285,-0.22271277932602634
12684,8,7,2283.63,5,4,4,544,13,Champions (Top Tier),0,1.5245314810079778,-0.782240520631446
12685,28,6,2863.08,4,4,4,444,12,Champions (Top Tier),0,1.1426077205725211,-0.11808643164109033
12686,372,1,178.28,2,1,1,211,4,Hibernating / Churned,1,-1.8447008700763363,0.0026955583932271395
12687,481,2,2138.91,1,2,4,124,7,Cant Lose Them (High Spend),2,-0.5394927622071237,1.0347628602546888
12688,114,1,4873.81,3,1,5,315,9,Need Attention,2,-0.027041341460999017,0.34241181234447376
12689,26,2,1247.61,4,2,3,423,9,New / Promising,3,0.1582493129194437,-0.7161638769624615
12690,206,1,389.01,2,1,2,212,5,Hibernating / Churned,1,-1.3160749505836251,-0.08943724033770203
12691,28,7,1170.4,4,4,3,443,11,Loyal Customers,3,0.8554485774050328,-0.336839506856011
12692,637,1,110.95,1,1,1,111,3,Hibernating / Churned,1,-2.223192039544232,0.15779016858422815
12693,127,7,1703.02,3,4,4,344,11,Loyal Customers,2,0.5383205849871033,0.5942748809646549
12694,70,3,1843.35,3,3,4,334,10,Loyal Customers,2,0.23469693734236616,0.039185057479987
12695,7,7,1407.12,5,4,4,544,13,Champions (Top Tier),3,1.352057206307925,-0.9920735456299172
12696,435,2,851.91,1,2,3,123,6,Need Attention,1,-0.9072901849057746,0.7040815889634813
12697,29,3,957.59,4,3,3,433,10,Loyal Customers,3,0.22858175019262622,-0.6318734875438503
12698,590,1,339.75,1,1,2,112,4,Hibernating / Churned,1,-1.7141291342680467,0.4487853830066251
12699,418,1,638.11,1,1,3,113,5,Need Attention,1,-1.329239150840287,0.44734601466010165
12700,8,4,4939.99,5,3,5,535,13,Loyal Customers,0,1.5016800427127122,-0.7233737831446961
12701,80,6,2446.41,3,4,4,344,11,Loyal Customers,2,0.7419942374177124,0.4013892182685653
12702,20,1,219.0,4,1,1,411,6,New / Promising,3,-0.8251306232116594,-1.5229072317529242
12703,71,4,1006.53,3,3,3,333,9,Loyal Customers,2,0.1372910788348077,-0.05241485930312579
12704,7,8,2340.84,5,4,4,544,13,Champions (Top Tier),0,1.6632207275175666,-0.7966886396696353
12705,15,14,11762.1,5,5,5,555,15,Champions (Top Tier),0,2.5309212105628163,0.2557595653913966
12707,292,1,603.42,2,1,2,212,5,Hibernating / Churned,1,-1.2378323622183691,0.23334774791561544
12708,30,18,5314.1,4,5,5,455,14,Champions (Top Tier),0,2.151649097123481,0.46928220143309013
12709,15,34,31093.34,5,5,5,555,15,Champions (Top Tier),0,3.6001074215540196,0.8568829740104377
12710,97,3,1149.02,3,3,3,333,9,Loyal Customers,2,-0.07505978806763751,0.07555069053100395
12711,612,2,1339.05,1,2,4,124,7,Cant Lose Them (High Spend),2,-0.8209047566930522,1.0272583638582187
12712,29,21,7193.66,4,5,5,455,14,Champions (Top Tier),0,2.4058136625515423,0.5954970366612099
12713,1,1,848.55,5,1,3,513,9,New / Promising,3,0.5232253063170117,-2.4153935616807938
12714,9,12,14093.71,5,5,5,555,15,Champions (Top Tier),0,2.65246943812916,-0.001724704270089458
12715,106,1,353.86,3,1,2,312,6,Need Attention,1,-1.1437448628317954,-0.4816800123336947
12716,4,2,1053.49,5,2,3,523,10,New / Promising,3,0.6301526609217285,-1.6968979918158051
12717,151,3,1308.91,3,3,4,334,10,Loyal Customers,2,-0.16037396301188958,0.3566068296763392
12718,71,1,238.25,3,1,1,311,5,Need Attention,1,-1.1871402081675135,-0.8181948209520422
12719,5,2,644.95,5,2,3,523,10,New / Promising,3,0.35794454599319964,-1.7430434722490382
12720,3,30,8260.67,5,5,5,555,15,Champions (Top Tier),0,3.3792204807084576,-0.34891963897070727
12721,32,8,4013.08,4,4,5,445,13,Champions (Top Tier),0,1.4393707139028837,0.1462194968509897
12722,85,4,997.63,3,3,3,333,9,Loyal Customers,2,0.07596386977098331,0.04293117656196657
12723,4,5,725.07,5,4,3,543,12,Loyal Customers,3,0.9964537581004771,-1.5548877676384096
12724,5,7,2317.52,5,4,4,544,13,Champions (Top Tier),0,1.6620761807359241,-1.0014715073430942
12725,371,4,2694.56,2,3,4,234,9,Need Attention,2,0.03434096082192165,1.1479628180315014
12726,28,11,4014.6,4,5,5,455,14,Champions (Top Tier),0,1.7007426309674147,0.1803664156616307
12727,11,10,5679.53,5,5,5,555,15,Champions (Top Tier),0,2.0706852479848328,-0.23434377044412763
12728,71,5,1070.17,3,4,3,343,10,Loyal Customers,2,0.3029988425378848,0.032656162232687046
12729,114,1,453.01,3,1,2,312,6,Need Attention,1,-1.059856903272521,-0.368152810816006
12730,522,1,829.25,1,1,3,113,5,Need Attention,1,-1.2871007459923862,0.6479571391330127
12731,24,17,25775.71,4,5,5,455,14,Champions (Top Tier),0,2.866979591734415,0.8034890830183635
12732,180,1,236.26,3,1,1,311,5,Need Attention,1,-1.4889181160952372,-0.3122488516369789
12733,234,4,2424.87,2,3,4,234,9,Need Attention,2,0.1370261466084285,0.8630702505167955
12734,353,3,639.65,2,3,3,233,8,Need Attention,2,-0.745003408135782,0.6088038520312714
12735,315,2,779.57,2,2,3,223,7,Need Attention,1,-0.8417426352174547,0.5000030040885626
12736,333,1,234.0,2,1,1,211,4,Hibernating / Churned,1,-1.6912272784382014,0.022796772164816948
12737,499,2,3710.5,1,2,5,125,8,Cant Lose Them (High Spend),2,-0.3117506985973404,1.219827291593778
12738,372,1,310.7,2,1,2,212,5,Hibernating / Churned,1,-1.6040477722477804,0.1682619809895547
12739,78,4,2726.73,3,3,4,334,10,Loyal Customers,2,0.5406334601451509,0.2968997696927023
12740,64,1,427.6,3,1,2,312,6,Need Attention,3,-0.9003880055805986,-0.7000841893938206
12741,529,2,406.07,1,2,2,122,5,Hibernating / Churned,1,-1.2922675267291017,0.5903480233054555
12742,626,1,1201.52,1,1,3,113,5,Need Attention,1,-1.184575278980452,0.8588834471079807
12743,134,2,546.43,3,2,2,322,7,Need Attention,1,-0.7210504188884492,-0.075287106134621
12744,52,11,25317.06,4,5,5,455,14,Champions (Top Tier),0,2.306890162589395,1.0641522997905755
12745,487,3,925.41,1,3,3,133,7,Need Attention,2,-0.6883477595753158,0.8962743851861229
12746,541,1,254.55,1,1,1,111,3,Hibernating / Churned,1,-1.811329754198475,0.31491639728943616
12747,2,26,9276.54,5,5,5,555,15,Champions (Top Tier),0,3.4173551097848462,-0.5234466748760154
12748,1,336,56599.39,5,5,5,555,15,Champions (Top Tier),0,6.260602051140157,0.7182220439903725
12749,4,9,6897.36,5,5,5,555,15,Champions (Top Tier),0,2.365654997693863,-0.6939604502394846
12750,129,1,275.88,3,1,1,311,5,Need Attention,1,-1.3146841592553034,-0.44856758897353693
12751,445,1,268.27,1,1,1,111,3,Hibernating / Churned,1,-1.7255244289756186,0.223045943349701
12752,81,1,4366.78,3,1,5,315,9,Need Attention,2,0.03455944010962984,0.1229905414212933
12753,23,6,21429.39,4,4,5,445,13,Champions (Top Tier),0,2.0794890231684358,0.3799892319475338
12754,236,3,3010.74,2,3,5,235,10,Need Attention,2,0.058217569547631604,0.8508231445769757
12755,281,11,9030.66,2,5,5,255,12,At Risk (High Frequency),2,1.3177489916556324,1.677589289033931
12756,87,1,112.08,3,1,1,311,5,Need Attention,1,-1.5781156026447922,-0.9318471594403174
12757,16,13,7857.1,5,5,5,555,15,Champions (Top Tier),0,2.2831612792507707,0.1431806568478858
12758,117,7,9903.24,3,4,5,345,12,Loyal Customers,2,1.3304023207012854,1.0762499809784336
12759,52,8,5020.74,4,4,5,445,13,Champions (Top Tier),0,1.3835863918810338,0.4745847990775393
12760,456,1,347.8,1,1,2,112,4,Hibernating / Churned,1,-1.6208063284872718,0.31395061422408427
12761,458,2,782.95,1,2,3,123,6,Need Attention,1,-0.9605999901069043,0.7071986678385495
12762,8,2,1898.52,5,2,4,524,11,New / Promising,3,0.6961256720367812,-1.1965188673775762
12763,138,2,814.16,3,2,3,323,8,Need Attention,2,-0.5572573082301941,0.06000288647370516
12764,317,1,1693.88,2,1,4,214,7,Cant Lose Them (High Spend),2,-0.8156784860935579,0.5871647582173704
12765,472,6,1404.58,1,4,4,144,9,At Risk (High Frequency),2,-0.07003804340131238,1.2086879389577487
12766,4,9,10068.28,5,5,5,555,15,Champions (Top Tier),0,2.530213998715946,-0.5807458465169852
12767,376,1,949.82,2,1,3,213,6,Need Attention,1,-1.1222325215907851,0.5080019195837296
12768,451,1,168.69,1,1,1,111,3,Hibernating / Churned,1,-1.9307522822719843,0.09219579064380268
12769,239,1,1143.6,2,1,3,213,6,Need Attention,1,-0.8954657708867513,0.3144379472983337
12770,211,2,3246.45,2,2,5,225,9,Cant Lose Them (High Spend),2,-0.09235968428524982,0.706593104152074
12771,486,1,282.3,1,1,1,111,3,Hibernating / Churned,1,-1.7318683912131283,0.2867574616106681
12772,60,1,892.47,3,1,3,313,7,Need Attention,3,-0.5602231406894568,-0.5152189623149686
12773,564,1,124.25,1,1,1,111,3,Hibernating / Churned,1,-2.1350471749077,0.12437303889584657
12774,536,1,98.7,1,1,1,111,3,Hibernating / Churned,1,-2.217875645726751,0.028043690121405822
12775,17,7,1686.12,5,4,4,544,13,Champions (Top Tier),3,1.1684343832873236,-0.4906836731512209
12776,668,1,55.5,1,1,1,111,3,Hibernating / Churned,1,-2.53606692216066,-0.020737417492549887
12777,458,1,519.45,1,1,2,112,4,Hibernating / Churned,1,-1.448091877797108,0.4361563107817506
12778,20,9,1775.68,4,5,4,454,13,Champions (Top Tier),0,1.311276151802381,-0.30849845178085805
12779,38,14,6722.27,4,5,5,455,14,Champions (Top Tier),0,1.9993632734482882,0.5797332793787906
12780,599,1,337.4,1,1,2,112,4,Hibernating / Churned,1,-1.7220283890913357,0.4550498682043204
12781,64,2,826.74,3,2,3,323,8,Need Attention,3,-0.3047623290261725,-0.3546470925826621
12782,5,11,4618.24,5,5,5,555,15,Champions (Top Tier),0,2.271244981749707,-0.6467169045960263
12783,2,6,2225.91,5,4,4,544,13,Champions (Top Tier),0,1.766871704049328,-1.4447297450689398
12784,9,3,1804.75,5,3,4,534,12,Loyal Customers,3,0.8594389238545772,-1.0482588013865428
12785,364,3,1100.4,2,3,3,233,8,Need Attention,2,-0.5191370990682703,0.7878841540286134
12786,610,1,728.5,1,1,3,113,5,Need Attention,1,-1.3936868461208298,0.6950077223984867
12787,10,4,862.18,5,3,3,533,11,Loyal Customers,3,0.6776517672056506,-1.1349612695869509
12788,463,4,444.9,1,3,2,132,6,Need Attention,1,-0.820002462750545,0.7312480657269406
12789,65,3,273.35,3,3,1,331,7,Loyal Customers,3,-0.5707671391239085,-0.5714913643909344
12790,192,2,591.85,2,2,2,222,6,Hibernating / Churned,1,-0.8019669017281977,0.14570937826483993
12791,374,6,1056.11,2,4,3,243,9,At Risk (High Frequency),2,-0.11891476205729093,0.9953450345990361
12792,257,2,827.01,2,2,3,223,7,Need Attention,1,-0.7504860099552814,0.4058176589808427
12793,335,3,1017.33,2,3,3,233,8,Need Attention,2,-0.5264819958988989,0.7187482975000975
12794,53,2,860.41,4,2,3,423,9,New / Promising,3,-0.22744990744187638,-0.4449729320660643
12795,19,1,430.48,5,1,2,512,8,New / Promising,3,-0.516266871284281,-1.3481799106939825
12796,628,1,381.0,1,1,2,112,4,Hibernating / Churned,1,-1.6845633921146292,0.5173628750246402
12797,366,2,806.11,2,2,3,223,7,Need Attention,1,-0.8755854926606057,0.5925362255081391
12798,10,4,8510.93,5,3,5,535,13,Loyal Customers,0,1.6734327636988189,-0.44987597973859855
12799,529,1,219.35,1,1,1,111,3,Hibernating / Churned,1,-1.8685714891378133,0.25820403229015004
12800,470,3,584.25,1,3,2,132,6,Need Attention,1,-0.8767138955389154,0.739234170213824
12801,501,1,1071.82,1,1,3,113,5,Need Attention,1,-1.1623206722440025,0.7020817204823419
12802,187,7,2416.42,3,4,4,344,11,Loyal Customers,2,0.5661527725213481,0.9109862664436954
12803,393,1,1092.81,2,1,3,213,6,Need Attention,1,-1.0755403471153488,0.574266672457142
12804,466,2,327.02,1,2,2,122,5,Hibernating / Churned,1,-1.3452824574443691,0.45591704475368156
12805,382,4,1434.95,2,3,4,234,9,Need Attention,2,-0.24910398767806163,0.9755135199676753
12806,435,4,2878.96,1,3,4,134,8,Need Attention,2,0.011788733926528709,1.2553301901870524
12807,383,1,330.35,2,1,2,212,5,Hibernating / Churned,1,-1.5868481509573413,0.2025929078978484
12808,37,5,906.1,4,4,3,443,11,Loyal Customers,3,0.43735572446912496,-0.36960323274867335
12809,178,3,1755.94,3,3,4,334,10,Loyal Customers,2,-0.0855023861739724,0.5346827916496483
12810,535,2,534.99,1,2,2,122,5,Hibernating / Churned,1,-1.1761978664441133,0.6789164195190457
12811,261,5,1033.9,2,4,3,243,9,At Risk (High Frequency),2,-0.12975094410324212,0.7347844470147828
12812,45,1,229.64,4,1,1,411,6,New / Promising,3,-1.058184554712715,-1.076279267009226
12813,502,3,1687.8,1,3,4,134,8,Need Attention,2,-0.4368778919316419,1.0927175284760986
12814,102,1,125.92,3,1,1,311,5,Need Attention,1,-1.5787824461813609,-0.8104727193438753
12815,148,2,1063.46,3,2,3,323,8,Need Attention,2,-0.4636237628072168,0.17819840514788962
12816,96,2,572.2,3,2,2,322,7,Need Attention,3,-0.5941227628267783,-0.24384332064256078
12817,281,3,690.98,2,3,3,233,8,Need Attention,2,-0.6379245505760293,0.5064562024701951
12818,262,1,1542.08,2,1,4,214,7,Cant Lose Them (High Spend),2,-0.7950873595659178,0.45433656535503625
12819,458,1,540.52,1,1,2,112,4,Hibernating / Churned,1,-1.4308242341415007,0.4480362409074113
12820,3,11,2689.52,5,5,4,554,14,Champions (Top Tier),0,2.167210544137137,-1.0321514178954385
12821,214,2,220.8,2,2,1,221,5,Hibernating / Churned,1,-1.2646598818728985,-0.08905816274702796
12822,71,2,948.88,3,2,3,323,8,Need Attention,3,-0.27795560773163386,-0.25703297441341005
12823,75,18,6501.5,3,5,5,355,13,Loyal Customers,0,1.9493507302601438,1.0242514144507415
12824,60,1,397.12,3,1,2,312,6,Need Attention,3,-0.9119440873570382,-0.7571987224651212
12825,521,2,518.63,1,2,2,122,5,Hibernating / Churned,1,-1.181125486001238,0.6550391854549569
12826,3,12,2955.75,5,5,4,554,14,Champions (Top Tier),0,2.2693144195164185,-0.9746077377724162
12827,6,3,430.15,5,3,2,532,10,Loyal Customers,3,0.3516070094660096,-1.6737338910021695
12828,3,6,1018.71,5,4,3,543,12,Loyal Customers,3,1.333969090751738,-1.5198742416363185
12829,337,3,385.3,2,3,2,232,7,Need Attention,1,-0.9501506438397483,0.43186331411392814
12830,38,6,6814.64,4,4,5,445,13,Champions (Top Tier),0,1.424011726788677,0.3048478468822218
12831,262,3,451.11,2,3,2,232,7,Need Attention,1,-0.8005589260480026,0.34057169045066976
12832,32,2,383.03,4,2,2,422,8,New / Promising,3,-0.41966971391546337,-0.9584311749750308
12833,145,1,417.38,3,1,2,312,6,Need Attention,1,-1.1726110691041254,-0.26097454748179266
12834,283,1,312.38,2,1,2,212,5,Hibernating / Churned,1,-1.513541770801803,0.019513153392238504
12835,428,41,6043.31,1,5,5,155,11,At Risk (High Frequency),0,1.9627992427445886,2.2473288255299786
12836,59,15,6585.62,4,5,5,455,14,Champions (Top Tier),0,1.9003263757714288,0.8348129489889854
12837,173,2,688.41,3,2,3,323,8,Need Attention,1,-0.702793709085274,0.13371824218475845
12838,34,10,3398.48,4,5,5,455,14,Champions (Top Tier),0,1.5010847234969056,0.20237902869242522
12839,3,26,10071.73,5,5,5,555,15,Champions (Top Tier),0,3.36009234953674,-0.3401554928039262
12840,144,7,4041.97,3,4,5,345,12,Loyal Customers,2,0.8739141592331204,0.9216889487038165
12841,5,40,7540.68,5,5,5,555,15,Champions (Top Tier),0,3.421650077119689,-0.050237841190123665
12842,70,4,1917.99,3,3,4,334,10,Loyal Customers,2,0.4221513498886973,0.1327391751370506
12843,66,30,6588.41,3,5,5,355,13,Loyal Customers,0,2.3692737603394582,1.137898590800907
12844,29,4,648.6,4,3,3,433,10,Loyal Customers,3,0.2294724984218282,-0.6666729159917891
12845,267,4,354.09,2,3,2,232,7,Need Attention,1,-0.741558475497942,0.36032913418662244
12846,682,1,15.58,1,1,1,111,3,Hibernating / Churned,1,-3.076222639456484,-0.37632632684239253
12847,22,2,1636.9,4,2,4,424,10,New / Promising,3,0.3281886924462582,-0.7233647458383519
12848,676,1,208.0,1,1,1,111,3,Hibernating / Churned,1,-1.9707538394680284,0.3773927352929706
12849,31,6,3090.56,4,4,5,445,13,Champions (Top Tier),0,1.1440241412323577,-0.04091203110720993
12850,446,1,330.0,1,1,2,112,4,Hibernating / Churned,1,-1.6364415261330696,0.2860675533245321
12851,97,2,284.13,3,2,1,321,6,Need Attention,1,-0.9012690292353953,-0.4472169474137436
12852,295,1,311.55,2,1,2,212,5,Hibernating / Churned,1,-1.5280807311468851,0.04154575234044782
12853,135,11,3907.5,3,5,5,355,13,Loyal Customers,2,1.189171711552227,1.0246343752922566
12854,79,7,2994.02,3,4,5,345,12,Loyal Customers,2,0.9357137770933305,0.5038589124144536
12855,373,4,650.94,2,3,3,233,8,Need Attention,2,-0.5849846695353328,0.7260248117965961
12856,8,6,2179.93,5,4,4,544,13,Champions (Top Tier),3,1.4024745169386454,-0.8450231811096648
12857,211,6,3688.0,2,4,5,245,11,At Risk (High Frequency),2,0.6093488457288345,1.0548963098634394
12858,383,1,177.92,2,1,1,211,4,Hibernating / Churned,1,-1.8549755374984656,0.01812450674166346
12859,459,1,575.1,1,1,2,112,4,Hibernating / Churned,1,-1.4045945694469666,0.4677665349311186
12860,693,1,55.47,1,1,1,111,3,Hibernating / Churned,1,-2.5481638189324944,-0.0006607792626727534
12861,620,1,68.25,1,1,1,111,3,Hibernating / Churned,1,-2.4234507225362214,-0.0008909625659464963
12862,426,2,1008.32,1,2,3,123,6,Need Attention,2,-0.8272819994281562,0.742980435819263
12863,52,6,2792.55,4,4,4,444,12,Champions (Top Tier),2,0.936734449482428,0.2070389549005131
12864,138,2,299.57,3,2,2,322,7,Need Attention,1,-0.991362919777214,-0.2386565273520603
12865,26,4,3323.47,4,3,5,435,12,Loyal Customers,3,0.9739480793374519,-0.23603957107163442
12866,283,3,1227.35,2,3,3,233,8,Need Attention,2,-0.3905166916113399,0.6821403308730319
12867,26,13,7913.29,4,5,5,455,14,Champions (Top Tier),0,2.13663716877287,0.40047877074628496
12868,186,8,2247.06,3,4,4,344,11,Loyal Customers,2,0.6261084629860396,0.9294148156343097
12869,682,1,337.67,1,1,2,112,4,Hibernating / Churned,1,-1.7635860740266265,0.5267517646857675
12870,375,3,1676.95,2,3,4,234,9,Need Attention,2,-0.34556513614024126,0.9302832149349567
12871,84,3,744.02,3,3,3,333,9,Loyal Customers,2,-0.2179202850737067,-0.13289891998727268
12872,327,12,3685.49,2,5,5,255,12,At Risk (High Frequency),2,0.9400457644792237,1.52199915341768
12873,282,3,2027.3,2,3,4,234,9,Need Attention,2,-0.17115944091376198,0.8303250447641846
12874,385,2,948.42,2,2,3,223,7,Need Attention,2,-0.8212533444002031,0.6689878854781047
12875,143,5,1356.99,3,4,4,344,11,Loyal Customers,2,0.18204770101796344,0.48599058543264756
12876,58,4,4081.79,4,3,5,435,12,Loyal Customers,2,0.8105272023770258,0.2566230873361861
12877,4,20,2955.17,5,5,4,554,14,Champions (Top Tier),0,2.562831927021072,-0.6760484708801671
12878,236,2,854.99,2,2,3,223,7,Need Attention,2,-0.7085673195968832,0.36893874257794756
12879,45,3,573.22,4,3,2,432,9,Loyal Customers,3,-0.1326343775739468,-0.5495124353136001
12880,382,2,640.13,2,2,3,223,7,Need Attention,1,-0.9895602486384085,0.5471551483956518
12881,276,1,298.0,2,1,2,212,5,Hibernating / Churned,1,-1.5259082720563382,-0.008313212243500933
12882,9,2,1463.04,5,2,4,524,11,New / Promising,3,0.5487474670907153,-1.2163564345871836
12883,25,4,703.47,4,3,3,433,10,Loyal Customers,3,0.3110371641076592,-0.7213280823713577
12884,88,1,309.05,3,1,2,312,6,Need Attention,1,-1.1429069905957379,-0.6236822004498722
12885,63,3,1175.22,3,3,3,333,9,Loyal Customers,2,0.07254823351740479,-0.15271771054395403
12886,68,2,1378.4,3,2,4,324,9,Need Attention,3,-0.10186698479067957,-0.1688304294893067
12887,384,1,222.4,2,1,1,211,4,Hibernating / Churned,1,-1.7592125233763949,0.08602150099971685
12888,214,2,354.12,2,2,2,222,6,Hibernating / Churned,1,-1.0598649268606555,0.05183829099947145
12889,381,4,385.46,2,3,2,232,7,Need Attention,1,-0.8193566855106124,0.5811628318094191
12890,24,2,717.27,4,2,3,423,9,New / Promising,3,-0.057446613211165544,-0.9241336231397976
12891,186,11,840.5,3,5,3,353,11,Loyal Customers,2,0.41797531668959376,0.7405673928238662
12892,397,1,263.38,2,1,1,211,4,Hibernating / Churned,1,-1.6966711644160428,0.15475517535336158
12893,31,1,188.14,4,1,1,411,6,New / Promising,3,-1.0271235990410519,-1.3358254832679044
12894,575,1,157.35,1,1,1,111,3,Hibernating / Churned,1,-2.0392531127461613,0.20520383994350883
12895,42,2,372.8,4,2,2,422,8,New / Promising,3,-0.517025794903615,-0.8205193058163479
12897,205,4,514.25,2,3,2,232,7,Need Attention,2,-0.4944805057057254,0.32664850093548126
12898,464,2,310.96,1,2,2,122,5,Hibernating / Churned,1,-1.3657364490651651,0.438522733790147
12899,414,1,366.4,1,1,2,112,4,Hibernating / Churned,1,-1.567021755085883,0.27632922787288633
12900,422,1,340.33,1,1,2,112,4,Hibernating / Churned,1,-1.605221459476744,0.2648282015623717
12901,9,28,17654.54,5,5,5,555,15,Champions (Top Tier),0,3.3624311721538755,0.359390264564269
12902,265,1,138.68,2,1,1,211,4,Hibernating / Churned,1,-1.8439563084962542,-0.25849283046456856
12903,429,1,833.53,1,1,3,113,5,Need Attention,1,-1.2215379883991977,0.5415026949114078
12904,18,2,509.58,5,2,2,522,9,New / Promising,3,-0.11718717352920663,-1.177668887323095
12905,577,2,1018.42,1,2,3,123,6,Need Attention,1,-0.920879653135853,0.9129681953376454
12906,12,5,2919.81,5,4,4,544,13,Champions (Top Tier),3,1.293069538900906,-0.6111829417645782
12907,396,2,508.91,2,2,2,222,6,Hibernating / Churned,1,-1.1008097594223845,0.4984070929859734
12908,176,5,1776.0,3,4,4,344,11,Loyal Customers,2,0.23232196256295995,0.6802983782499391
12909,40,8,3103.19,4,4,5,445,13,Champions (Top Tier),0,1.2573204896897037,0.18899517540694766
12910,23,13,5796.52,4,5,5,455,14,Champions (Top Tier),0,2.039309334156735,0.24234558825059868
12911,552,1,1680.47,1,1,4,114,6,Cant Lose Them (High Spend),1,-0.9980882816178709,0.8899693998070911
12912,3,5,1662.3,5,4,4,544,13,Champions (Top Tier),3,1.4292878110855332,-1.4298328358619
12913,5,13,6700.86,5,5,5,555,15,Champions (Top Tier),0,2.5507429703190625,-0.4788889449545308
12914,401,1,223.98,2,1,1,211,4,Hibernating / Churned,1,-1.7701208869181926,0.1119634605085188
12915,149,4,1174.75,3,3,3,333,9,Loyal Customers,2,-0.03291123925636077,0.3986346022984344
12916,139,7,4654.02,3,4,5,345,12,Loyal Customers,2,0.946598840237191,0.9445318455367067
12917,128,6,4359.2,3,4,5,345,12,Loyal Customers,2,0.8427514325948162,0.8309346341836095
12918,626,1,10953.5,1,1,5,115,7,Cant Lose Them (High Spend),2,-0.22328493303203828,1.520239586260823
12919,8,6,1335.19,5,4,4,544,13,Champions (Top Tier),3,1.1893040460947482,-0.9916818885157195
12920,17,4,488.09,5,3,2,532,10,Loyal Customers,3,0.2711993964012006,-1.033382248654563
12921,9,74,35921.04,5,5,5,555,15,Champions (Top Tier),0,4.396203910324601,0.9198205770602865
12922,161,1,405.38,3,1,2,312,6,Need Attention,1,-1.21890617388192,-0.21232926609995975
12923,64,3,789.87,3,3,3,333,9,Loyal Customers,3,-0.10517128299152041,-0.2629851991227262
12924,88,12,2469.4,3,5,4,354,12,Loyal Customers,2,1.1877446439790822,0.6827282260521986
12925,5,3,729.33,5,3,3,533,11,Loyal Customers,3,0.6307810671904541,-1.6009895771757274
12926,411,4,1548.46,1,3,4,134,8,Need Attention,2,-0.2396075978079631,1.038545327649899
12927,395,1,197.31,2,1,1,211,4,Hibernating / Churned,1,-1.8201587867173699,0.06589755740744291
12928,35,12,4304.89,4,5,5,455,14,Champions (Top Tier),0,1.7222286225753305,0.349818695051922
12929,312,1,117.85,2,1,1,211,4,Hibernating / Churned,1,-1.966845768023466,-0.21709209456883413
12930,78,2,415.8,3,2,2,322,7,Need Attention,3,-0.6663720498386241,-0.45243884615127455
12931,22,57,92347.34,4,5,5,455,14,Champions (Top Tier),0,4.341603110061141,1.5677816794259372
12932,539,8,1698.56,1,4,4,144,9,At Risk (High Frequency),2,0.16143035688859222,1.4305970218257178
12933,24,8,1687.03,4,4,4,444,12,Champions (Top Tier),0,1.1522561936435083,-0.26621938616638746
12934,737,1,181.65,1,1,1,111,3,Hibernating / Churned,1,-2.0572923915513566,0.3846366135328203
12935,2,15,4243.86,5,5,5,555,15,Champions (Top Tier),0,2.6780676948883824,-0.9490294755838572
12936,17,4,1063.9,5,3,3,533,11,Loyal Customers,3,0.6097498816789428,-0.8004636067527704
12937,15,9,3097.61,5,5,5,555,15,Champions (Top Tier),0,1.6412348455297106,-0.2919877308600907
12938,26,1,114.14,4,1,1,411,6,New / Promising,3,-1.188133214784042,-1.5781126131666283
12939,64,20,25264.8,3,5,5,355,13,Loyal Customers,0,2.666803701433121,1.3809439654857707
12940,55,2,913.54,4,2,3,423,9,New / Promising,3,-0.21317084500349082,-0.40699785476529443
12941,724,1,377.49,1,1,2,112,4,Hibernating / Churned,1,-1.7345193263877146,0.5929436030823212
12942,131,3,942.65,3,3,3,333,9,Loyal Customers,2,-0.257441771353685,0.18062004821646613
12943,558,2,496.5,1,2,2,122,5,Hibernating / Churned,1,-1.2222106754275943,0.6797831320139787
12944,36,2,604.51,4,2,2,422,8,New / Promising,3,-0.2585478389226936,-0.7590191717886895
12945,288,2,900.11,2,2,3,223,7,Need Attention,2,-0.7503734007409597,0.4937270894602757
12946,437,1,324.45,1,1,2,112,4,Hibernating / Churned,1,-1.6372205701898601,0.2697871557021202
12947,144,6,1908.03,3,4,4,344,11,Loyal Customers,2,0.4455732230071972,0.6481866173544311
12948,16,9,2317.43,5,5,4,554,14,Champions (Top Tier),0,1.4954193385299568,-0.34537908183848537
12949,31,22,15526.7,4,5,5,455,14,Champions (Top Tier),0,2.7535640380333546,0.8776483263094284
12950,2,3,1843.0,5,3,4,534,12,Loyal Customers,3,1.2579548326608077,-1.7060489536754422
12951,9,15,3213.72,5,5,5,555,15,Champions (Top Tier),0,2.1677266216468163,-0.3681736848255729
12952,6,4,1387.79,5,3,4,534,12,Loyal Customers,3,1.0307558636650294,-1.241899940467449
12953,10,2,828.81,5,2,3,523,10,New / Promising,3,0.27088741421105744,-1.3337436417235036
12954,639,1,162.45,1,1,1,111,3,Hibernating / Churned,1,-2.0595368598272006,0.27280572358827215
12955,1,11,4757.16,5,5,5,555,15,Champions (Top Tier),0,2.6394568479288125,-1.243799015463233
12956,306,4,521.89,2,3,2,232,7,Need Attention,2,-0.6171138680739804,0.5511118340394812
12957,10,13,8706.97,5,5,5,555,15,Champions (Top Tier),0,2.46863686949801,-0.06618286496955521
12958,400,2,539.49,2,2,2,222,6,Hibernating / Churned,1,-1.078710824420944,0.5213711004745301
12959,484,1,150.95,1,1,1,111,3,Hibernating / Churned,1,-2.0015880345615162,0.0980081120012427
12960,414,4,1322.07,1,3,4,134,8,Need Attention,2,-0.31067963213972477,0.9952646676267031
12961,379,1,211.99,2,1,1,211,4,Hibernating / Churned,1,-1.7757472964324934,0.06452701595619564
12962,7,2,266.39,5,2,1,521,8,New / Promising,3,-0.11886758884399415,-1.848397188913005
12963,8,12,3601.59,5,5,5,555,15,Champions (Top Tier),0,2.092999131282795,-0.4681903696845001
12964,437,1,132.24,1,1,1,111,3,Hibernating / Churned,1,-2.025793814877725,0.002453459937896001
12965,89,1,771.91,3,1,3,313,7,Need Attention,1,-0.7490834322263464,-0.3440873886521591
12966,10,1,160.18,5,1,1,511,7,New / Promising,3,-0.7513584421155506,-1.972690265773754
12967,358,3,4306.92,2,3,5,235,10,Need Attention,2,0.07965129484895014,1.1870130788654156
12968,112,1,135.95,3,1,1,311,5,Need Attention,1,-1.5756570850838594,-0.7365976989546215
12969,603,1,122.45,1,1,1,111,3,Hibernating / Churned,1,-2.1629337070879036,0.15685570759177578
12970,7,10,1524.97,5,5,4,554,14,Champions (Top Tier),0,1.6299151888915981,-0.851448321288717
12971,4,116,15972.79,5,5,5,555,15,Champions (Top Tier),0,4.6069402998227185,0.45768693317051634
12972,414,4,1161.2,1,3,3,133,7,Need Attention,2,-0.3670866230590043,0.9564573396504726
12973,414,1,385.55,1,1,2,112,4,Hibernating / Churned,1,-1.5449140609714627,0.29153905421381326
12974,198,2,408.95,2,2,2,222,6,Hibernating / Churned,1,-0.9723812958690337,0.05216433446416979
12975,437,6,2100.09,1,4,4,144,9,At Risk (High Frequency),2,0.12974058745630074,1.28662512431054
12976,212,8,3156.38,2,4,5,245,11,At Risk (High Frequency),2,0.7317979445979574,1.1028996274850433
12977,156,4,517.63,3,3,2,332,8,Loyal Customers,2,-0.4037833590928468,0.1787849863202946
12978,385,5,2502.82,2,4,4,244,10,At Risk (High Frequency),2,0.12934451860662438,1.2129872223062663
12979,729,1,517.7,1,1,2,112,4,Hibernating / Churned,1,-1.5996250164360888,0.6910693764080084
12980,158,21,16245.78,3,5,5,355,13,Loyal Customers,0,2.2208515882908393,1.759174181829004
12981,30,2,372.22,4,2,2,422,8,New / Promising,3,-0.41187240797605557,-1.0014621178110557
12982,243,8,2744.81,2,4,4,244,10,At Risk (High Frequency),2,0.6270826128472307,1.1360348965160985
12983,598,1,490.08,1,1,2,112,4,Hibernating / Churned,1,-1.5594652869926484,0.5656001176319313
12984,19,1,97.5,5,1,1,511,7,New / Promising,3,-1.1589881727806295,-1.7903643977227595
12985,1,2,1239.38,5,2,3,523,10,New / Promising,3,0.997148385678824,-2.153686380751366
12986,429,10,2729.84,1,5,4,154,10,At Risk (High Frequency),2,0.594498234049437,1.5203749501340291
12987,74,5,1312.21,3,4,4,344,11,Loyal Customers,2,0.3784368095774983,0.11615582435418252
12988,292,1,535.32,2,1,2,212,5,Hibernating / Churned,1,-1.2898440511887435,0.197564334555391
12989,3,33,13551.75,5,5,5,555,15,Champions (Top Tier),0,3.665034777866001,-0.16694224255515783
12990,31,7,955.5,4,4,3,443,11,Loyal Customers,3,0.7354260767939098,-0.34321361635674374
12991,23,3,764.82,4,3,3,433,10,Loyal Customers,3,0.20306398544144494,-0.822159066393869
12992,725,1,93.35,1,1,1,111,3,Hibernating / Churned,1,-2.3394032001100173,0.17785776191719171
12993,23,8,1259.63,4,4,4,444,12,Champions (Top Tier),3,1.0384299984248713,-0.3761296852867899
12994,4,3,974.42,5,3,3,533,11,Loyal Customers,3,0.815655503656394,-1.6149286119459094
12995,85,1,211.32,3,1,1,311,5,Need Attention,1,-1.296564645953164,-0.7559390971092085
12996,376,1,355.5,2,1,2,212,5,Hibernating / Churned,1,-1.5490661361876954,0.2143455517649547
12997,22,8,2110.91,4,4,4,444,12,Champions (Top Tier),0,1.2767007059518538,-0.24514661774574803
12998,493,3,920.08,1,3,3,133,7,Need Attention,2,-0.694810613623043,0.9012872925753933
12999,196,3,455.88,2,3,2,232,7,Need Attention,1,-0.702538461710344,0.18433961128204157
13000,107,4,1032.5,3,3,3,333,9,Loyal Customers,2,0.01722639575850484,0.17884216758856053
13001,4,33,24172.1,5,5,5,555,15,Champions (Top Tier),0,3.844638209087151,0.1293524124339029
13002,318,3,414.13,2,3,2,232,7,Need Attention,1,-0.9001211920086887,0.4214990701251411
13003,106,3,149.05,3,3,1,331,7,Loyal Customers,1,-0.9895959065428133,-0.4856278968621938
13004,12,36,11650.85,5,5,5,555,15,Champions (Top Tier),0,3.282564999935943,0.4688705728862472
13005,174,4,999.68,3,3,3,333,9,Loyal Customers,2,-0.152917916179338,0.43539552264978126
13006,56,1,81.57,4,1,1,411,6,New / Promising,1,-1.5744748325380422,-1.2655115890646926
13007,580,1,175.25,1,1,1,111,3,Hibernating / Churned,1,-1.9954506798993132,0.2420297820237491
13008,323,3,612.13,2,3,2,232,7,Need Attention,2,-0.7354668109585728,0.5468180157523105
13009,673,1,234.0,1,1,1,111,3,Hibernating / Churned,1,-1.9183008758164288,0.41004195139485305
13010,374,2,330.12,2,2,2,222,6,Hibernating / Churned,1,-1.270229124128084,0.3377184506982646
13011,372,1,101.1,2,1,1,211,4,Hibernating / Churned,1,-2.0896631350345,-0.16583551910451863
13012,9,11,2972.83,5,5,5,555,15,Champions (Top Tier),0,1.9144196922924173,-0.4967914567599596
13013,1,29,12625.77,5,5,5,555,15,Champions (Top Tier),0,3.762961161001331,-0.6162543833273514
13014,11,11,5381.08,5,5,5,555,15,Champions (Top Tier),0,2.1135668987998115,-0.2186501731911561
13015,53,11,6586.42,4,5,5,455,14,Champions (Top Tier),0,1.7150387020824376,0.671434746349538
13016,73,3,789.89,3,3,3,333,9,Loyal Customers,3,-0.14710140833185856,-0.1914523617121516
13017,7,1,204.0,5,1,1,511,7,New / Promising,3,-0.5437247881605354,-2.0763476374174736
13018,16,35,9763.16,5,5,5,555,15,Champions (Top Tier),0,3.0980009941297566,0.553897137423436
13019,379,6,1229.95,2,4,3,243,9,At Risk (High Frequency),2,-0.056955018621439195,1.0482253774424475
13020,563,2,618.96,1,2,3,123,6,Need Attention,1,-1.1293418226937821,0.7505687393522613
13021,4,17,4887.24,5,5,5,555,15,Champions (Top Tier),0,2.664090915152506,-0.5819202326594031
13022,430,1,65.3,1,1,1,111,3,Hibernating / Churned,1,-2.3242697774586087,-0.21536536497171707
13023,64,3,1449.03,3,3,4,334,10,Loyal Customers,2,0.1585917767112697,-0.08151940208086238
13024,471,2,555.87,1,2,2,122,5,Hibernating / Churned,1,-1.1184445275892174,0.6202224783417147
13025,732,1,323.39,1,1,2,112,4,Hibernating / Churned,1,-1.8051805404639247,0.552824268496786
13026,1,9,1733.08,5,5,4,554,14,Champions (Top Tier),0,2.0612113674001513,-1.6126909999418468
13027,114,19,17335.2,3,5,5,355,13,Loyal Customers,0,2.2811780136452002,1.5650250674691228
13028,23,2,661.32,4,2,3,423,9,New / Promising,3,-0.07952930102653655,-0.970925498046024
13029,31,5,1927.3,4,4,4,444,12,Champions (Top Tier),3,0.8210669695904749,-0.23863938342306604
13030,11,2,1227.22,5,2,3,523,10,New / Promising,3,0.41336092388769996,-1.1683703273990578
13031,407,5,3419.27,2,4,5,245,11,At Risk (High Frequency),2,0.2471271036626389,1.3369269989237937
13032,52,9,2843.55,4,5,4,454,13,Champions (Top Tier),0,1.216644305473501,0.3430102446317509
13033,357,2,220.55,2,2,1,221,5,Hibernating / Churned,1,-1.4300636682005832,0.1918425614382072
13034,55,3,922.68,4,3,3,433,10,Loyal Customers,3,0.010572853318000638,-0.29871922845867044
13035,74,3,1364.2,3,3,4,334,10,Loyal Customers,2,0.08607974780065307,-0.02063613101674916
13036,685,1,307.1,1,1,2,112,4,Hibernating / Churned,1,-1.8061652533132697,0.5008503917166452
13037,138,12,3914.95,3,5,5,355,13,Loyal Customers,2,1.243992480755235,1.066537411438804
13038,80,3,908.46,3,3,3,333,9,Loyal Customers,2,-0.11555322526362909,-0.09978362334255504
13039,584,4,1010.73,1,3,3,133,7,Need Attention,2,-0.5384579976364572,1.104321374398857
13040,9,2,676.99,5,2,3,523,10,New / Promising,3,0.21379406976734594,-1.446800323453409
13041,451,4,799.13,1,3,3,133,7,Need Attention,2,-0.557131130522813,0.8918177846937947
13042,598,3,1556.54,1,3,4,134,8,Need Attention,2,-0.5285756728058191,1.164839208806982
13043,273,1,516.42,2,1,2,212,5,Hibernating / Churned,1,-1.2837699917134398,0.1498457945746367
13044,291,11,4853.9,2,5,5,255,12,At Risk (High Frequency),2,1.0363884189893973,1.5109905713153233
13045,99,3,808.92,3,3,3,333,9,Loyal Customers,2,-0.23414120106285843,-0.018257004406664074
13046,31,3,949.25,4,3,3,433,10,Loyal Customers,3,0.2039062439489534,-0.5988923337177596
13047,32,24,8795.16,4,5,5,455,14,Champions (Top Tier),0,2.559932857954844,0.7550195354801218
13048,14,9,4084.21,5,5,5,555,15,Champions (Top Tier),0,1.7823796908545468,-0.24483938713213532
13049,64,4,1408.24,3,3,4,334,10,Loyal Customers,2,0.3163695286663708,-0.00838246821669463
13050,15,35,12344.53,5,5,5,555,15,Champions (Top Tier),0,3.219673464004594,0.5906783706703302
13051,579,2,155.8,1,2,1,121,4,Hibernating / Churned,1,-1.7365207215876461,0.35449083275766813
13052,212,7,3168.53,2,4,5,245,11,At Risk (High Frequency),2,0.6436352566841003,1.0609365994807487
13053,622,1,127.65,1,1,1,111,3,Hibernating / Churned,1,-2.154998822336152,0.1862896867635533
13055,78,4,2321.11,3,3,4,334,10,Loyal Customers,2,0.47058442488415786,0.24870688009711936
13056,551,1,209.48,1,1,1,111,3,Hibernating / Churned,1,-1.9016648951506474,0.266918571334065
13057,530,3,722.09,1,3,3,133,7,Need Attention,2,-0.8234716006081086,0.8686787616928214
13058,25,3,271.4,4,3,1,431,8,Loyal Customers,3,-0.2725810046958767,-1.0874380760078652
13059,250,10,2303.17,2,5,4,254,11,At Risk (High Frequency),2,0.6946892849457081,1.172596063306712
13060,254,1,307.53,2,1,2,212,5,Hibernating / Churned,1,-1.485491889564066,-0.04456493545920146
13061,72,1,248.61,3,1,1,311,5,Need Attention,1,-1.1731569411514677,-0.7978974475140774
13062,191,1,346.98,2,1,2,212,5,Hibernating / Churned,1,-1.3413596188144679,-0.16506129580369958
13063,481,1,188.4,1,1,1,111,3,Hibernating / Churned,1,-1.903723476286475,0.16053478755018824
13064,13,6,1680.74,5,4,4,544,13,Champions (Top Tier),3,1.146481019125458,-0.6791322808913016
13065,373,5,1260.91,2,4,4,244,10,At Risk (High Frequency),2,-0.15857108574000447,0.9904582864742606
13066,24,2,470.8,4,2,2,422,8,New / Promising,3,-0.24031694152052635,-1.0499461987118215
13067,82,3,508.51,3,3,2,332,8,Loyal Customers,3,-0.3755423920599227,-0.25977223320680237
13068,10,2,344.0,5,2,2,522,9,New / Promising,3,-0.11098326635866576,-1.5964660543865485
13069,1,38,9683.13,5,5,5,555,15,Champions (Top Tier),0,3.8476212849837763,-0.5996457103538103
13070,192,4,751.7,2,3,3,233,8,Need Attention,2,-0.30848668140081503,0.404151219014824
13071,612,1,129.22,1,1,1,111,3,Hibernating / Churned,1,-2.1444875555824816,0.18099556550388968
13072,267,1,177.15,2,1,1,211,4,Hibernating / Churned,1,-1.7405302739878923,-0.18153863310769558
13073,411,2,418.08,1,2,2,122,5,Hibernating / Churned,1,-1.1981602081895515,0.4601393037483869
13074,511,4,1378.74,1,3,4,134,8,Need Attention,2,-0.3603655057791722,1.1236726568539188
13075,130,1,919.61,3,1,3,313,7,Need Attention,1,-0.7944049587189576,-0.0846901554189252
13076,458,1,135.4,1,1,1,111,3,Hibernating / Churned,1,-2.030741518112813,0.03530040057513165
13077,1,11,3064.67,5,5,5,555,15,Champions (Top Tier),0,2.448187031598569,-1.3753903372712557
13078,3,57,29532.45,5,5,5,555,15,Champions (Top Tier),0,4.411300507469132,0.261722174770455
13079,4,6,419.18,5,4,2,542,11,Loyal Customers,3,0.8760390977644325,-1.662194876806452
13080,179,4,280.73,3,3,1,331,7,Loyal Customers,1,-0.7135181949700904,0.07151565561269561
13081,12,28,59205.15,5,5,5,555,15,Champions (Top Tier),0,3.8040420414496943,0.8663026121444971
13082,126,21,7335.75,3,5,5,355,13,Loyal Customers,0,1.947623136360546,1.3972485885778108
13083,4,3,395.43,5,3,2,532,10,Loyal Customers,3,0.4239008428128947,-1.8844510835722827
13084,492,1,122.4,1,1,1,111,3,Hibernating / Churned,1,-2.097433541787215,0.04473163448377855
13085,158,8,2433.28,3,4,4,344,11,Loyal Customers,2,0.7131966384296579,0.8637721758448408
13086,383,1,439.33,2,1,2,212,5,Hibernating / Churned,1,-1.463126458718101,0.28771193676739565
13087,726,1,313.64,1,1,2,112,4,Hibernating / Churned,1,-1.8158004836434662,0.5391555864648875
13088,417,1,236.11,1,1,1,111,3,Hibernating / Churned,1,-1.759895469978697,0.14921003178425216
13089,3,203,116737.86,5,5,5,555,15,Champions (Top Tier),0,5.968553003982391,1.1335032789174269
13090,9,24,14103.09,5,5,5,555,15,Champions (Top Tier),0,3.1515124599253483,0.23783457622659543
13091,28,3,2321.82,4,3,4,434,11,Loyal Customers,3,0.6246461672930179,-0.38562827206793493
13092,71,12,2140.28,3,5,4,354,12,Loyal Customers,2,1.194091586901703,0.5230141446212826
13093,276,55,54943.65,2,5,5,255,12,At Risk (High Frequency),0,3.284062211348742,2.7720768825519086
13094,21,13,2433.12,4,5,4,454,13,Champions (Top Tier),0,1.6898476055149947,-0.06543311891051487
13095,71,1,74.4,3,1,1,311,5,Need Attention,1,-1.689556397485128,-1.163851086632268
13096,394,1,419.7,2,1,2,212,5,Hibernating / Churned,1,-1.492103750659503,0.28963825202296395
13097,33,28,13389.22,4,5,5,455,14,Champions (Top Tier),0,2.8463135183710597,0.9516005405377067
13098,1,28,28882.44,5,5,5,555,15,Champions (Top Tier),0,4.097131329660245,-0.38096926564658473
13099,99,1,207.36,3,1,1,311,5,Need Attention,1,-1.3535364416139306,-0.6783868967764466
13101,234,4,695.4,2,3,3,233,8,Need Attention,2,-0.4059938149032219,0.48947908033402293
13102,1,37,11696.92,5,5,5,555,15,Champions (Top Tier),0,3.91001073830787,-0.5526002840944932
13103,40,3,709.64,4,3,3,433,10,Loyal Customers,3,-0.002673969788178857,-0.5491734445176959
13104,3,9,1709.1,5,5,4,554,14,Champions (Top Tier),0,1.8309709164142203,-1.2345463007038069
13105,436,1,72.0,1,1,1,111,3,Hibernating / Churned,1,-2.286853836981022,-0.17892199312525123
13106,133,2,603.46,3,2,2,322,7,Need Attention,1,-0.6755264876074499,-0.049722416645610765
13107,44,9,5253.07,4,5,5,455,14,Champions (Top Tier),0,1.5365456968435216,0.43643722063805507
13108,373,2,1098.52,2,2,3,223,7,Need Attention,2,-0.747175372404028,0.6955061548502736
13109,60,3,1134.03,3,3,3,333,9,Loyal Customers,3,0.07256554249143791,-0.18986849993237392
13110,31,12,2957.47,4,5,4,454,13,Champions (Top Tier),0,1.5970228173249328,0.1725058057134479
13111,719,1,321.88,1,1,2,112,4,Hibernating / Churned,1,-1.8014230978086825,0.5415576807602378
13112,541,1,20.6,1,1,1,111,3,Hibernating / Churned,1,-2.8863537751988524,-0.42468713563060334
13113,1,37,18625.73,5,5,5,555,15,Champions (Top Tier),0,4.112415624790034,-0.4133481686085683
13114,731,1,234.38,1,1,1,111,3,Hibernating / Churned,1,-1.9442967844608492,0.45605721734177557
13115,12,10,5494.7,5,5,5,555,15,Champions (Top Tier),0,2.0304047447945486,-0.2000972751728373
13116,138,1,501.14,3,1,2,312,6,Need Attention,1,-1.0773185366731646,-0.23344678336407423
13117,22,18,2643.81,4,5,4,454,13,Champions (Top Tier),0,1.9445068997468247,0.0957151531133804
13118,20,9,2415.41,4,5,4,454,13,Champions (Top Tier),0,1.4450867418285402,-0.2164383831757235
13119,669,1,134.9,1,1,1,111,3,Hibernating / Churned,1,-2.154667865832162,0.24281672106304644
13120,239,1,30.6,2,1,1,211,4,Hibernating / Churned,1,-2.4573409205144165,-0.7601132776777183
13121,269,1,283.73,2,1,1,211,4,Hibernating / Churned,1,-1.5389075996043147,-0.037069445094490686
13122,94,2,922.39,3,2,3,323,8,Need Attention,2,-0.37991916291243694,-0.11260096199671402
13123,473,2,506.75,1,2,2,122,5,Hibernating / Churned,1,-1.1599907895873909,0.5949121981209152
13124,90,4,4782.45,3,3,5,335,11,Loyal Customers,2,0.7392922761605428,0.5430377464215176
13125,524,1,158.57,1,1,1,111,3,Hibernating / Churned,1,-2.0059291237375696,0.1563663887826711
13126,5,13,3998.25,5,5,5,555,15,Champions (Top Tier),0,2.3261078617742434,-0.6334351845288057
13127,78,1,259.17,3,1,1,311,5,Need Attention,1,-1.1806750062910836,-0.7419268944582781
13128,631,1,263.5,1,1,1,111,3,Hibernating / Churned,1,-1.8460378106484132,0.40995357819095674
13129,452,2,233.25,1,2,1,121,4,Hibernating / Churned,1,-1.4819318314030372,0.33834332848226395
13130,94,1,64.0,3,1,1,311,5,Need Attention,1,-1.8437917046426773,-1.055381407780868
13131,23,7,3313.77,4,4,5,445,13,Champions (Top Tier),0,1.369245270795687,-0.12984094068993318
13132,262,1,77.3,2,1,1,211,4,Hibernating / Churned,1,-2.092129363900701,-0.4380126566270072
13133,274,3,200.45,2,3,1,231,6,Need Attention,1,-1.1667210563163815,0.12319348963631904
13134,86,6,2475.23,3,4,4,344,11,Loyal Customers,2,0.7239763148849451,0.4443076454517965
13135,197,2,3371.45,2,2,5,225,9,Cant Lose Them (High Spend),2,-0.05382984267397981,0.6802170056117675
13136,56,13,6274.56,4,5,5,455,14,Champions (Top Tier),0,1.7940214432549793,0.7431626802034834
13137,11,16,7712.7,5,5,5,555,15,Champions (Top Tier),0,2.5358266804243046,0.01658416245963919
13138,22,7,1467.24,4,4,4,444,12,Champions (Top Tier),3,1.0286939917730578,-0.3970804038282669
13139,16,8,8202.98,5,4,5,545,14,Champions (Top Tier),0,1.964914787041901,-0.005651471146542409
13140,108,5,1215.68,3,4,3,343,10,Loyal Customers,2,0.22430131483405086,0.29950766691915287
13141,85,17,7668.58,3,5,5,355,13,Loyal Customers,0,1.93995839657874,1.1220562915874075
13142,19,1,307.09,5,1,2,512,8,New / Promising,3,-0.6628228525806357,-1.4490086544428713
13143,585,1,405.1,1,1,2,112,4,Hibernating / Churned,1,-1.635041954275703,0.49661969620794283
13144,333,2,135.35,2,2,1,221,5,Hibernating / Churned,1,-1.618830443494688,0.008258750074930168
13145,40,7,1423.52,4,4,4,444,12,Champions (Top Tier),2,0.8285758196492254,-0.08728413977700829
13146,26,1,228.91,4,1,1,411,6,New / Promising,3,-0.8872412638733259,-1.371102587740703
13147,10,4,712.8,5,3,3,533,11,Loyal Customers,3,0.5949729790167637,-1.1918432765444744
13148,29,26,8621.81,4,5,5,455,14,Champions (Top Tier),0,2.640796817462589,0.7246623111711266
13149,14,4,1676.06,5,3,4,534,12,Loyal Customers,3,0.8663250959105471,-0.7650733730483265
13150,484,3,449.97,1,3,2,132,6,Need Attention,1,-0.9995922397451056,0.6773686046813235
13151,296,3,2580.74,2,3,4,234,9,Need Attention,2,-0.08180032766608789,0.9291793938591656
13152,417,7,2146.38,1,4,4,144,9,At Risk (High Frequency),2,0.256183766937613,1.316247172375289
13153,6,1,486.22,5,1,2,512,8,New / Promising,3,-0.12386463855050224,-1.890852134640656
13154,399,3,1624.84,2,3,4,234,9,Need Attention,2,-0.37930399900799927,0.9549674384740925
13155,33,6,1750.18,4,4,4,444,12,Champions (Top Tier),3,0.877109164658303,-0.17761835345577873
13156,385,3,1586.54,2,3,4,234,9,Need Attention,2,-0.37815370035633145,0.9281807511449968
13157,49,9,5687.36,4,5,5,455,14,Champions (Top Tier),0,1.5370249762685906,0.5183238155618654
13158,95,5,1508.18,3,4,4,344,11,Loyal Customers,2,0.3591154978860098,0.293951011848269
13159,9,4,1437.85,5,3,4,534,12,Loyal Customers,3,0.9308056865078868,-1.034571583735459
13160,22,1,91.8,4,1,1,411,6,New / Promising,3,-1.2301273162543294,-1.731121155385144
13161,313,2,478.88,2,2,2,222,6,Hibernating / Churned,1,-1.0513625117293641,0.3508722893557864
13162,122,16,9275.49,3,5,5,355,13,Loyal Customers,0,1.8633958959235597,1.3554455295703334
13163,610,1,17.65,1,1,1,111,3,Hibernating / Churned,1,-2.9890040720021904,-0.4025512468346637
13164,569,2,372.2,1,2,2,122,5,Hibernating / Churned,1,-1.3535976133306273,0.6044748036884192
13165,46,3,1451.16,4,3,4,434,11,Loyal Customers,3,0.2640978590401729,-0.25991805319927896
13166,283,2,884.18,2,2,3,223,7,Need Attention,2,-0.7524894997861038,0.4787617477256886
13167,19,5,1125.15,5,4,3,543,12,Loyal Customers,3,0.7390640412636043,-0.6588740884983697
13168,36,5,1875.31,4,4,4,444,12,Champions (Top Tier),3,0.7622192369215026,-0.16674426464495273
13169,64,3,840.08,3,3,3,333,9,Loyal Customers,3,-0.07838920574626217,-0.2445594536858031
13170,27,1,116.01,4,1,1,411,6,New / Promising,3,-1.192885634341921,-1.553230965450849
13171,22,3,468.41,4,3,2,432,9,Loyal Customers,3,0.003857897654152746,-0.9921547463638661
13172,400,1,69.6,2,1,1,211,4,Hibernating / Churned,1,-2.2735936109285597,-0.23634764492378713
13173,4,11,2639.35,5,5,4,554,14,Champions (Top Tier),0,2.0868502302127987,-0.9147086774541185
13174,16,12,9494.84,5,5,5,555,15,Champions (Top Tier),0,2.3090079170597897,0.17272355750011315
13175,582,2,831.45,1,2,3,123,6,Need Attention,1,-1.0118245808420763,0.8570665312613812
13176,46,1,492.84,4,1,2,412,7,New / Promising,3,-0.7338716963757222,-0.8365085418358851
13177,65,2,512.2,3,2,2,322,7,Need Attention,3,-0.5176948385848396,-0.48932392928253793
13178,26,21,14059.19,4,5,5,455,14,Champions (Top Tier),0,2.7314137347089193,0.7379490943920906
13179,619,1,572.31,1,1,2,112,4,Hibernating / Churned,1,-1.5032471363467252,0.6309504814882979
13180,607,1,86.1,1,1,1,111,3,Hibernating / Churned,1,-2.316824072500046,0.056090415406108825
13181,381,1,359.69,2,1,2,212,5,Hibernating / Churned,1,-1.5482433697188334,0.22511035869428997
13182,45,1,121.18,4,1,1,411,6,New / Promising,1,-1.334633861313985,-1.2664730485819662
13183,8,15,7036.18,5,5,5,555,15,Champions (Top Tier),0,2.5426932163851523,-0.1917580562389659
13184,15,10,1701.29,5,5,4,554,14,Champions (Top Tier),0,1.4533097905860035,-0.4364033540791625
13185,268,1,71.4,2,1,1,211,4,Hibernating / Churned,1,-2.133511658962093,-0.44902211487610993
13186,40,3,1575.89,4,3,4,434,11,Loyal Customers,3,0.34412357919007863,-0.31058092247000535
13187,337,4,367.01,2,3,2,232,7,Need Attention,1,-0.8010621351540148,0.4990221536333336
13188,11,1,114.6,5,1,1,511,7,New / Promising,3,-0.9241227798536987,-2.0241967802750174
13189,19,2,260.68,5,2,1,521,8,New / Promising,3,-0.42461159262624437,-1.349468356279943
13190,544,3,570.66,1,3,2,132,6,Need Attention,1,-0.9341333041394656,0.8126891786956891
13191,658,1,164.69,1,1,1,111,3,Hibernating / Churned,1,-2.06307639012401,0.2930163873698902
13192,95,6,2558.58,3,4,4,344,11,Loyal Customers,2,0.7065428258514533,0.5085135359504909
13193,61,1,117.88,3,1,1,311,5,Need Attention,1,-1.4430876460388034,-1.1100322214237257
13194,136,2,472.78,3,2,2,322,7,Need Attention,1,-0.7886757068306223,-0.11042883764971348
13195,414,1,172.38,1,1,1,111,3,Hibernating / Churned,1,-1.8937703727642843,0.051530128233418855
13196,11,7,3068.84,5,4,5,545,14,Champions (Top Tier),0,1.560026961169827,-0.5351327903013847
13197,610,1,373.01,1,1,2,112,4,Hibernating / Churned,1,-1.6843702325709018,0.49502106593329237
13198,10,8,4974.23,5,4,5,545,14,Champions (Top Tier),0,1.8880911258474342,-0.39547370761488093
13199,4,67,16432.89,5,5,5,555,15,Champions (Top Tier),0,4.205400992751656,0.2675523438536152
13200,19,4,870.09,5,3,3,533,11,Loyal Customers,3,0.4882650239224771,-0.8024868640619048
13201,502,4,1240.61,1,3,3,133,7,Need Attention,2,-0.4005272516928855,1.0823140771364892
13202,394,7,1580.3,2,4,4,244,10,At Risk (High Frequency),2,0.14134568671266468,1.1934307152718238
13203,10,10,2648.25,5,5,4,554,14,Champions (Top Tier),0,1.7669430132000545,-0.5106680184309629
13204,731,1,966.66,1,1,3,113,5,Need Attention,1,-1.3291981302842966,0.8792376568820938
13205,443,1,2803.2,1,1,4,114,6,Cant Lose Them (High Spend),2,-0.7045512860774336,0.9219841344262052
13206,400,13,8377.32,2,5,5,255,12,At Risk (High Frequency),2,1.2887857508929321,1.9057158441188988
13207,15,4,535.86,5,3,2,532,10,Loyal Customers,3,0.3498412168860978,-1.0704504353389623
13208,59,9,1988.5,4,5,4,454,13,Champions (Top Tier),2,1.0209631948670217,0.3044099599893181
13209,30,13,8509.51,4,5,5,455,14,Champions (Top Tier),0,2.123558287958666,0.4984192710455912
13210,94,1,353.48,3,1,2,312,6,Need Attention,1,-1.105738938102692,-0.5476100250480255
13211,10,10,2729.32,5,5,4,554,14,Champions (Top Tier),0,1.7800580430925688,-0.5016450363827766
13212,20,3,788.08,4,3,3,433,10,Loyal Customers,3,0.25927003153213385,-0.8868531914483373
13213,57,11,3851.52,4,5,5,455,14,Champions (Top Tier),0,1.4585219494313315,0.5502688610830125
13214,418,7,3264.23,1,4,5,145,10,At Risk (High Frequency),2,0.43775537755807786,1.4430158864111375
13215,402,1,81.6,2,1,1,211,4,Hibernating / Churned,1,-2.206900159055696,-0.18661223279351186
13216,268,1,333.74,2,1,2,212,5,Hibernating / Churned,1,-1.467302011934588,0.009322069980743879
13217,122,4,666.48,3,3,3,333,9,Loyal Customers,2,-0.21506257521754113,0.11970093388780517
13218,127,1,62.64,3,1,1,311,5,Need Attention,1,-1.9494224576227448,-0.8972612570690909
13219,618,1,76.23,1,1,1,111,3,Hibernating / Churned,1,-2.3749527871329392,0.029978015108397194
13220,78,5,1336.09,3,4,4,344,11,Loyal Customers,2,0.3694727606309444,0.15020936017416692
13221,240,2,847.41,2,2,3,223,7,Need Attention,2,-0.7178505459522855,0.3755075141393904
13222,577,1,88.5,1,1,1,111,3,Hibernating / Churned,1,-2.288631505069932,0.03631762234814455
13223,200,6,969.12,2,4,3,243,9,At Risk (High Frequency),2,0.04541597290178599,0.6256735784294639
13224,60,2,2155.95,3,2,4,324,9,Need Attention,2,0.1325016789129035,-0.10297882869823966
13225,3,16,16260.07,5,5,5,555,15,Champions (Top Tier),0,3.2156366585549434,-0.3661222135880692
13226,273,2,312.46,2,2,2,222,6,Hibernating / Churned,1,-1.1925865350992446,0.14823274112530047
13227,202,1,257.7,2,1,1,211,4,Hibernating / Churned,1,-1.488375928090738,-0.22308259629301755
13228,81,1,358.0,3,1,2,312,6,Need Attention,1,-1.0526314103225018,-0.6249836230905752
13229,226,1,160.95,2,1,1,211,4,Hibernating / Churned,1,-1.7283117903163197,-0.3016573927248148
13230,4,30,6360.78,5,5,5,555,15,Champions (Top Tier),0,3.1933492140079474,-0.3040671587566876
13232,13,7,1357.6,5,4,4,544,13,Champions (Top Tier),3,1.1554860678239527,-0.6941279717599123
13233,74,4,1176.46,3,3,3,333,9,Loyal Customers,2,0.1919026592031138,0.016756500511483457
13234,673,2,356.95,1,2,2,122,5,Hibernating / Churned,1,-1.425954795847326,0.6844239340682091
13235,212,1,1031.07,2,1,3,213,6,Need Attention,1,-0.9018944119758067,0.2176318744431618
13236,25,2,744.85,4,2,3,423,9,New / Promising,3,-0.05373730052292054,-0.8912219188340352
13237,388,1,643.0,2,1,3,213,6,Need Attention,1,-1.3018949226223842,0.408651320957643
13238,17,6,1006.63,5,4,3,543,12,Loyal Customers,3,0.8423267045102919,-0.6938507590418469
13239,262,5,1594.69,2,4,4,244,10,At Risk (High Frequency),2,0.0574179295793329,0.8665032274953584
13240,96,8,1738.52,3,4,4,344,11,Loyal Customers,2,0.7268180005382774,0.4906012859065218
13241,412,1,115.58,1,1,1,111,3,Hibernating / Churned,1,-2.0649044666453618,-0.0699475560479917
13242,112,7,699.4,3,4,3,343,10,Loyal Customers,2,0.19178421098060394,0.2593795435507288
13243,203,5,1278.04,2,4,4,244,10,At Risk (High Frequency),2,0.04333542237231448,0.6601734387101501
13244,93,1,121.74,3,1,1,311,5,Need Attention,1,-1.5637813612799856,-0.870929013732031
13245,51,2,989.22,4,2,3,423,9,New / Promising,3,-0.15460902177193056,-0.42407309718227776
13246,18,11,3387.43,5,5,5,555,15,Champions (Top Tier),0,1.7636158406824256,-0.10370015290530221
13247,18,4,501.12,5,3,2,532,10,Loyal Customers,3,0.2651527129622573,-0.9956902529286915
13248,125,2,465.68,3,2,2,322,7,Need Attention,1,-0.7681750695457032,-0.1611138977456564
13249,92,9,1608.93,3,5,4,354,12,Loyal Customers,2,0.7871118562393922,0.48276489891686103
13250,461,2,256.04,1,2,1,121,4,Hibernating / Churned,1,-1.4478981693237465,0.3769862568554844
13251,402,1,252.68,2,1,1,211,4,Hibernating / Churned,1,-1.7186848331642783,0.14927401049153394
13252,394,2,399.3,2,2,2,222,6,Hibernating / Churned,1,-1.2044803272598599,0.4231735214046034
13253,157,4,2951.11,3,3,4,334,10,Loyal Customers,2,0.35084712003207796,0.7028764082532352
13254,376,1,51.41,2,1,1,211,4,Hibernating / Churned,1,-2.3832649379334603,-0.359573141098016
13255,9,3,904.46,5,3,3,533,11,Loyal Customers,3,0.5590912687985116,-1.2548943578432272
13257,436,1,149.75,1,1,1,111,3,Hibernating / Churned,1,-1.971331817898295,0.03815334237329133
13258,12,5,1035.18,5,4,3,543,12,Loyal Customers,3,0.8421617666241924,-0.9214020390891438
13259,62,9,1433.38,3,5,4,354,12,Loyal Customers,2,0.8628384126933349,0.2333892281792488
13260,61,1,557.62,3,1,2,312,6,Need Attention,3,-0.7698262288910604,-0.6468365039570103
13261,269,2,944.1,2,2,3,223,7,Need Attention,2,-0.7076403572902972,0.4704862008225976
13262,263,3,573.45,2,3,2,232,7,Need Attention,2,-0.6975841854311997,0.41435473387646315
13263,1,39,8704.69,5,5,5,555,15,Champions (Top Tier),0,3.8205876130958463,-0.6222624146100991
13264,443,1,722.56,1,1,3,113,5,Need Attention,1,-1.29398334880575,0.5164619995770379
13265,53,5,2107.66,4,4,4,444,12,Champions (Top Tier),2,0.6907395279081189,0.07672979824620609
13266,11,19,6135.04,5,5,5,555,15,Champions (Top Tier),0,2.5602208616007314,0.00757576835708982
13267,3,36,9758.26,5,5,5,555,15,Champions (Top Tier),0,3.58665059364467,-0.2342886329699746
13268,18,11,3214.69,5,5,5,555,15,Champions (Top Tier),0,1.7408491018603556,-0.11936339403939487
13269,1,28,8891.7,5,5,5,555,15,Champions (Top Tier),0,3.5845615583584993,-0.7336110730082592
13270,366,1,1180.0,2,1,3,213,6,Need Attention,1,-1.0192105178059914,0.558070113655249
13271,37,1,217.38,4,1,1,411,6,New / Promising,3,-1.0201584235809955,-1.1980086772350564
13272,31,2,276.56,4,2,1,421,7,New / Promising,3,-0.5509887175850564,-1.0725966092311399
13273,113,1,138.98,3,1,1,311,5,Need Attention,1,-1.5689849846506432,-0.7251872934109642
13274,409,1,360.85,2,1,2,212,5,Hibernating / Churned,1,-1.5697243047745724,0.26508707394076736
13275,384,2,241.66,2,2,1,221,5,Hibernating / Churned,1,-1.413979874908807,0.25919122092078534
13276,64,5,1939.26,3,4,4,344,11,Loyal Customers,2,0.5945613118962897,0.1540761991892841
13277,16,7,523.3,5,4,2,542,11,Loyal Customers,3,0.6784078195441617,-0.8720608794372989
13278,41,4,1435.85,4,3,4,434,11,Loyal Customers,3,0.46605739057776785,-0.24345089361039135
13279,78,1,137.75,3,1,1,311,5,Need Attention,1,-1.4542085998889933,-0.9301147007261505
13280,122,7,2322.63,3,4,4,344,11,Loyal Customers,2,0.6861513482926209,0.6651369696961419
13281,439,1,350.85,1,1,2,112,4,Hibernating / Churned,1,-1.6047575626392079,0.2956478525484378
13282,18,4,1313.19,5,3,4,534,12,Loyal Customers,3,0.683782915277459,-0.7076777336072787
13283,60,4,373.36,3,3,2,332,8,Loyal Customers,3,-0.23985818085371102,-0.4402244978751295
13284,331,1,201.19,2,1,1,211,4,Hibernating / Churned,1,-1.7547148088991364,-0.025530989682433676
13285,23,6,3364.59,4,4,5,445,13,Champions (Top Tier),0,1.2740202303313044,-0.17416356203824104
13286,600,1,734.91,1,1,3,113,5,Need Attention,1,-1.3845431722519013,0.6885246680465742
13287,603,3,781.59,1,3,3,133,7,Need Attention,2,-0.8307267479184168,0.9633974901726233
13288,443,5,927.61,1,4,3,143,8,At Risk (High Frequency),2,-0.3475043387173607,0.9932814458909732
13289,724,1,307.95,1,1,2,112,4,Hibernating / Churned,1,-1.822850023972747,0.5321731507733689
13290,438,1,208.63,1,1,1,111,3,Hibernating / Churned,1,-1.8293453819424879,0.13937288567111647
13291,156,11,3320.84,3,5,5,355,13,Loyal Customers,2,1.071967551953672,1.0551493557887097
13292,39,5,994.51,4,4,3,443,11,Loyal Customers,3,0.46123197427861445,-0.31347184584053067
13293,392,6,1192.94,2,4,3,243,9,At Risk (High Frequency),2,-0.08111717018771215,1.0576406950269746
13294,190,3,1689.53,2,3,4,234,9,Need Attention,2,-0.12325397288201599,0.5589379902921946
13295,360,4,1101.97,2,3,3,233,8,Need Attention,2,-0.3447604654193216,0.8639110883511075
13296,137,6,792.51,3,4,3,343,10,Loyal Customers,2,0.07960469187497515,0.3581034557437617
13297,8,7,4368.62,5,4,5,545,14,Champions (Top Tier),0,1.8066846959963994,-0.5881225190299629
13298,1,1,360.0,5,1,2,512,8,New / Promising,3,0.1508501348775456,-2.671583178831905
13299,268,3,1218.7,2,3,3,233,8,Need Attention,2,-0.37604152601936564,0.6500955912183268
13300,169,3,1285.51,3,3,4,334,10,Loyal Customers,2,-0.20441397887751317,0.41294060209011574
13301,104,4,618.09,3,3,2,332,8,Loyal Customers,2,-0.1966343268076027,0.009902226395403325
13302,155,2,159.2,3,2,1,321,6,Need Attention,1,-1.3024734078696365,-0.36338249656729227
13303,400,1,61.72,2,1,1,211,4,Hibernating / Churned,1,-2.3250881543471547,-0.2717752683949876
13304,351,4,1217.99,2,3,3,233,8,Need Attention,2,-0.2930775293330847,0.8799254406477546
13305,4,16,3754.71,5,5,5,555,15,Champions (Top Tier),0,2.5058218437619018,-0.681736561695982
13306,430,1,53.65,1,1,1,111,3,Hibernating / Churned,1,-2.4083497114418666,-0.27321134330049307
13307,120,3,273.34,3,3,1,331,7,Loyal Customers,1,-0.7668228375652357,-0.23718123029035543
13308,23,4,1670.37,4,3,4,434,11,Loyal Customers,3,0.712835136313141,-0.5068549285252849
13309,7,6,1706.37,5,4,4,544,13,Champions (Top Tier),3,1.3340561409740392,-0.9832670054740053
13310,28,5,1541.2,4,4,4,444,12,Champions (Top Tier),3,0.7556900756016879,-0.35981781653410594
13311,4,2,598.57,5,2,2,522,9,New / Promising,3,0.3844926268866115,-1.865909126004746
13312,451,1,124.75,1,1,1,111,3,Hibernating / Churned,1,-2.0611433496828075,0.0024883122671626907
13313,22,12,3445.32,4,5,5,455,14,Champions (Top Tier),0,1.770243536392901,0.03604799843342752
13314,2,3,775.94,5,3,3,533,11,Loyal Customers,3,0.8818810806560168,-1.9647831495517412
13315,689,1,310.26,1,1,2,112,4,Hibernating / Churned,1,-1.8036057573774216,0.5071117380350495
13316,37,10,13191.57,4,5,5,455,14,Champions (Top Tier),0,2.0645024481934264,0.6536620031963992
13317,66,19,6486.09,3,5,5,355,13,Loyal Customers,0,2.028204863392418,0.9727971340343164
13318,1,3,640.76,5,3,3,533,11,Loyal Customers,3,0.9298491648618706,-2.2456417650539615
13319,5,58,22082.5,5,5,5,555,15,Champions (Top Tier),0,4.1667189255492625,0.4046002418821334
13320,78,6,2228.1,3,4,4,344,11,Loyal Customers,2,0.7094274174244987,0.35963077683030964
13321,72,2,567.36,3,2,2,322,7,Need Attention,3,-0.505878084265127,-0.40316382868741496
13322,17,1,199.48,5,1,1,511,7,New / Promising,3,-0.8157012557076193,-1.6357440044660938
13323,3,5,787.85,5,4,3,543,12,Loyal Customers,3,1.1047072263752047,-1.6531403550237687
13324,36,18,10513.47,4,5,5,455,14,Champions (Top Tier),0,2.3912538702820223,0.7710848850340365
13325,82,1,675.3,3,1,3,313,7,Need Attention,3,-0.780993691444217,-0.4287173233035757
13326,432,1,281.76,1,1,1,111,3,Hibernating / Churned,1,-1.6946874932541665,0.22136332020332966
13327,39,20,9879.48,4,5,5,455,14,Champions (Top Tier),0,2.4153136203100516,0.8321027571015928
13328,316,1,1308.48,2,1,4,214,7,Cant Lose Them (High Spend),1,-0.9269089350503552,0.5082015227678718
13329,32,8,5112.97,4,4,5,445,13,Champions (Top Tier),0,1.54473908097705,0.21871165983870544
13330,93,6,2806.18,3,4,4,344,11,Loyal Customers,2,0.7535284060481223,0.5245421464209122
13331,402,1,262.4,2,1,1,211,4,Hibernating / Churned,1,-1.7023248263008346,0.16052949747454978
13332,14,1,350.9,5,1,2,512,8,New / Promising,3,-0.5119297138504195,-1.5678832678046466
13333,411,3,1015.74,1,3,3,133,7,Need Attention,2,-0.5931123137146572,0.8307506082865733
13334,82,5,6263.75,3,4,5,345,12,Loyal Customers,2,1.025492356737083,0.6397765705429067
13336,77,1,795.12,3,1,3,313,7,Need Attention,3,-0.6899273744134586,-0.4141594064014542
13337,546,1,1575.26,1,1,4,114,6,Cant Lose Them (High Spend),1,-1.0226735883213025,0.8646104764260386
13338,158,4,2445.62,3,3,4,334,10,Loyal Customers,2,0.2670883849623777,0.6501351759669015
13339,201,1,860.12,2,1,3,213,6,Need Attention,1,-0.9635371445924045,0.13417754677594132
13340,45,12,22100.56,4,5,5,455,14,Champions (Top Tier),0,2.354635026319586,0.9746496267806524
13341,261,1,775.85,2,1,3,213,6,Need Attention,1,-1.092462593050568,0.24679714136546962
13343,178,1,353.43,3,1,2,312,6,Need Attention,1,-1.3106933182260023,-0.19823325774852646
13344,68,3,2543.72,3,3,4,334,10,Loyal Customers,2,0.3839957727058389,0.11978294136667526
13345,288,1,389.5,2,1,2,212,5,Hibernating / Churned,1,-1.4234583152936406,0.09499897313543926
13346,463,6,299.4,1,4,2,142,7,At Risk (High Frequency),2,-0.7352306855081395,0.7361728285527808
13347,70,1,341.36,3,1,2,312,6,Need Attention,1,-1.0266952745864295,-0.7186370349182013
13348,64,1,233.76,3,1,1,311,5,Need Attention,1,-1.1623038054750023,-0.8802790940148505
13349,11,1,247.32,5,1,1,511,7,New / Promising,3,-0.5914494171018461,-1.7953215276358263
13350,16,2,979.12,5,2,3,523,10,New / Promising,3,0.20252987883379114,-1.0438043137301702
13351,66,1,373.94,3,1,2,312,6,Need Attention,1,-0.9683882997231937,-0.723408980810445
13352,60,1,397.98,3,1,2,312,6,Need Attention,3,-0.91100520839981,-0.7565527850905274
13354,71,1,743.53,3,1,3,313,7,Need Attention,3,-0.6931901294398483,-0.4783631370300841
13355,122,1,674.7,3,1,3,313,7,Need Attention,1,-0.9085973184293533,-0.21202983111126356
13356,80,1,768.24,3,1,3,313,7,Need Attention,3,-0.7170780672808428,-0.4036249408822353
13357,257,5,3838.36,2,4,5,245,11,At Risk (High Frequency),2,0.4456476105224257,1.1187426292238474
13358,269,1,439.03,2,1,2,212,5,Hibernating / Churned,1,-1.3495058413321273,0.09323667534830815
13359,64,2,1043.31,3,2,3,323,8,Need Attention,3,-0.20363852443673555,-0.285075137281547
13360,432,4,1553.65,1,3,4,134,8,Need Attention,2,-0.25423152938298504,1.0669668571787407
13361,472,2,1450.5,1,2,4,124,7,Cant Lose Them (High Spend),2,-0.7022895787339812,0.9081703060790534
13362,9,7,5394.07,5,4,5,545,14,Champions (Top Tier),0,1.8643326277736132,-0.4669045822701094
13363,18,3,1723.86,5,3,4,534,12,Loyal Customers,3,0.631906036548273,-0.7079561466875871
13364,71,1,134.96,3,1,1,311,5,Need Attention,1,-1.4330389060288709,-0.9873701529687705
13365,34,2,2225.37,4,2,4,424,10,New / Promising,3,0.32595587715937374,-0.39990286773185246
13366,50,1,56.16,4,1,1,411,6,New / Promising,1,-1.6985296796026348,-1.4369567185255263
13367,432,1,510.2,1,1,2,112,4,Hibernating / Churned,1,-1.4370348257774415,0.39862524124833937
13368,257,4,1121.5,2,3,3,233,8,Need Attention,2,-0.22847899164349872,0.6838855919483057
13369,366,1,616.56,2,1,2,212,5,Hibernating / Churned,1,-1.3013065701505888,0.3639914392618071
13370,372,1,1509.74,2,1,4,214,7,Cant Lose Them (High Spend),1,-0.9173160290667334,0.6407251199549502
13371,505,2,2297.66,1,2,4,124,7,Cant Lose Them (High Spend),2,-0.5240716254058623,1.0829866591205681
13372,90,1,378.64,3,1,2,312,6,Need Attention,1,-1.0619902270585622,-0.5508100884112549
13373,61,6,7587.19,3,4,5,345,12,Loyal Customers,2,1.3207989853192723,0.5926784235265533
13374,415,2,422.8,1,2,2,122,5,Hibernating / Churned,1,-1.1964120258630657,0.4688210679822516
13375,89,2,1792.23,3,2,4,324,9,Need Attention,2,-0.0736438343503183,0.0562607213387118
13376,99,3,1019.76,3,3,3,333,9,Loyal Customers,2,-0.13347221766713382,0.05100203941047923
13377,397,2,1552.88,2,2,4,224,8,Cant Lose Them (High Spend),2,-0.6167966272682657,0.8333496352661028
13379,26,3,572.56,4,3,2,432,9,Loyal Customers,3,0.03918785919622175,-0.8437310518682853
13380,433,1,62.4,1,1,1,111,3,Hibernating / Churned,1,-2.3459737105210183,-0.22492808627760083
13381,32,12,8224.37,4,5,5,455,14,Champions (Top Tier),0,2.0319872627037374,0.49557563378413894
13382,281,5,1387.58,2,4,4,244,10,At Risk (High Frequency),2,-0.025632250467686732,0.8633597348414207
13383,544,1,305.28,1,1,2,112,4,Hibernating / Churned,1,-1.7343255234471484,0.37216710681969456
13384,31,11,6680.83,4,5,5,455,14,Champions (Top Tier),0,1.8904621471837617,0.3870910699691671
13385,330,1,534.57,2,1,2,212,5,Hibernating / Churned,1,-1.329893318877111,0.26440599352944766
13386,414,2,835.46,1,2,3,123,6,Need Attention,1,-0.8997985014343088,0.6710245923460911
13387,417,1,189.44,1,1,1,111,3,Hibernating / Churned,1,-1.8552647623684155,0.08359711132329135
13388,131,3,1185.65,3,3,3,333,9,Loyal Customers,2,-0.15774441773481296,0.24921062249096448
13389,11,3,797.96,5,3,3,533,11,Loyal Customers,3,0.44567818898330097,-1.191790773431675
13390,75,1,544.08,3,1,2,312,6,Need Attention,1,-0.8463514581275028,-0.5418842390999008
13391,204,1,59.8,2,1,1,211,4,Hibernating / Churned,1,-2.1216129379628126,-0.651152981823756
13392,677,1,91.14,1,1,1,111,3,Hibernating / Churned,1,-2.32759290786748,0.13303431439917818
13393,584,4,1131.45,1,3,3,133,7,Need Attention,2,-0.4894122575535265,1.138064250773152
13394,2,19,6621.7,5,5,5,555,15,Champions (Top Tier),0,3.041792694407341,-0.7342033246251317
13395,185,3,1180.23,3,3,3,333,9,Loyal Customers,2,-0.2706534156693777,0.4369952791929287
13396,29,2,1360.99,4,2,4,424,10,New / Promising,3,0.16199055753798045,-0.6320330894120476
13397,73,10,3191.87,3,5,5,355,13,Loyal Customers,2,1.231648406683448,0.5965726338584095
13398,192,2,670.34,2,2,3,223,7,Need Attention,1,-0.747868460732981,0.18292845179614156
13399,464,3,275.4,1,3,1,131,5,Need Attention,1,-1.198978576328895,0.5075958008665927
13400,583,1,310.83,1,1,2,112,4,Hibernating / Churned,1,-1.7488653379626629,0.41566417389801896
13402,127,4,1535.13,3,3,4,334,10,Loyal Customers,2,0.13471529844566787,0.3911875729281101
13403,18,3,229.5,5,3,1,531,9,Loyal Customers,3,-0.24380761995632222,-1.3104365578456716
13404,1,2,252.49,5,2,1,521,8,New / Promising,3,0.3062679191542236,-2.6290037912326154
13405,74,6,1213.81,3,4,3,343,10,Loyal Customers,2,0.46211950814329367,0.14926523124034013
13406,427,2,568.92,1,2,2,122,5,Hibernating / Churned,1,-1.0767166151352057,0.5731831357622613
13407,579,3,2244.7,1,3,4,134,8,Need Attention,2,-0.35894152954011255,1.256594332646367
13408,2,106,51733.46,5,5,5,555,15,Champions (Top Tier),0,5.215334479843755,0.4950166569203447
13410,24,9,2201.96,4,5,4,454,13,Champions (Top Tier),0,1.348457447324521,-0.14795571184781844
13411,107,1,213.55,3,1,1,311,5,Need Attention,1,-1.3656897225295985,-0.6271746510944386
13412,620,1,487.35,1,1,2,112,4,Hibernating / Churned,1,-1.5735566535647365,0.5838258844438168
13413,640,6,429.44,1,4,2,142,7,At Risk (High Frequency),2,-0.6832398885903473,1.0220800008007236
13414,134,6,2494.14,3,4,4,344,11,Loyal Customers,2,0.5851839890014784,0.6889225968124979
13415,473,4,800.67,1,3,3,133,7,Need Attention,2,-0.5716653426206001,0.9186064084298893
13416,44,3,940.8,4,3,3,433,10,Loyal Customers,3,0.08975542707473876,-0.4135242422338423
13417,5,6,1669.49,5,4,4,544,13,Champions (Top Tier),3,1.4175984297079152,-1.1484781895815273
13418,12,31,12233.6,5,5,5,555,15,Champions (Top Tier),0,3.193068260686453,0.430337873642438
13419,64,1,221.06,3,1,1,311,5,Need Attention,1,-1.1865026333802615,-0.896927595128899
13420,150,2,159.85,3,2,1,321,6,Need Attention,1,-1.290175605914471,-0.3801381304078336
13421,40,8,4103.12,4,4,5,445,13,Champions (Top Tier),0,1.378818495758975,0.2725843350686572
13422,64,1,2626.3,3,1,4,314,8,Need Attention,3,-0.11146138409467729,-0.1573122093568711
13423,429,1,217.03,1,1,1,111,3,Hibernating / Churned,1,-1.8055512241112466,0.13970864755351764
13424,450,1,572.77,1,1,2,112,4,Hibernating / Churned,1,-1.399967276180069,0.45565500863055775
13425,108,5,3403.63,3,4,5,345,12,Loyal Customers,2,0.6720286156118924,0.6075386382940041
13426,1,22,8167.38,5,5,5,555,15,Champions (Top Tier),0,3.3707985596571066,-0.8438911698083312
13427,19,6,1006.53,5,4,3,543,12,Loyal Customers,3,0.8082072328994044,-0.6357676866449118
13428,10,3,499.98,5,3,2,532,10,Loyal Customers,3,0.2707370712160958,-1.3795014096951206
13429,11,4,1006.8,5,3,3,533,11,Loyal Customers,3,0.716908552935899,-1.0405998137846493
13430,19,2,679.45,5,2,3,523,10,New / Promising,3,-0.008811611452237125,-1.063402994895545
13431,67,8,3316.24,3,4,5,345,12,Loyal Customers,2,1.1225703321777833,0.4879204184224399
13432,571,2,439.1,1,2,2,122,5,Hibernating / Churned,1,-1.2829871213382924,0.6557652646576022
13433,501,4,658.32,1,3,3,133,7,Need Attention,2,-0.6752854176136905,0.8917433332415043
13434,74,5,1666.86,3,4,4,344,11,Loyal Customers,2,0.48245592376429564,0.18771971766344775
13435,5,9,4475.23,5,5,5,555,15,Champions (Top Tier),0,2.118503644657322,-0.7228671813454183
13436,2,1,196.89,5,1,1,511,7,New / Promising,3,-0.24185810713248612,-2.627901625116746
13437,14,7,3408.06,5,4,5,545,14,Champions (Top Tier),0,1.5334604499737585,-0.3806805637743415
13438,547,1,46.5,1,1,1,111,3,Hibernating / Churned,1,-2.5470361007598807,-0.18271867302773
13439,255,3,986.61,2,3,3,233,8,Need Attention,2,-0.45185954803711,0.5595907674463807
13440,423,7,1295.25,1,4,4,144,9,At Risk (High Frequency),2,0.03194517468017482,1.1730058542358848
13441,92,2,720.9,3,2,3,323,8,Need Attention,3,-0.4801450860771983,-0.19802547083106758
13442,667,3,419.87,1,3,2,132,6,Need Attention,1,-1.1331891319437986,0.8332671154583999
13443,449,6,1280.16,1,4,4,144,9,At Risk (High Frequency),2,-0.09424328149669714,1.1534491275579408
13444,374,2,631.68,2,2,3,223,7,Need Attention,1,-0.9885058124122745,0.5315406840443165
13445,626,1,241.9,1,1,1,111,3,Hibernating / Churned,1,-1.8805360757428697,0.3800708308277079
13446,430,11,3881.89,1,5,5,155,11,At Risk (High Frequency),2,0.8132550562979148,1.6588666221421617
13447,23,3,1129.14,4,3,3,433,10,Loyal Customers,3,0.37238483356245045,-0.7056683694224856
13448,17,13,9240.87,5,5,5,555,15,Champions (Top Tier),0,2.3352485096278444,0.223260895033851
13449,24,1,291.88,4,1,2,412,7,New / Promising,3,-0.7570220986388266,-1.3410869320421654
13450,27,13,4120.04,4,5,5,455,14,Champions (Top Tier),0,1.8409410759098703,0.2251946877866147
13451,26,11,7190.92,4,5,5,455,14,Champions (Top Tier),0,1.9774208781727636,0.3154031654948748
13452,259,3,729.8,2,3,3,233,8,Need Attention,2,-0.5879049420047463,0.47799457147202656
13453,166,3,781.69,3,3,3,333,9,Loyal Customers,2,-0.4148815401132151,0.25435936332278186
13454,641,1,219.87,1,1,1,111,3,Hibernating / Churned,1,-1.9295502451505515,0.36465015343225277
13455,25,6,2905.93,4,4,4,444,12,Champions (Top Tier),0,1.1843870293032277,-0.17387112636647412
13456,18,6,1766.72,5,4,4,544,13,Champions (Top Tier),3,1.0694077961352204,-0.4957696718251843
13457,689,2,148.22,1,2,1,121,4,Hibernating / Churned,1,-1.8142471118518977,0.4354444452860033
13458,7,16,11959.27,5,5,5,555,15,Champions (Top Tier),0,2.8577980838991137,-0.07576348119047821
13459,625,2,1160.41,1,2,3,123,6,Need Attention,2,-0.8899433489086893,0.9960049307219225
13460,29,2,183.44,4,2,1,421,7,New / Promising,3,-0.7079482293274981,-1.2305404600577268
13461,39,6,4160.0,4,4,5,445,13,Champions (Top Tier),0,1.2011145460933634,0.17109514252829947
13462,253,5,1153.85,2,4,3,243,9,At Risk (High Frequency),2,-0.0720053919922576,0.7505084648306535
13464,58,6,3097.64,4,4,5,445,13,Champions (Top Tier),2,0.9471471546615091,0.2972187679159318
13465,446,2,931.12,1,2,3,123,6,Need Attention,1,-0.8767081950727754,0.7444087329103386
13466,184,5,1013.35,3,4,3,343,10,Loyal Customers,2,-0.025929299618880457,0.5368434268067819
13467,11,2,1083.71,5,2,3,523,10,New / Promising,3,0.35929772747628425,-1.205565153082696
13468,2,72,13390.51,5,5,5,555,15,Champions (Top Tier),0,4.335653682104677,-0.04951215478940229
13469,653,1,82.4,1,1,1,111,3,Hibernating / Churned,1,-2.359299576385731,0.08332292482321925
13470,99,2,165.0,3,2,1,321,6,Need Attention,1,-1.1431762349413632,-0.5980077866431704
13471,1,4,2531.58,5,3,4,534,12,Loyal Customers,3,1.6973448746851985,-1.7530262456745647
13472,464,2,592.24,1,2,2,122,5,Hibernating / Churned,1,-1.0860841719842447,0.6309201203394379
13473,61,8,2657.76,3,4,4,344,11,Loyal Customers,2,1.0561691868230483,0.3707334294577137
13474,236,3,663.79,2,3,3,233,8,Need Attention,2,-0.5991395458799204,0.3985693944627046
13475,191,4,1431.78,2,3,4,234,9,Need Attention,2,-0.026727392588371122,0.5939770304698049
13476,179,5,2061.47,3,4,4,344,11,Loyal Customers,2,0.29170703066077047,0.7341645439314829
13477,38,11,2834.17,4,5,4,454,13,Champions (Top Tier),0,1.453469306276976,0.23957708050290322
13478,469,5,2215.78,1,4,4,144,9,At Risk (High Frequency),2,0.012684362723795322,1.285138035725201
13479,201,4,851.37,2,3,3,233,8,Need Attention,2,-0.2691206178837649,0.46651496816294563
13480,417,2,627.82,1,2,3,123,6,Need Attention,1,-1.0262781285573939,0.5895837261554244
13481,46,11,3830.84,4,5,5,455,14,Champions (Top Tier),0,1.524194972778142,0.4326668578073108
13482,232,2,336.09,2,2,2,222,6,Hibernating / Churned,1,-1.1085399643509015,0.08058634822591602
13483,66,1,140.34,3,1,1,311,5,Need Attention,1,-1.392875458751837,-1.0154510155592342
13484,241,3,790.72,2,3,3,233,8,Need Attention,2,-0.529863174405483,0.4623915005569169
13485,233,11,3019.22,2,5,5,255,12,At Risk (High Frequency),2,0.9014791210321077,1.2467692757938469
13486,78,3,1122.41,3,3,3,333,9,Loyal Customers,2,-0.015541298795247663,-0.050329489659132025
13487,58,5,846.87,4,4,3,443,11,Loyal Customers,2,0.26568360453399004,-0.1471566396271964
13488,17,23,15587.88,5,5,5,555,15,Champions (Top Tier),0,2.973822970572523,0.5770551808634611
13489,105,4,449.52,3,3,2,332,8,Loyal Customers,2,-0.33799724307572765,-0.08001650027336321
13490,654,1,154.25,1,1,1,111,3,Hibernating / Churned,1,-2.089424699576514,0.2701762738794637
13491,52,27,4566.56,4,5,5,455,14,Champions (Top Tier),0,2.2079954804669337,0.8616501722291948
13492,136,3,1269.84,3,3,4,334,10,Loyal Customers,2,-0.13994528981719584,0.2902355144159999
13493,275,2,618.63,2,2,3,223,7,Need Attention,1,-0.8984362839955033,0.3562342139011885
13494,312,1,316.26,2,1,2,212,5,Hibernating / Churned,1,-1.539634089693124,0.07682437652898644
13495,8,10,5374.26,5,5,5,555,15,Champions (Top Tier),0,2.1396948583452424,-0.40955326161999245
13496,11,2,653.33,5,2,3,523,10,New / Promising,3,0.1393713738129254,-1.356871826211989
13497,283,6,1320.33,2,4,4,244,10,At Risk (High Frequency),2,0.06805384245503517,0.9088218679246312
13498,730,1,327.38,1,1,2,112,4,Hibernating / Churned,1,-1.7989777173825081,0.554976777668927
13499,18,5,1159.11,5,4,3,543,12,Loyal Customers,3,0.768580607599807,-0.6782718632429845
13500,23,4,1466.3,4,3,4,434,11,Loyal Customers,3,0.656175941708572,-0.545835769588676
13501,288,3,2885.11,2,3,4,234,9,Need Attention,2,-0.02447837139441218,0.9474797621431167
13502,17,5,780.5,5,4,3,543,12,Loyal Customers,3,0.6141770528865184,-0.8263516834984166
13503,71,6,1905.39,3,4,4,344,11,Loyal Customers,2,0.6713908939864477,0.2616421626962817
13504,64,1,295.93,3,1,2,312,6,Need Attention,1,-1.0600834755088677,-0.8099527425079768
13505,73,4,4393.63,3,3,5,335,11,Loyal Customers,2,0.7692872702985043,0.40359972057693816
13506,316,5,1639.2,2,4,4,244,10,At Risk (High Frequency),2,0.008989503866490509,0.9777416640003229
13507,3,4,2479.16,5,3,4,534,12,Loyal Customers,3,1.4640629082286463,-1.3769740723183272
13508,244,2,287.05,2,2,1,221,5,Hibernating / Churned,1,-1.1931876921524969,0.06122355263133862
13509,9,8,1114.72,5,4,3,543,12,Loyal Customers,3,1.268447643999559,-0.8955580844855882
13510,1,11,4558.29,5,5,5,555,15,Champions (Top Tier),0,2.620880430580687,-1.2565793660705482
13511,677,1,282.76,1,1,1,111,3,Hibernating / Churned,1,-1.8381785633404937,0.4697454680132773
13512,261,4,713.39,2,3,3,233,8,Need Attention,2,-0.43007198752299747,0.5571011160686542
13513,127,3,824.59,3,3,3,333,9,Loyal Customers,2,-0.30564424404649865,0.12363778266507064
13514,74,4,815.9,3,3,3,333,9,Loyal Customers,2,0.03282916954777397,-0.09268413769260683
13515,73,6,1265.82,3,4,4,344,11,Loyal Customers,2,0.4847013766618639,0.15441087016551322
13516,21,4,1685.26,4,3,4,434,11,Loyal Customers,3,0.7448359654670687,-0.5521920065590327
13517,60,3,2128.42,3,3,4,334,10,Loyal Customers,2,0.34632932780476494,-0.0015223245465601277
13518,86,1,659.44,3,1,3,313,7,Need Attention,1,-0.8065417757451604,-0.409860350873778
13519,78,2,343.21,3,2,2,322,7,Need Attention,3,-0.7496313204603574,-0.5097202180064603
13520,59,11,6909.4,4,5,5,455,14,Champions (Top Tier),0,1.7017890291755466,0.7438759880071394
13521,1,3,1093.65,5,3,3,533,11,Loyal Customers,3,1.1621844514503414,-2.08579789605565
13522,30,1,125.8,4,1,1,411,6,New / Promising,3,-1.1908433852417777,-1.4730385654659048
13523,33,6,5101.52,4,4,5,445,13,Champions (Top Tier),0,1.3424296015746984,0.14251648293885982
13524,41,5,680.18,4,4,3,443,11,Loyal Customers,3,0.280360817998014,-0.40014180810680794
13525,15,2,628.78,5,2,3,523,10,New / Promising,3,0.029688673028093797,-1.2096449296433462
13526,738,2,1182.0,1,2,3,123,6,Need Attention,2,-0.935600928291053,1.0930487842229502
13527,34,12,4683.74,4,5,5,455,14,Champions (Top Tier),0,1.7680306923423708,0.3595236165091516
13529,79,2,307.76,3,2,2,322,7,Need Attention,1,-0.8009901351434107,-0.5353175510217889
13530,634,1,402.98,1,1,2,112,4,Hibernating / Churned,1,-1.6632920806428162,0.5393461410732748
13531,205,6,1738.52,2,4,4,244,10,At Risk (High Frequency),2,0.2915461033113346,0.8140281121424259
13532,34,1,210.31,4,1,1,411,6,New / Promising,3,-1.0078799940063676,-1.2532196558861377
13533,183,3,270.79,3,3,1,331,7,Loyal Customers,1,-0.906448358242861,-0.008792407807855826
13534,2,35,7720.9,5,5,5,555,15,Champions (Top Tier),0,3.5569145447883836,-0.47308580421943736
13535,403,1,89.5,2,1,1,211,4,Hibernating / Churned,1,-2.1679591703142984,-0.15790290273185567
13536,1,7,3448.29,5,4,5,545,14,Champions (Top Tier),0,2.1902362473960597,-1.488511189530532
13537,426,2,717.85,1,2,3,123,6,Need Attention,1,-0.9749475810810001,0.6413883004365527
13538,43,12,3112.73,4,5,5,455,14,Champions (Top Tier),0,1.5162819513224048,0.3634638817492419
13539,86,7,1569.36,3,4,4,344,11,Loyal Customers,2,0.6276607250155276,0.3568526282308912
13540,467,3,632.39,1,3,3,133,7,Need Attention,1,-0.8402534437188266,0.7593723425509197
13541,427,2,785.25,1,2,3,123,6,Need Attention,1,-0.9367091355152339,0.6695065895077895
13542,377,17,4006.17,2,5,5,255,12,At Risk (High Frequency),2,1.1786518154874197,1.7443397166145616
13543,634,2,1439.61,1,2,4,124,7,Cant Lose Them (High Spend),2,-0.8008247129119321,1.0683670961695844
13544,40,6,829.0,4,4,3,443,11,Loyal Customers,3,0.49170251931466064,-0.2978578431780246
13545,391,2,374.64,2,2,2,222,6,Hibernating / Churned,1,-1.2296798305906083,0.3999350839905578
13546,12,5,1092.14,5,4,3,543,12,Loyal Customers,3,0.8654457062820305,-0.905382970031311
13547,408,1,175.53,2,1,1,211,4,Hibernating / Churned,1,-1.8812260967886716,0.048887314057166516
13548,96,3,908.99,3,3,3,333,9,Loyal Customers,2,-0.17360102535076247,-0.00018378180122710855
13549,26,8,1005.8,4,4,3,443,11,Loyal Customers,3,0.9025093470882886,-0.37846864191442037
13550,383,1,349.51,2,1,2,212,5,Hibernating / Churned,1,-1.5623891660444602,0.21942039388869247
13551,319,2,244.2,2,2,1,221,5,Hibernating / Churned,1,-1.349640546221652,0.16031229087041005
13552,66,22,6978.92,3,5,5,355,13,Loyal Customers,0,2.1666619680784756,1.0458741223536872
13553,675,1,517.8,1,1,2,112,4,Hibernating / Churned,1,-1.574685411534052,0.6487387924847591
13554,380,7,1638.28,2,4,4,244,10,At Risk (High Frequency),2,0.16868499521882424,1.1843062859216387
13555,74,13,8999.19,3,5,5,355,13,Loyal Customers,0,1.8621528918777728,1.002470774122024
13556,429,2,200.82,1,2,1,121,4,Hibernating / Churned,1,-1.5299152545318515,0.2649966935959792
13557,28,13,3032.26,4,5,5,455,14,Champions (Top Tier),0,1.6962461395401005,0.15280960563084722
13558,6,4,605.06,5,3,2,532,10,Loyal Customers,3,0.6699630437425198,-1.490121039767683
13559,513,2,990.0,1,2,3,123,6,Need Attention,1,-0.8952278679024125,0.8397782396694229
13560,7,1,174.37,5,1,1,511,7,New / Promising,3,-0.6116498358161423,-2.1230792492126223
13561,216,11,1820.72,2,5,4,254,11,At Risk (High Frequency),2,0.7059065268878847,1.0538341070509543
13562,82,8,4838.18,3,4,5,345,12,Loyal Customers,2,1.2224018082161594,0.7109017236787465
13563,84,2,777.53,3,2,3,323,8,Need Attention,3,-0.4181940224112542,-0.2250304968120931
13564,144,37,17249.55,3,5,5,355,13,Loyal Customers,0,2.6935981894218415,1.926336409582452
13565,19,3,414.8,5,3,2,532,10,Loyal Customers,3,-0.003705623867112908,-1.1055444709599265
13566,41,5,1708.12,4,4,4,444,12,Champions (Top Tier),2,0.6806168342870865,-0.12477050668749295
13567,428,4,1083.69,1,3,3,133,7,Need Attention,2,-0.40784852488327183,0.9540961861774464
13568,173,1,192.85,3,1,1,311,5,Need Attention,1,-1.5640840980988782,-0.39449296577988996
13569,17,4,893.78,5,3,3,533,11,Loyal Customers,3,0.5340162934089085,-0.8525674001108998
13570,243,1,239.49,2,1,1,211,4,Hibernating / Churned,1,-1.5796325752432696,-0.1434656386353782
13571,13,26,4546.54,5,5,5,555,15,Champions (Top Tier),0,2.6089017223454145,0.1127659230345729
13572,206,1,1384.25,2,1,4,214,7,Cant Lose Them (High Spend),1,-0.7645955812428709,0.28997390018489083
13573,50,6,916.47,4,4,3,443,11,Loyal Customers,2,0.4647086893525445,-0.14748481823331572
13574,411,1,421.25,1,1,2,112,4,Hibernating / Churned,1,-1.504131998435176,0.3139805797485217
13575,23,5,732.07,4,4,3,443,11,Loyal Customers,3,0.49329793480758866,-0.6868277867000073
13576,10,28,11551.74,5,5,5,555,15,Champions (Top Tier),0,3.147065768138729,0.2849986204906035
13577,25,11,3489.28,4,5,5,455,14,Champions (Top Tier),0,1.6750567011581152,0.07816645225504226
13578,409,1,147.66,2,1,1,211,4,Hibernating / Churned,1,-1.9567795192552617,-0.0012022353889456269
13579,15,5,1539.04,5,4,4,544,13,Champions (Top Tier),3,0.9474237480811768,-0.6882547937236199
13580,406,1,107.75,2,1,1,211,4,Hibernating / Churned,1,-2.090422442892995,-0.09883173251454794
13581,309,2,280.53,2,2,1,221,5,Hibernating / Churned,1,-1.2792560427616908,0.18416013040293888
13582,390,2,241.68,2,2,1,221,5,Hibernating / Churned,1,-1.4189455416661603,0.26774536028759954
13583,156,2,1445.03,3,2,4,324,9,Need Attention,2,-0.3472425818617053,0.29875094393367935
13584,307,3,392.45,2,3,2,232,7,Need Attention,1,-0.9121097900849623,0.38608777437406394
13585,531,3,684.54,1,3,3,133,7,Need Attention,2,-0.8472828785907204,0.8537532861483553
13586,541,1,131.53,1,1,1,111,3,Hibernating / Churned,1,-2.097023454250838,0.11836258475685889
13587,64,4,1673.5,3,3,4,334,10,Loyal Customers,2,0.39140945656009674,0.043244095186622325
13588,16,9,2478.95,5,5,4,554,14,Champions (Top Tier),0,1.5247228438515772,-0.32521862436085286
13589,15,6,1120.74,5,4,3,543,12,Loyal Customers,3,0.9270987942824088,-0.7267013945515666
13590,11,18,6349.59,5,5,5,555,15,Champions (Top Tier),0,2.5360529044236437,-0.0009113928659389754
13591,65,7,2093.94,3,4,4,344,11,Loyal Customers,2,0.8424140331852717,0.29075969811633484
13592,36,4,247.96,4,3,1,431,8,Loyal Customers,3,-0.25565000711710045,-0.8380920848033933
13593,108,14,5523.69,3,5,5,355,13,Loyal Customers,0,1.581519161169256,1.0878443851067074
13594,53,2,533.32,4,2,2,422,8,New / Promising,3,-0.4352453383413209,-0.5879336769570076
13595,517,3,818.22,1,3,3,133,7,Need Attention,2,-0.7611455970522335,0.8923714928035116
13596,6,2,697.04,5,2,3,523,10,New / Promising,3,0.34183251427772954,-1.6348042917417547
13597,400,2,396.71,2,2,2,222,6,Hibernating / Churned,1,-1.2121805210131176,0.4295455624316898
13598,47,5,789.59,4,4,3,443,11,Loyal Customers,3,0.3019834631473717,-0.2819024841737918
13599,1,33,10167.63,5,5,5,555,15,Champions (Top Tier),0,3.764218573580351,-0.6352523365732559
13600,312,2,518.42,2,2,2,222,6,Hibernating / Churned,1,-1.0158806801406337,0.37281422234370853
13601,45,4,1185.14,4,3,3,433,10,Loyal Customers,3,0.35320394455583365,-0.250673794349745
13602,65,4,1025.17,3,3,3,333,9,Loyal Customers,2,0.17340896658278449,-0.09491945078595578
13603,26,1,164.34,4,1,1,411,6,New / Promising,3,-1.030688316070766,-1.4697924258463342
13604,659,1,717.62,1,1,3,113,5,Need Attention,1,-1.4251749989091922,0.7330585634866302
13605,387,2,522.67,2,2,2,222,6,Hibernating / Churned,1,-1.081807565602426,0.493730122886798
13606,29,3,280.54,4,3,1,431,8,Loyal Customers,3,-0.3045037381112577,-0.9986298602350039
13607,40,2,1078.31,4,2,3,423,9,New / Promising,3,-0.04025561447364178,-0.5293748280137537
13608,541,1,236.2,1,1,1,111,3,Hibernating / Churned,1,-1.8437513295653634,0.2926107453079392
13609,593,1,167.35,1,1,1,111,3,Hibernating / Churned,1,-2.0225607848977396,0.2405075066966678
13610,12,14,2175.88,5,5,4,554,14,Champions (Top Tier),0,1.8640228577220075,-0.36378671513738137
13611,89,10,3319.53,3,5,5,355,13,Loyal Customers,2,1.1853975354538695,0.7162734196797893
13612,633,1,818.29,1,1,3,113,5,Need Attention,1,-1.3551316577669106,0.7501368120140828
13613,453,5,1039.85,1,4,3,143,8,At Risk (High Frequency),2,-0.30506063694702884,1.0397228722103458
13614,24,6,2359.19,4,4,4,444,12,Champions (Top Tier),3,1.1064155857269677,-0.257874279136649
13615,319,8,6272.53,2,4,5,245,11,At Risk (High Frequency),2,0.898895834594213,1.5329314706251669
13616,568,2,288.1,1,2,1,121,4,Hibernating / Churned,1,-1.4641301339405293,0.5270705479351657
13617,40,8,1278.75,4,4,4,444,12,Champions (Top Tier),2,0.871779385951398,-0.0762524440326575
13618,174,1,177.34,3,1,1,311,5,Need Attention,1,-1.6022221564996828,-0.41629552157590005
13619,545,2,231.69,1,2,1,121,4,Hibernating / Churned,1,-1.5452313696775681,0.43933444776514935
13620,528,1,112.34,1,1,1,111,3,Hibernating / Churned,1,-2.157229191944733,0.058149124754014354
13621,117,1,213.85,3,1,1,311,5,Need Attention,1,-1.3937221872924541,-0.5779137481597907
13622,696,1,658.95,1,1,3,113,5,Need Attention,1,-1.47987370872329,0.7376488349621498
13623,31,10,2566.49,4,5,4,454,13,Champions (Top Tier),0,1.4079364303493807,0.0689276691552507
13624,388,1,462.08,2,1,2,212,5,Hibernating / Churned,1,-1.4453919825351484,0.3099270781482986
13625,597,1,301.26,1,1,2,112,4,Hibernating / Churned,1,-1.7700896889568074,0.41939971748757404
13626,253,2,707.04,2,2,3,223,7,Need Attention,1,-0.8135369934729901,0.35034418900438025
13627,59,7,2245.9,4,4,4,444,12,Champions (Top Tier),2,0.9037086793742898,0.25915252301772435
13628,676,1,310.14,1,1,2,112,4,Hibernating / Churned,1,-1.7976218755439435,0.4965054338729337
13629,23,19,13370.86,4,5,5,455,14,Champions (Top Tier),0,2.6749741118244312,0.6230719641806314
13630,5,7,2031.78,5,4,4,544,13,Champions (Top Tier),0,1.6048491463657863,-1.040843015301869
13631,100,11,3070.42,3,5,5,355,13,Loyal Customers,2,1.1805357567080892,0.7883792652867214
13632,25,8,3648.15,4,4,5,445,13,Champions (Top Tier),0,1.4750074078150461,-0.01381070981437162
13634,33,16,5073.47,4,5,5,455,14,Champions (Top Tier),0,2.0167824662549383,0.46565058772887136
13635,68,4,2999.16,3,3,5,335,11,Loyal Customers,2,0.6258264854575335,0.2507472963332114
13636,37,5,949.12,4,4,3,443,11,Loyal Customers,3,0.4575165606806454,-0.35573282111378995
13637,52,3,810.5,4,3,3,433,10,Loyal Customers,3,-0.027957332245038678,-0.3678478831895735
13638,16,1,122.64,5,1,1,511,7,New / Promising,3,-1.007518441457321,-1.8119567630697764
13639,74,2,1346.27,3,2,4,324,9,Need Attention,2,-0.13908941041682835,-0.12989545650266113
13640,611,1,405.0,1,1,2,112,4,Hibernating / Churned,1,-1.649189821501428,0.5204906251334113
13641,641,5,1016.47,1,4,3,143,8,At Risk (High Frequency),2,-0.42700967335966356,1.2240332332299257
13642,216,4,514.72,2,3,2,232,7,Need Attention,2,-0.5109087765404643,0.35561430593830823
13643,31,10,2156.77,4,5,4,454,13,Champions (Top Tier),0,1.3322919567630036,0.01688518562237213
13644,16,4,2624.26,5,3,4,534,12,Loyal Customers,3,1.0208309519039218,-0.5618896523160682
13645,120,1,252.1,3,1,1,311,5,Need Attention,1,-1.3305525440058368,-0.5150199513730355
13646,400,2,326.25,2,2,2,222,6,Hibernating / Churned,1,-1.297025373070312,0.37117332971340594
13647,10,8,3071.68,5,4,5,545,14,Champions (Top Tier),0,1.6784048235374618,-0.5397353491818097
13648,400,8,1764.02,2,4,4,244,10,At Risk (High Frequency),2,0.2741280620106126,1.277761230149271
13649,257,6,1678.88,2,4,4,244,10,At Risk (High Frequency),2,0.20356892977166324,0.9277321445309995
13650,17,10,3288.0,5,5,5,555,15,Champions (Top Tier),0,1.701779699952211,-0.17428625096931574
13651,35,3,226.85,4,3,1,431,8,Loyal Customers,3,-0.4555337080342761,-0.9614062415523196
13652,46,5,2570.85,4,4,4,444,12,Champions (Top Tier),2,0.8220427566782358,0.059595123154932685
13653,488,1,152.2,1,1,1,111,3,Hibernating / Churned,1,-2.000679823646321,0.10499088481958567
13654,43,11,6308.0,4,5,5,455,14,Champions (Top Tier),0,1.76248464217499,0.5455509093053047
13655,114,6,2280.51,3,4,4,344,11,Loyal Customers,2,0.5980978430052836,0.5736900643023649
13656,165,4,1078.85,3,3,3,333,9,Loyal Customers,2,-0.10271172455354093,0.4290670626043079
13657,11,2,382.14,5,2,2,522,9,New / Promising,3,-0.09350161488245198,-1.517085627760791
13658,10,9,6025.5,5,5,5,555,15,Champions (Top Tier),0,2.0518575275370434,-0.29952481943500475
13659,206,12,4894.88,2,5,5,255,12,At Risk (High Frequency),2,1.2123644791373542,1.3530487986166724
13660,400,1,314.59,2,1,2,212,5,Hibernating / Churned,1,-1.6220618099180728,0.21189835928056291
13661,603,1,325.24,1,1,2,112,4,Hibernating / Churned,1,-1.7401002013634952,0.44776004885451715
13662,86,11,2250.11,3,5,4,354,12,Loyal Customers,2,1.0936006202495927,0.6130674749710432
13663,179,5,2047.51,3,4,4,344,11,Loyal Customers,2,0.2887519760003964,0.732131502042102
13665,386,3,1711.66,2,3,4,234,9,Need Attention,2,-0.3459825623434483,0.9523168856628357
13666,60,5,127.9,3,4,1,341,8,Loyal Customers,3,-0.5647008454994864,-0.6926462418913176
13667,149,1,305.02,3,1,2,312,6,Need Attention,1,-1.3174273336226914,-0.3396841892611931
13668,3,35,13089.94,5,5,5,555,15,Champions (Top Tier),0,3.6935451505193493,-0.15639832989107497
13669,51,3,413.55,4,3,2,432,9,Loyal Customers,3,-0.3140524955555896,-0.5794226138029911
13670,75,1,349.7,3,1,2,312,6,Need Attention,1,-1.0382332576976931,-0.6738965979801289
13671,395,1,194.95,2,1,1,211,4,Hibernating / Churned,1,-1.8253678336142478,0.06231379610274941
13672,301,3,419.92,2,3,2,232,7,Need Attention,1,-0.8763824195896395,0.3954395932292088
13673,19,2,396.92,5,2,2,522,9,New / Promising,3,-0.24224675990575037,-1.2240035555632693
13674,433,1,240.68,1,1,1,111,3,Hibernating / Churned,1,-1.7637380292392975,0.1756430251170494
13675,151,2,486.82,3,2,2,322,7,Need Attention,1,-0.809572956046011,-0.0443798970280591
13676,539,2,243.9,1,2,1,121,4,Hibernating / Churned,1,-1.5194050660733378,0.44854923942461433
13677,405,2,556.19,2,2,2,222,6,Hibernating / Churned,1,-1.069478321825151,0.5373150708859272
13678,152,1,232.6,3,1,1,311,5,Need Attention,1,-1.4413277808244735,-0.40959749657685907
13679,494,3,281.26,1,3,1,131,5,Need Attention,1,-1.2100709635634093,0.5483597675983523
13680,1,12,11435.67,5,5,5,555,15,Champions (Top Tier),0,3.0820769928935445,-0.9519842575946247
13681,18,4,827.83,5,3,3,533,11,Loyal Customers,3,0.48321672921653747,-0.8456648454272699
13682,187,1,59.5,3,1,1,311,5,Need Attention,1,-2.0957668373827025,-0.7003812446628124
13683,458,1,258.6,1,1,1,111,3,Hibernating / Churned,1,-1.7507297683820298,0.22794509996267814
13684,286,4,596.98,2,3,2,232,7,Need Attention,2,-0.5369410842359619,0.5541238203899278
13685,3,7,3119.44,5,4,5,545,14,Champions (Top Tier),0,1.9224596467636013,-1.1361909075598873
13686,183,3,409.04,3,3,2,332,8,Loyal Customers,1,-0.7275224149564253,0.11430647854312358
13687,438,1,11880.84,1,1,5,115,7,Cant Lose Them (High Spend),2,-0.07264382410794167,1.347962324678741
13688,635,1,375.5,1,1,2,112,4,Hibernating / Churned,1,-1.6944529754250628,0.5191258777313641
13689,63,2,1259.5,3,2,4,324,9,Need Attention,3,-0.11675821135269504,-0.23730392270990536
13690,59,1,172.25,4,1,1,411,6,New / Promising,1,-1.2686129764184204,-1.015377513299889
13691,396,1,212.78,2,1,1,211,4,Hibernating / Churned,1,-1.7882911681643998,0.08977436266545522
13692,25,5,3114.4,4,4,5,445,13,Champions (Top Tier),3,1.0969507596357153,-0.20956294480220156
13693,374,9,2011.82,2,5,4,254,11,At Risk (High Frequency),2,0.4333298648156457,1.3186793550593565
13694,4,143,196482.81,5,5,5,555,15,Champions (Top Tier),0,5.857260273100772,1.2849401807296534
13695,31,16,2770.73,4,5,4,454,13,Champions (Top Tier),0,1.7732602597134746,0.25118229761186645
13696,422,3,2020.4,1,3,4,134,8,Need Attention,2,-0.30263505833906906,1.0509913982331063
13697,39,1,151.3,4,1,1,411,6,New / Promising,3,-1.193552945498586,-1.2775971969160147
13698,597,2,465.53,1,2,2,122,5,Hibernating / Churned,1,-1.2719884983475886,0.6977411467208444
13699,155,2,764.15,3,2,3,323,8,Need Attention,2,-0.6221224018625231,0.10469077234470285
13700,26,13,2613.46,4,5,4,454,13,Champions (Top Tier),0,1.6547097756596916,0.06891854921210418
13701,447,1,161.0,1,1,1,111,3,Hibernating / Churned,1,-1.948056180758602,0.07341021280526674
13702,446,1,135.18,1,1,1,111,3,Hibernating / Churned,1,-2.0228757997491447,0.0202054438045273
13703,318,2,425.56,2,2,2,222,6,Hibernating / Churned,1,-1.1077199825294757,0.3243279452462133
13704,5,9,2308.06,5,5,4,554,14,Champions (Top Tier),0,1.8304901364854644,-0.9210169938253069
13705,8,7,2035.33,5,4,4,544,13,Champions (Top Tier),0,1.474470542780014,-0.8166818410590951
13706,303,2,631.17,2,2,3,223,7,Need Attention,1,-0.9209701969626035,0.41552749431154673
13707,267,5,3365.86,2,4,5,245,11,At Risk (High Frequency),2,0.3762083939919518,1.100405313219633
13708,271,1,296.88,2,1,2,212,5,Hibernating / Churned,1,-1.5216498162730339,-0.019483548128283554
13709,4,18,7591.75,5,5,5,555,15,Champions (Top Tier),0,2.8969316820284465,-0.4303089149115696
13710,32,3,509.52,4,3,2,432,9,Loyal Customers,3,-0.07637461608116457,-0.767902630789431
13711,219,9,1792.26,2,5,4,254,11,At Risk (High Frequency),2,0.5555569859423084,0.9899575451065314
13712,247,2,766.42,2,2,3,223,7,Need Attention,1,-0.7707647642315096,0.36126631890581656
13713,408,3,743.26,2,3,3,233,8,Need Attention,2,-0.7264866563378835,0.7333335887620495
13714,465,1,161.35,1,1,1,111,3,Hibernating / Churned,1,-1.959857665038819,0.09578357595364295
13715,281,17,8483.29,2,5,5,255,12,At Risk (High Frequency),0,1.5997968789057109,1.8072886569346864
13716,269,1,138.28,2,1,1,211,4,Hibernating / Churned,1,-1.850031437803756,-0.25111888530497006
13717,32,8,1763.3,4,4,4,444,12,Champions (Top Tier),0,1.081691060924412,-0.09985978121976385
13718,246,2,306.55,2,2,2,222,6,Hibernating / Churned,1,-1.1673162574810743,0.08531610779730232
13719,15,11,2815.25,5,5,4,554,14,Champions (Top Tier),0,1.7387194375770774,-0.2538534268281519
13720,117,4,799.9,3,3,3,333,9,Loyal Customers,2,-0.12235281543380404,0.15136025721547627
13721,36,2,741.54,4,2,3,423,9,New / Promising,3,-0.1697840110294585,-0.6979507310628241
13722,132,10,5635.41,3,5,5,355,13,Loyal Customers,2,1.289310961662805,1.0900711179014393
13723,217,6,1209.2,2,4,3,243,9,At Risk (High Frequency),2,0.11536785033215328,0.736646828376379
13724,637,1,213.01,1,1,1,111,3,Hibernating / Churned,1,-1.9412570571236614,0.3517580288167488
13725,50,8,1980.56,4,4,4,444,12,Champions (Top Tier),2,0.991426937223358,0.17500807878588623
13726,39,2,1079.66,4,2,3,423,9,New / Promising,3,-0.03172550278936316,-0.54262012851988
13727,29,8,1080.05,4,4,3,443,11,Loyal Customers,3,0.8993932863378213,-0.2990555975754625
13728,37,16,2855.17,4,5,4,454,13,Champions (Top Tier),0,1.7307369325102877,0.3549516119667171
13729,436,3,724.73,1,3,3,133,7,Need Attention,2,-0.7588732962325839,0.7623096473189226
13730,136,2,752.6,3,2,3,323,8,Need Attention,2,-0.5867354918768679,0.028503589441026343
13731,219,2,610.59,2,2,2,222,6,Hibernating / Churned,1,-0.8307746288604448,0.22724523991188622
13732,28,1,491.86,4,1,2,412,7,New / Promising,3,-0.5785693709647804,-1.103425516146394
13733,411,2,487.03,1,2,2,122,5,Hibernating / Churned,1,-1.131887211650809,0.5057343243430331
13734,509,4,6701.64,1,3,5,135,9,Need Attention,2,0.32862966326211496,1.5946633569825988
13735,25,13,9813.22,4,5,5,455,14,Champions (Top Tier),0,2.2424615201200258,0.4440708313536522
13736,5,7,2766.21,5,4,4,544,13,Champions (Top Tier),0,1.7390507931055958,-0.948513904404341
13737,200,1,339.6,2,1,2,212,5,Hibernating / Churned,1,-1.3655026044039984,-0.14621139829635205
13738,396,1,440.93,2,1,2,212,5,Hibernating / Churned,1,-1.472316355091647,0.30716121495633525
13739,18,2,292.2,5,2,2,522,9,New / Promising,3,-0.35853644202506174,-1.3437142669240953
13740,241,5,1597.77,2,4,4,244,10,At Risk (High Frequency),2,0.08517124308231824,0.8211815765419697
13741,72,3,668.43,3,3,3,333,9,Loyal Customers,3,-0.2152469990483037,-0.24886748864678349
13742,17,12,3131.02,5,5,5,555,15,Champions (Top Tier),0,1.8079138592542416,-0.12777824442908056
13743,3,7,1341.6,5,4,4,544,13,Champions (Top Tier),3,1.555507122070301,-1.388649809291719
13744,95,2,1156.36,3,2,3,323,8,Need Attention,2,-0.2850395585297789,-0.03921937793761527
13745,162,2,777.36,3,2,3,323,8,Need Attention,2,-0.6288711120114453,0.13402510392910583
13746,414,1,176.69,1,1,1,111,3,Hibernating / Churned,1,-1.8830864887175471,0.058880511324321004
13747,374,2,249.4,2,2,1,221,5,Hibernating / Churned,1,-1.3918066119936565,0.2540746085213751
13748,96,9,2268.35,3,5,4,354,12,Loyal Customers,2,0.9228645708814183,0.6087585399582511
13750,54,11,3602.18,4,5,5,455,14,Champions (Top Tier),0,1.4465858691137194,0.5009460367508628
13751,288,1,296.25,2,1,2,212,5,Hibernating / Churned,1,-1.5421785685459846,0.013320873837819425
13752,124,7,1590.73,3,4,4,344,11,Loyal Customers,2,0.5163305976869496,0.5607876842105697
13753,288,4,2094.57,2,3,4,234,9,Need Attention,2,0.006444472761231451,0.9333420527026473
13754,152,3,447.05,3,3,2,332,8,Loyal Customers,1,-0.629279005820595,0.039081742311096124
13755,4,9,2161.35,5,5,4,554,14,Champions (Top Tier),0,1.8608951804684501,-1.0412291035934707
13756,2,23,9207.5,5,5,5,555,15,Champions (Top Tier),0,3.32427130170242,-0.5687953740760207
13757,675,1,195.55,1,1,1,111,3,Hibernating / Churned,1,-1.9969987537107896,0.3581923174557373
13758,12,15,9416.98,5,5,5,555,15,Champions (Top Tier),0,2.5505568265465417,0.098298276116334
13759,33,2,659.41,4,2,3,423,9,New / Promising,3,-0.19343717293583806,-0.7796775127381537
13760,54,5,1363.64,4,4,4,444,12,Champions (Top Tier),2,0.4954638970223955,-0.04341388079266592
13761,50,6,1952.17,4,4,4,444,12,Champions (Top Tier),2,0.7934690726700921,0.07869835185021049
13762,219,5,2472.48,2,4,4,244,10,At Risk (High Frequency),2,0.30587299136890456,0.8992445609754182
13763,63,3,5217.44,3,3,5,335,11,Loyal Customers,2,0.7208075429524792,0.29327685901024353
13764,71,6,2953.26,3,4,4,344,11,Loyal Customers,2,0.8619827731484494,0.3927670719265995
13765,653,1,352.82,1,1,2,112,4,Hibernating / Churned,1,-1.7305123346383064,0.5159209471619954
13766,495,1,190.35,1,1,1,111,3,Hibernating / Churned,1,-1.9085269463733991,0.17939320557115318
13767,2,73,35540.53,5,5,5,555,15,Champions (Top Tier),0,4.770728224874867,0.24765469338516857
13768,727,2,875.97,1,2,3,123,6,Need Attention,1,-1.060993098203206,0.9951717946839527
13769,2,20,5800.42,5,5,5,555,15,Champions (Top Tier),0,3.0213971879698964,-0.7559780480339202
13770,422,4,785.37,1,3,3,133,7,Need Attention,2,-0.5432324508471276,0.8500510477605919
13771,64,9,5728.82,3,5,5,355,13,Loyal Customers,0,1.4553294446774816,0.6652076843965877
13772,34,8,3114.22,4,4,5,445,13,Champions (Top Tier),0,1.3100374849996699,0.1027867113428388
13773,397,2,301.54,2,2,2,222,6,Hibernating / Churned,1,-1.3287570992668714,0.34352943580713396
13774,82,1,345.0,3,1,2,312,6,Need Attention,1,-1.0726000031463152,-0.6293389411870131
13775,591,1,1049.66,1,1,3,113,5,Need Attention,1,-1.2247372359413258,0.7867897572715872
13776,428,2,623.98,1,2,3,123,6,Need Attention,1,-1.037344455559935,0.6020771806927209
13777,1,61,56478.42,5,5,5,555,15,Champions (Top Tier),0,4.968449324906451,0.0979027472933516
13778,103,4,1124.49,3,3,3,333,9,Loyal Customers,2,0.06653283111645782,0.18355058511231093
13779,516,1,161.13,1,1,1,111,3,Hibernating / Churned,1,-1.9940377647534941,0.15266129034772552
13780,7,3,735.82,5,3,3,533,11,Loyal Customers,3,0.5415867523717757,-1.43966691870002
13781,251,3,778.83,2,3,3,233,8,Need Attention,2,-0.5495430554384537,0.4801952982666539
13782,13,13,1793.72,5,5,4,554,14,Champions (Top Tier),0,1.7034389747921974,-0.4059524424926956
13783,488,4,1542.09,1,3,4,134,8,Need Attention,2,-0.296815513030375,1.1318161806090599
13784,10,14,2910.23,5,5,4,554,14,Champions (Top Tier),0,2.0445299784979083,-0.36891225409761735
13785,429,4,542.49,1,3,2,132,6,Need Attention,2,-0.7092755407756653,0.748520311535562
13786,367,6,3358.94,2,4,5,245,11,At Risk (High Frequency),2,0.3903278679488291,1.3311118609191532
13787,76,6,1222.5,3,4,3,343,10,Loyal Customers,2,0.45670920756358846,0.1659145591170881
13788,505,1,3.75,1,1,1,111,3,Hibernating / Churned,1,-3.5231122430448356,-0.9159708677222794
13789,388,1,239.46,2,1,1,211,4,Hibernating / Churned,1,-1.7305361537913415,0.1137513347854783
13790,4,1,348.8,5,1,2,512,8,New / Promising,3,-0.15921468166723932,-2.175627013154956
13791,128,2,1516.0,3,2,4,324,9,Need Attention,2,-0.26286389171808056,0.2047484359082067
13792,66,3,383.95,3,3,2,332,8,Loyal Customers,3,-0.42825697792098405,-0.46180566313160604
13793,647,1,96.0,1,1,1,111,3,Hibernating / Churned,1,-2.2905905930743398,0.12345949998204626
13794,547,1,126.03,1,1,1,111,3,Hibernating / Churned,1,-2.119026381703395,0.11174684044397241
13795,388,4,836.3,2,3,3,233,8,Need Attention,2,-0.4888267012100831,0.8226196741894225
13796,499,1,289.7,1,1,1,111,3,Hibernating / Churned,1,-1.7291693576778875,0.3090065555969404
13797,437,3,1179.45,1,3,3,133,7,Need Attention,2,-0.5479458735593286,0.9091944779135407
13798,1,110,75836.87,5,5,5,555,15,Champions (Top Tier),0,5.540880728573446,0.39930406015393194
13799,117,9,2803.57,3,5,4,354,12,Loyal Customers,2,0.9516180525875922,0.7802387303171006
13800,310,3,1679.56,2,3,4,234,9,Need Attention,2,-0.28350390903326006,0.8260642239450728
13801,67,1,324.8,3,1,2,312,6,Need Attention,1,-1.0343043976578874,-0.7572904838580214
13802,139,19,26259.11,3,5,5,355,13,Loyal Customers,0,2.398235956928889,1.7978278805090253
13803,255,3,1338.91,2,3,4,234,9,Need Attention,2,-0.31912221776303046,0.6509124463142884
13804,31,9,3208.52,4,5,5,455,14,Champions (Top Tier),0,1.4323549622795253,0.1008527808006653
13805,52,2,924.6,4,2,3,423,9,New / Promising,3,-0.19013272276607332,-0.43376825788917567
13806,64,1,256.38,3,1,1,311,5,Need Attention,1,-1.1222785756427802,-0.8527422196645444
13807,367,3,534.8,2,3,2,232,7,Need Attention,1,-0.8353107314122795,0.5766967662916113
13808,6,5,1747.66,5,4,4,544,13,Champions (Top Tier),3,1.2700690744525889,-1.1061892609868922
13809,305,3,679.7,2,3,3,233,8,Need Attention,2,-0.6714924255799842,0.5465867664004894
13810,29,3,1499.01,4,3,4,434,11,Loyal Customers,3,0.42340580762564806,-0.4978368908162792
13811,184,3,814.5,3,3,3,333,9,Loyal Customers,2,-0.4301205832826063,0.3231108784880472
13812,42,3,539.0,4,3,2,432,9,Loyal Customers,3,-0.13755647969750723,-0.6051033373070475
13813,40,8,2765.47,4,4,4,444,12,Champions (Top Tier),0,1.2072048348873803,0.15451621063748375
13814,92,3,2257.32,3,3,4,334,10,Loyal Customers,2,0.23550423250419442,0.2486782766825164
13815,22,8,7475.74,4,4,5,445,13,Champions (Top Tier),0,1.8267618901154792,0.1332888285162057
13816,24,2,571.67,4,2,2,422,8,New / Promising,3,-0.15601345723973892,-0.991946420480338
13817,29,2,382.98,4,2,2,422,8,New / Promising,3,-0.3889006149210769,-1.0110395575894118
13818,430,1,61.28,1,1,1,111,3,Hibernating / Churned,1,-2.3514853822875814,-0.2340893721463036
13819,302,6,2642.35,2,4,4,244,10,At Risk (High Frequency),2,0.3488144680711743,1.1521097208389208
13820,418,3,660.65,1,3,3,133,7,Need Attention,2,-0.7854909387244173,0.7114377091583516
13821,145,6,1410.73,3,4,4,344,11,Loyal Customers,2,0.3120447338329363,0.56164074923619
13822,6,2,632.0,5,2,3,523,10,New / Promising,3,0.2992766678572919,-1.664082199717866
13823,19,7,3403.45,5,4,5,545,14,Champions (Top Tier),0,1.4398279206501523,-0.22241134323451103
13824,33,12,3314.76,4,5,5,455,14,Champions (Top Tier),0,1.627023560245935,0.24007390963647832
13825,622,2,255.59,1,2,1,121,4,Hibernating / Churned,1,-1.5453588885276315,0.5413684231789447
13826,176,1,189.5,3,1,1,311,5,Need Attention,1,-1.5771978254054746,-0.39028269190208936
13827,58,3,412.05,4,3,2,432,9,Loyal Customers,3,-0.356476350079484,-0.5108489990302479
13828,22,1,209.49,4,1,1,411,6,New / Promising,3,-0.8737802424190431,-1.4859586756583738
13829,421,1,102.0,1,1,1,111,3,Hibernating / Churned,1,-2.1257639594424567,-0.09513087588627805
13830,582,1,156.85,1,1,1,111,3,Hibernating / Churned,1,-2.044535984552428,0.2109197371053913
13831,16,18,7023.58,5,5,5,555,15,Champions (Top Tier),0,2.467289616283487,0.22139552042457628
13832,19,2,613.69,5,2,2,522,9,New / Promising,3,-0.05303403199724374,-1.0938274857259234
13833,159,2,701.36,3,2,3,323,8,Need Attention,1,-0.6675670193239844,0.0930232866739336
13834,577,2,324.19,1,2,2,122,5,Hibernating / Churned,1,-1.4180213876282657,0.5709406908262318
13835,25,7,1095.27,4,4,3,443,11,Loyal Customers,3,0.8619250264660226,-0.41691214233792384
13836,399,2,620.37,2,2,3,223,7,Need Attention,1,-1.0172276622647443,0.5617380023746296
13837,212,2,271.24,2,2,1,221,5,Hibernating / Churned,1,-1.1724807712086744,-0.03287443969381236
13838,6,10,1966.09,5,5,4,554,14,Champions (Top Tier),0,1.783586636134027,-0.8490874283890602
13839,486,1,139.95,1,1,1,111,3,Hibernating / Churned,1,-2.035615516961089,0.07778311040645394
13840,416,1,651.4,1,1,3,113,5,Need Attention,1,-1.3187366416529167,0.450867902685961
13841,253,1,85.0,2,1,1,211,4,Hibernating / Churned,1,-2.0400550705975955,-0.42913925397111735
13842,59,18,5629.91,4,5,5,455,14,Champions (Top Tier),0,1.9631865321937665,0.8507878255734023
13843,381,1,319.75,2,1,2,212,5,Hibernating / Churned,1,-1.5993058940458702,0.1899799591363822
13844,11,1,361.62,5,1,2,512,8,New / Promising,3,-0.4267025750501524,-1.68197769155534
13845,65,1,312.98,3,1,2,312,6,Need Attention,1,-1.0407282218947966,-0.784818405745162
13846,25,4,1307.79,4,3,4,434,11,Loyal Customers,3,0.5805465033959495,-0.5359089144284164
13847,720,1,310.72,1,1,2,112,4,Hibernating / Churned,1,-1.8171769659730168,0.5317935670175288
13848,92,8,3335.0,3,4,5,345,12,Loyal Customers,2,1.023762149056155,0.662297856827727
13849,52,5,3469.3,4,4,5,445,13,Champions (Top Tier),2,0.9135491562775762,0.21555103168670398
13850,129,1,1595.48,3,1,4,314,8,Need Attention,2,-0.5523927404203921,0.07587969357209827
13851,96,8,4606.46,3,4,5,345,12,Loyal Customers,2,1.1506393788598033,0.7821852715759277
13852,611,1,187.35,1,1,1,111,3,Hibernating / Churned,1,-1.9833725384849417,0.2905769550259993
13853,57,1,1090.14,4,1,3,413,8,New / Promising,3,-0.4569500697351648,-0.48320556021890704
13854,9,39,12253.96,5,5,5,555,15,Champions (Top Tier),0,3.4488399487650074,0.3678040439956733
13855,501,4,1310.34,1,3,4,134,8,Need Attention,2,-0.37610923929433726,1.097572927862657
13856,169,11,1142.03,3,5,3,353,11,Loyal Customers,2,0.5820527163288104,0.7796735097913031
13857,393,6,1001.01,2,4,3,243,9,At Risk (High Frequency),2,-0.1581915331363149,1.0065816176600584
13858,57,1,216.17,4,1,1,411,6,New / Promising,1,-1.159338688356172,-0.9664404402465233
13859,326,2,515.86,2,2,2,222,6,Hibernating / Churned,1,-1.0321825558329096,0.39546987830324576
13860,1,5,1245.9,5,4,3,543,12,Loyal Customers,3,1.5280969285118406,-1.8984007040135351
13861,429,2,273.26,1,2,1,121,4,Hibernating / Churned,1,-1.3964684829577105,0.3568064595035017
13862,18,9,2556.09,5,5,4,554,14,Champions (Top Tier),0,1.5020775335625747,-0.25470143003367207
13863,248,4,1239.55,2,3,3,233,8,Need Attention,2,-0.1734862746383279,0.6942351052374837
13864,387,1,662.4,2,1,3,213,6,Need Attention,1,-1.2881487764812838,0.41611603328306523
13865,58,4,501.56,4,3,2,432,9,Loyal Customers,3,-0.10093923435531188,-0.37045480448427937
13866,74,1,145.67,3,1,1,311,5,Need Attention,1,-1.413250212006856,-0.942156518065483
13867,31,3,1015.29,4,3,3,433,10,Loyal Customers,3,0.2331404572713513,-0.5787795482980783
13868,7,2,3192.54,5,2,5,525,12,New / Promising,3,0.9602691555895589,-1.1059641519803307
13869,123,10,8111.57,3,5,5,355,13,Loyal Customers,0,1.4704235498589446,1.1604368973065222
13870,2,15,5712.08,5,5,5,555,15,Champions (Top Tier),0,2.8073153112367715,-0.8601086777175845
13871,23,17,7885.85,4,5,5,455,14,Champions (Top Tier),0,2.3648990156076883,0.4264644625602008
13872,527,3,919.57,1,3,3,133,7,Need Attention,2,-0.7165790530352185,0.9378338412123126
13873,120,8,1038.92,3,4,3,343,10,Loyal Customers,2,0.4314688703878102,0.4585366423698784
13874,358,7,2049.15,2,4,4,244,10,At Risk (High Frequency),2,0.28523508832779015,1.218451740644399
13875,54,14,4814.37,4,5,5,455,14,Champions (Top Tier),0,1.742957437862737,0.6694338414227976
13876,64,1,122.7,3,1,1,311,5,Need Attention,1,-1.4410773328189441,-1.0720719113663135
13877,86,3,449.68,3,3,2,332,8,Loyal Customers,3,-0.4441490670049962,-0.27053905070248124
13878,55,4,2473.06,4,3,4,434,11,Loyal Customers,2,0.6094527296876863,0.0778906355191649
13879,646,1,395.5,1,1,2,112,4,Hibernating / Churned,1,-1.67747884308473,0.5440774918351687
13880,21,17,4391.66,4,5,5,455,14,Champions (Top Tier),0,2.138390526944735,0.2032760984015198
13881,4,43,45179.1,5,5,5,555,15,Champions (Top Tier),0,4.3134075630309745,0.41094330933354595
13882,3,5,1191.13,5,4,3,543,12,Loyal Customers,3,1.2843709796776983,-1.5295338642994538
13883,11,15,6560.02,5,5,5,555,15,Champions (Top Tier),0,2.4191654033052923,-0.05405642958712793
13884,7,10,1888.48,5,5,4,554,14,Champions (Top Tier),0,1.7228846182531976,-0.7874864775845986
13885,189,2,506.8,3,2,2,322,7,Need Attention,1,-0.8642776752422562,0.09071358249386753
13886,71,1,243.56,3,1,1,311,5,Need Attention,1,-1.1775889427350834,-0.8116236657781246
13887,204,1,349.55,2,1,2,212,5,Hibernating / Churned,1,-1.359347070506979,-0.12672327831809338
13888,120,7,2169.05,3,4,4,344,11,Loyal Customers,2,0.6617008869720944,0.6356253227085499
13889,93,6,1991.23,3,4,4,344,11,Loyal Customers,2,0.6043197674828455,0.4218884065329649
13890,1,14,2927.38,5,5,4,554,14,Champions (Top Tier),0,2.598444833975274,-1.3074270378254027
13891,378,3,863.56,2,3,3,233,8,Need Attention,2,-0.6366565743317122,0.7361674391957346
13892,27,6,1267.65,4,4,4,444,12,Champions (Top Tier),3,0.7996540554109265,-0.3811976932604979
13893,298,1,821.1,2,1,3,213,6,Need Attention,1,-1.1105534646673088,0.33660532149903505
13894,24,3,564.62,4,3,2,432,9,Loyal Customers,3,0.05801363699172597,-0.8903527003456538
13895,28,6,4008.52,4,4,5,445,13,Champions (Top Tier),0,1.2889875455052084,-0.017378881341249815
13896,626,1,388.55,1,1,2,112,4,Hibernating / Churned,1,-1.675017669860123,0.5214650100289565
13897,50,3,1160.72,4,3,3,433,10,Loyal Customers,3,0.1405872827609951,-0.2816669806329295
13898,326,2,686.4,2,2,3,223,7,Need Attention,1,-0.9081149151571661,0.48082691551572093
13899,16,2,388.52,5,2,2,522,9,New / Promising,3,-0.198967270430671,-1.3200294996353104
13900,183,6,1610.59,3,4,4,344,11,Loyal Customers,2,0.294837168815348,0.7288680674243719
13901,72,15,5676.34,3,5,5,355,13,Loyal Customers,0,1.7722597300098832,0.8985121118861361
13902,632,5,34095.26,1,4,5,145,10,At Risk (High Frequency),2,1.105587008206724,2.267512938250808
13903,400,1,165.45,2,1,1,211,4,Hibernating / Churned,1,-1.9004195957761874,0.020391567046392885
13904,37,2,332.64,4,2,2,422,8,New / Promising,3,-0.5264991518279363,-0.9227232344865368
13905,733,1,312.65,1,1,2,112,4,Hibernating / Churned,1,-1.8202709209578276,0.5434975851514503
13906,409,1,42.0,2,1,1,211,4,Hibernating / Churned,1,-2.496510267258405,-0.37253046643371057
13907,692,1,136.8,1,1,1,111,3,Hibernating / Churned,1,-2.159543209315219,0.26558931795312235
13908,80,4,2369.55,3,3,4,334,10,Loyal Customers,2,0.47148142289580175,0.2686768667967347
13909,423,2,286.6,1,2,1,121,4,Hibernating / Churned,1,-1.371258894342445,0.3632732520074253
13911,57,20,4234.99,4,5,5,455,14,Champions (Top Tier),0,1.9266311049810976,0.7835128544244145
13912,424,1,124.95,1,1,1,111,3,Hibernating / Churned,1,-2.0405311271582782,-0.031008288182285584
13913,507,1,42.22,1,1,1,111,3,Hibernating / Churned,1,-2.5636077877969963,-0.25278984870092164
13914,12,2,626.45,5,2,3,523,10,New / Promising,3,0.09523181594019423,-1.3252803139188587
13915,394,1,70.8,2,1,1,211,4,Hibernating / Churned,1,-2.2613843564112712,-0.23961750664503326
13916,464,4,1275.81,1,3,4,134,8,Need Attention,2,-0.3629575516552911,1.0473559086158006
13917,50,2,272.04,4,2,1,421,7,New / Promising,3,-0.7088779770140656,-0.8204344782902159
13918,50,2,1212.84,4,2,3,423,9,New / Promising,3,-0.059733985339763505,-0.3738312580483476
13919,59,4,1360.68,4,3,4,434,11,Loyal Customers,2,0.32731967004341617,-0.06280789790724409
13920,432,4,1774.68,1,3,4,134,8,Need Attention,2,-0.19639174943197804,1.1067599266910613
13921,402,4,730.7,2,3,3,233,8,Need Attention,2,-0.5589193974097652,0.801765856754123
13922,352,3,865.2,2,3,3,233,8,Need Attention,2,-0.6128467391134487,0.6975362983866381
13923,54,1,351.13,4,1,2,412,7,New / Promising,3,-0.9318668091257135,-0.8510534820696657
13924,2,6,1838.85,5,4,4,544,13,Champions (Top Tier),3,1.6837967552841713,-1.5018843057146498
13925,93,4,678.25,3,3,3,333,9,Loyal Customers,2,-0.12049124977881885,-0.023375617442775415
13926,23,1,223.85,4,1,1,411,6,New / Promising,3,-0.8588302153818527,-1.4427289384306523
13927,75,2,708.26,3,2,3,323,8,Need Attention,3,-0.4225422901501273,-0.31465482348950324
13928,11,4,464.57,5,3,2,532,10,Loyal Customers,3,0.38089346661976387,-1.271774131845546
13929,169,11,3494.1,3,5,5,355,13,Loyal Customers,2,1.068360284954961,1.1142472391363973
13930,58,2,337.34,4,2,2,422,8,New / Promising,3,-0.662704095138187,-0.6758756525294306
13931,96,11,5257.38,3,5,5,355,13,Loyal Customers,0,1.4275536493720935,0.9270446088913161
13932,295,1,307.4,2,1,2,212,5,Hibernating / Churned,1,-1.5338966953716289,0.03754443924983032
13933,109,2,608.79,3,2,2,322,7,Need Attention,1,-0.607875548835706,-0.15595023381426398
13934,264,1,922.1,2,1,3,213,6,Need Attention,1,-1.021093557871665,0.30471125910032987
13935,597,3,6116.92,1,3,5,135,9,Need Attention,2,0.06723781074642694,1.5734583266985758
13936,180,3,939.66,3,3,3,333,9,Loyal Customers,2,-0.3609264915561235,0.35379524901437875
13937,169,2,880.13,3,2,3,323,8,Need Attention,2,-0.5885106265390815,0.19434108478078996
13938,35,1,71.66,4,1,1,411,6,New / Promising,1,-1.4814807960982301,-1.5572449344938255
13939,23,7,1560.96,4,4,4,444,12,Champions (Top Tier),3,1.0418521144768234,-0.35508347512367244
13940,17,4,839.14,5,3,3,533,11,Loyal Customers,3,0.5066006347546781,-0.8714290418992665
13941,22,15,11122.3,4,5,5,455,14,Champions (Top Tier),0,2.4384387391628417,0.4628064398696077
13942,535,1,320.0,1,1,2,112,4,Hibernating / Churned,1,-1.7085155308685738,0.3770344698662692
13943,578,1,246.54,1,1,1,111,3,Hibernating / Churned,1,-1.8465439430064239,0.3418065931988932
13944,653,1,200.43,1,1,1,111,3,Hibernating / Churned,1,-1.9756270073954774,0.34728501494064534
13945,395,2,854.15,2,2,3,223,7,Need Attention,1,-0.8750263565973448,0.6517910762769508
13946,79,6,1876.23,3,4,4,344,11,Loyal Customers,2,0.6306078511520953,0.31514077863227824
13947,65,1,90.6,3,1,1,311,5,Need Attention,1,-1.5767328698017304,-1.1535831249601116
13948,361,4,548.76,2,3,2,232,7,Need Attention,2,-0.6486098607424546,0.6570076623643599
13949,3,6,2427.32,5,4,4,544,13,Champions (Top Tier),0,1.7115013617752053,-1.2601366023039
13950,11,4,745.06,5,3,3,533,11,Loyal Customers,3,0.5860642994502567,-1.1306190787032255
13951,176,3,674.45,3,3,3,333,9,Loyal Customers,2,-0.4978066282434133,0.24232490213424177
13952,218,14,12823.52,2,5,5,255,12,At Risk (High Frequency),0,1.7222729403722665,1.724771310457225
13953,7,12,6640.68,5,5,5,555,15,Champions (Top Tier),0,2.397251923966247,-0.3500409343958578
13954,2,2,439.92,5,2,2,522,9,New / Promising,3,0.4159775898361865,-2.2396647861764873
13955,154,3,545.17,3,3,2,332,8,Loyal Customers,2,-0.5473175888055601,0.10552325951039085
13956,5,5,1026.42,5,4,3,543,12,Loyal Customers,3,1.0885371047239492,-1.3504051256174656
13957,418,3,458.25,1,3,2,132,6,Need Attention,1,-0.9443659442357513,0.6021336256463126
13958,380,8,4709.23,2,4,5,245,11,At Risk (High Frequency),2,0.717762976790742,1.5433734650026278
13959,79,6,1076.18,3,4,3,343,10,Loyal Customers,2,0.38892859640178973,0.14886837247667156
13960,21,2,230.22,4,2,1,421,7,New / Promising,3,-0.5092827491763279,-1.3339439377641078
13961,392,1,538.4,2,1,2,212,5,Hibernating / Churned,1,-1.382322187051272,0.3612373218069067
13962,22,3,362.8,4,3,2,432,9,Loyal Customers,3,-0.10703825335476595,-1.0684499578858437
13963,308,17,3011.87,2,5,5,255,12,At Risk (High Frequency),2,1.1197507409204195,1.5477995756764584
13964,387,2,438.9,2,2,2,222,6,Hibernating / Churned,1,-1.1576525352720395,0.4415497004719954
13965,477,3,996.61,1,3,3,133,7,Need Attention,2,-0.6494337837297556,0.9070197768343651
13966,435,1,390.86,1,1,2,112,4,Hibernating / Churned,1,-1.5549432419512945,0.32285028321550235
13967,146,2,166.3,3,2,1,321,6,Need Attention,1,-1.2643857863265895,-0.3831768097387999
13968,423,1,123.66,1,1,1,111,3,Hibernating / Churned,1,-2.044248619737495,-0.035389375327487115
13969,7,35,13365.87,5,5,5,555,15,Champions (Top Tier),0,3.4784393973619108,0.23215885852391704
13970,386,2,846.55,2,2,3,223,7,Need Attention,1,-0.8714751626993882,0.6364386619148978
13971,19,14,4667.57,5,5,5,555,15,Champions (Top Tier),0,2.0566642012554235,0.1022061403333287
13972,71,2,190.25,3,2,1,321,6,Need Attention,1,-0.9753215274582466,-0.736812298309703
13973,287,1,264.7,2,1,1,211,4,Hibernating / Churned,1,-1.5898787308585831,-0.022179363447493394
13974,49,2,677.72,4,2,3,423,9,New / Promising,3,-0.3062711294912758,-0.5587745362035194
13975,31,12,5358.84,4,5,5,455,14,Champions (Top Tier),0,1.8555889694714285,0.35039619317021486
13976,207,4,1192.36,2,3,3,233,8,Need Attention,2,-0.13217143543173174,0.5833917980740786
13977,411,1,519.81,1,1,2,112,4,Hibernating / Churned,1,-1.4128523632157273,0.37677986550693093
13978,15,2,196.79,5,2,1,521,8,New / Promising,3,-0.47423425564188665,-1.5563378137864436
13979,73,7,3416.23,3,4,5,345,12,Loyal Customers,2,1.018309873627816,0.5003360109631472
13980,60,5,799.92,3,4,3,343,10,Loyal Customers,2,0.2301154658607631,-0.14582222640793893
13981,416,1,331.14,1,1,2,112,4,Hibernating / Churned,1,-1.6124764086365853,0.24877849335530744
13982,39,9,4445.59,4,5,5,455,14,Champions (Top Tier),0,1.5020357771476278,0.3215220043441344
13983,30,21,7108.45,4,5,5,455,14,Champions (Top Tier),0,2.3900246699219028,0.610016156315609
13984,27,12,2048.6,4,5,4,454,13,Champions (Top Tier),0,1.4805148499300835,-0.011013473070918607
13985,4,22,10020.86,5,5,5,555,15,Champions (Top Tier),0,3.163424767205522,-0.2772848207542425
13986,17,1,320.46,5,1,2,512,8,New / Promising,3,-0.6102628058767117,-1.4944048340621032
13987,380,2,682.54,2,2,3,223,7,Need Attention,1,-0.959997183528786,0.5634414261296187
13988,20,8,4757.8,4,4,5,445,13,Champions (Top Tier),0,1.6596035980984714,-0.052132962088141846
13989,66,5,2026.06,3,4,4,344,11,Loyal Customers,2,0.6038019191170602,0.18389221432051023
13990,213,1,311.3,2,1,2,212,5,Hibernating / Churned,1,-1.4235149885606215,-0.13761113066681638
13991,12,6,855.97,5,4,3,543,12,Loyal Customers,3,0.8771099491334524,-0.9218213902088032
13992,30,3,219.5,4,3,1,431,8,Loyal Customers,3,-0.42143832341460746,-1.0536976858203533
13993,43,19,6775.71,4,5,5,455,14,Champions (Top Tier),0,2.1832106629438797,0.7539387401196241
13994,4,6,2313.14,5,4,4,544,13,Champions (Top Tier),0,1.6183757136853725,-1.151476257477256
13995,15,14,3902.01,5,5,5,555,15,Champions (Top Tier),0,2.0509052099359724,-0.07448564121467702
13996,386,2,895.76,2,2,3,223,7,Need Attention,1,-0.846918533776336,0.6533333258045427
13997,519,3,382.31,1,3,2,132,6,Need Attention,1,-1.0928577232702583,0.6671405078522795
13998,447,3,566.7,1,3,2,132,6,Need Attention,1,-0.8737688342027456,0.7025064193134081
13999,10,29,9502.26,5,5,5,555,15,Champions (Top Tier),0,3.087952062066761,0.23894902453565556
14000,211,5,2046.34,2,4,4,244,10,At Risk (High Frequency),2,0.23558145102020878,0.8222121382072599
14001,46,9,4530.09,4,5,5,455,14,Champions (Top Tier),0,1.4580683834562789,0.4161064806347148
14002,134,2,529.73,3,2,2,322,7,Need Attention,1,-0.7345304776770986,-0.08456122365134146
14003,733,1,209.41,1,1,1,111,3,Hibernating / Churned,1,-1.9939733013443983,0.4239924469397683
14004,43,11,6258.45,4,5,5,455,14,Champions (Top Tier),0,1.7590539007860688,0.5431906006961819
14005,10,5,2874.72,5,4,4,544,13,Champions (Top Tier),3,1.340329792554348,-0.7079807147857708
14006,116,7,2196.67,3,4,4,344,11,Loyal Customers,2,0.6780763464113224,0.6208696898927093
14007,513,1,79.48,1,1,1,111,3,Hibernating / Churned,1,-2.2968984549133493,-0.060208013086264084
14008,432,1,509.04,1,1,2,112,4,Hibernating / Churned,1,-1.4380232745214712,0.39794520045956294
14009,198,3,1099.91,2,3,3,233,8,Need Attention,2,-0.3231431598234131,0.4531779910873685
14010,565,2,445.15,1,2,2,122,5,Hibernating / Churned,1,-1.2736360352181744,0.6540361536926524
14011,480,2,457.82,1,2,2,122,5,Hibernating / Churned,1,-1.208821886659129,0.572664881326772
14012,278,1,328.8,2,1,2,212,5,Hibernating / Churned,1,-1.4855761835193677,0.02500368031562419
14013,110,5,1084.57,3,4,3,343,10,Loyal Customers,2,0.16880976677069717,0.27540461659301707
14014,77,3,1948.21,3,3,4,334,10,Loyal Customers,2,0.2283456623670097,0.10760084068451345
14015,53,1,917.34,4,1,3,413,8,New / Promising,3,-0.5088550811571281,-0.5742301208231655
14016,162,11,11403.41,3,5,5,355,13,Loyal Customers,0,1.5965312013397854,1.4450739910752501
14017,571,1,229.75,1,1,1,111,3,Hibernating / Churned,1,-1.873170546312588,0.3140723711545318
14018,645,1,367.15,1,1,2,112,4,Hibernating / Churned,1,-1.7092570665294928,0.5210171274180668
14019,47,3,1421.61,4,3,4,434,11,Loyal Customers,3,0.2483433770559165,-0.25446004558150276
14020,17,4,1249.01,5,3,4,534,12,Loyal Customers,3,0.6794844001300222,-0.7524871009209274
14021,155,7,1716.58,3,4,4,344,11,Loyal Customers,2,0.47778738313069113,0.7057605729979374
14022,225,2,792.15,2,2,3,223,7,Need Attention,1,-0.7263716124475669,0.31990161830417724
14023,7,2,584.07,5,2,2,522,9,New / Promising,3,0.2218295186524205,-1.6140016968704154
14024,122,3,645.74,3,3,3,333,9,Loyal Customers,2,-0.39898958253032785,0.028573628396615203
14025,465,8,4057.9,1,4,5,145,10,At Risk (High Frequency),2,0.5878751575145269,1.60990012182649
14026,471,2,713.11,1,2,3,123,6,Need Attention,1,-1.0102317232452485,0.6946715797911011
14027,61,1,104.82,3,1,1,311,5,Need Attention,1,-1.493722977295832,-1.1448687173128365
14028,550,3,10396.5,1,3,5,135,9,Need Attention,2,0.3244669612650237,1.6870662985193319
14029,63,2,467.66,3,2,2,322,7,Need Attention,3,-0.5472448161724556,-0.5334735036492841
14030,18,20,8262.29,5,5,5,555,15,Champions (Top Tier),0,2.578314860711383,0.3679934780586596
14031,7,44,40999.17,5,5,5,555,15,Champions (Top Tier),0,4.136296345085878,0.6493442347533885
14032,2,16,4850.27,5,5,5,555,15,Champions (Top Tier),0,2.7824067179098164,-0.8868664454204299
14033,555,1,109.44,1,1,1,111,3,Hibernating / Churned,1,-2.184607085669816,0.07784677175022817
14034,22,3,651.82,4,3,3,433,10,Loyal Customers,3,0.14736624970346857,-0.8934227347010594
14035,29,9,2856.72,4,5,4,454,13,Champions (Top Tier),0,1.4027138934613421,0.03050247984195344
14036,285,1,626.65,2,1,3,213,6,Need Attention,1,-1.2136024093257363,0.23129993071605126
14037,176,6,836.95,3,4,3,343,10,Loyal Customers,2,0.022815190358461506,0.5116969729489615
14038,78,5,3069.88,3,4,5,345,12,Loyal Customers,2,0.731248657206919,0.3991068043298
14039,33,2,267.28,4,2,1,421,7,New / Promising,3,-0.5853924067392968,-1.0493379761367074
14040,41,35,12645.57,4,5,5,455,14,Champions (Top Tier),0,2.918024125235976,1.1301914904550667
14041,266,1,141.41,2,1,1,211,4,Hibernating / Churned,1,-1.8367479711998662,-0.2506289845149451
14042,725,1,431.98,1,1,2,112,4,Hibernating / Churned,1,-1.6764427176066123,0.6339665608532485
14043,491,2,304.25,1,2,2,122,5,Hibernating / Churned,1,-1.393451871021823,0.46314462084582736
14044,27,10,3123.1,4,5,5,455,14,Champions (Top Tier),0,1.5364990516118264,0.0540139932643523
14045,109,16,11313.03,3,5,5,355,13,Loyal Customers,0,1.985918353552999,1.3532723235732633
14046,284,1,154.99,2,1,1,211,4,Hibernating / Churned,1,-1.8182183565155015,-0.18737982904765105
14047,9,14,4255.03,5,5,5,555,15,Champions (Top Tier),0,2.2405915923113318,-0.30780138436298066
14048,305,3,748.69,2,3,3,233,8,Need Attention,2,-0.6294882389847508,0.5754851390846253
14049,17,13,13239.03,5,5,5,555,15,Champions (Top Tier),0,2.491668906257767,0.33087623730368093
14050,32,2,746.36,4,2,3,423,9,New / Promising,3,-0.12996553531264846,-0.7591182016733256
14051,1,37,22434.0,5,5,5,555,15,Champions (Top Tier),0,4.193355804356074,-0.35766230336946603
14052,20,2,480.81,4,2,2,422,8,New / Promising,3,-0.17479170808265707,-1.1398280881067588
14053,124,4,572.3,3,3,2,332,8,Loyal Customers,2,-0.286458783973402,0.08306654356375275
14054,65,1,92.46,3,1,1,311,5,Need Attention,1,-1.5679862790661083,-1.1475655762517096
14055,106,3,1520.96,3,3,4,334,10,Loyal Customers,2,0.018448491027200895,0.20789446470257486
14056,1,23,8214.65,5,5,5,555,15,Champions (Top Tier),0,3.40576969885749,-0.8265855395411171
14057,24,22,8408.84,4,5,5,455,14,Champions (Top Tier),0,2.5665886499282062,0.5579235028083674
14058,463,2,469.19,1,2,2,122,5,Hibernating / Churned,1,-1.1865332727920892,0.5601458848499975
14059,267,1,183.6,2,1,1,211,4,Hibernating / Churned,1,-1.7250555873528155,-0.1708922357411671
14060,5,30,9519.08,5,5,5,555,15,Champions (Top Tier),0,3.3097703105606016,-0.08284043894834936
14061,507,3,917.43,1,3,3,133,7,Need Attention,2,-0.7051026685487264,0.9158387067888337
14062,10,24,25604.2,5,5,5,555,15,Champions (Top Tier),0,3.380152981814997,0.4689136425943892
14063,438,9,22710.2,1,5,5,155,11,At Risk (High Frequency),2,1.4367652182508683,2.1310042429381424
14064,29,15,3332.42,4,5,5,455,14,Champions (Top Tier),0,1.828183540945551,0.24863220393843494
14065,389,3,891.02,2,3,3,233,8,Need Attention,2,-0.6323051657007815,0.7613078318812252
14066,267,1,152.55,2,1,1,211,4,Hibernating / Churned,1,-1.8051866816826396,-0.22602146011695057
14067,64,2,374.7,3,2,2,322,7,Need Attention,3,-0.6484550940233025,-0.5911035607780316
14068,320,4,1528.37,2,3,4,234,9,Need Attention,2,-0.16456469193746212,0.8969787787109041
14069,515,2,230.06,1,2,1,121,4,Hibernating / Churned,1,-1.5300125202591137,0.4060601884820602
14070,685,1,326.55,1,1,2,112,4,Hibernating / Churned,1,-1.7795297477905556,0.5191752975800313
14071,4,8,1438.82,5,4,4,544,13,Champions (Top Tier),0,1.603588800237306,-1.2015323664171857
14072,667,1,390.85,1,1,2,112,4,Hibernating / Churned,1,-1.6929425635454505,0.5581640234047449
14073,32,1,151.04,4,1,1,411,6,New / Promising,3,-1.1320783766296305,-1.3842135547393286
14074,623,1,219.4,1,1,1,111,3,Hibernating / Churned,1,-1.9212795557170168,0.34832721587120763
14075,5,6,1734.87,5,4,4,544,13,Champions (Top Tier),3,1.4343028537224214,-1.1369857477614587
14076,129,1,122.47,3,1,1,311,5,Need Attention,1,-1.6660686380969618,-0.6903158633262512
14077,41,6,615.08,4,4,2,442,10,Loyal Customers,3,0.3542262801914266,-0.3737865411865357
14078,102,9,1692.63,3,5,4,354,12,Loyal Customers,2,0.776133173132426,0.5542675044483757
14079,125,2,618.73,3,2,3,323,8,Need Attention,1,-0.6447619213388686,-0.07620714344111482
14080,33,5,1115.68,4,4,3,443,11,Loyal Customers,3,0.5637709328383098,-0.36872799143573126
14081,302,10,5370.1,2,5,5,255,12,At Risk (High Frequency),2,1.0020291940336772,1.529784792256494
14082,365,2,413.36,2,2,2,222,6,Hibernating / Churned,1,-1.1647981339103686,0.39144935117716984
14083,4,11,1407.26,5,5,4,554,14,Champions (Top Tier),0,1.8133622906436258,-1.102865074302028
14084,512,1,150.5,1,1,1,111,3,Hibernating / Churned,1,-2.02103140333504,0.12807773627687244
14085,2,33,10104.97,5,5,5,555,15,Champions (Top Tier),0,3.630391327134729,-0.4134637869352336
14086,463,1,39.95,1,1,1,111,3,Hibernating / Churned,1,-2.5577810024484156,-0.31890980975866906
14087,3,3,846.22,5,3,3,533,11,Loyal Customers,3,0.8265162154773491,-1.7801862386112288
14088,10,16,64036.8,5,5,5,555,15,Champions (Top Tier),0,3.484856905727779,0.6021522250873923
14089,57,1,161.0,4,1,1,411,6,New / Promising,1,-1.2868609744496933,-1.0541742317510532
14090,325,1,76.32,2,1,1,211,4,Hibernating / Churned,1,-2.1670629830909856,-0.32333879550795974
14091,654,2,9530.08,1,2,5,125,8,Cant Lose Them (High Spend),2,0.011272419000148266,1.6510843314053816
14092,8,24,7229.45,5,5,5,555,15,Champions (Top Tier),0,2.894867630352807,-0.02029082099408883
14093,12,1,442.85,5,1,2,512,8,New / Promising,3,-0.3646421901616992,-1.5773219022528584
14094,440,1,335.22,1,1,2,112,4,Hibernating / Churned,1,-1.6252626151618552,0.28329788765414765
14095,723,1,2.95,1,1,1,111,3,Hibernating / Churned,1,-3.7192269397186584,-0.7735796718197762
14096,4,17,65164.79,5,5,5,555,15,Champions (Top Tier),0,3.7910566708527003,0.19341858592823585
14097,481,2,422.86,1,2,2,122,5,Hibernating / Churned,1,-1.2439777135472747,0.5500857286541154
14098,37,1,147.35,4,1,1,411,6,New / Promising,3,-1.1883970249268134,-1.3137548015059384
14099,16,20,5765.71,5,5,5,555,15,Champions (Top Tier),0,2.4577717348775474,0.19896437035935055
14100,138,1,194.9,3,1,1,311,5,Need Attention,1,-1.486871579884179,-0.5152143269350039
14101,74,13,9961.93,3,5,5,355,13,Loyal Customers,0,1.9063706343914633,1.032892046523399
14102,5,5,1360.28,5,4,4,544,13,Champions (Top Tier),3,1.2109645348167575,-1.2661765334612625
14104,155,5,771.58,3,4,3,343,10,Loyal Customers,2,-0.0892502682182986,0.3612998563107166
14105,239,5,5988.83,2,4,5,245,11,At Risk (High Frequency),2,0.6625539863707866,1.2119900361349647
14106,737,1,214.8,1,1,1,111,3,Hibernating / Churned,1,-1.984725495221965,0.43456176111074735
14107,52,11,4877.3,4,5,5,455,14,Champions (Top Tier),0,1.590393998467772,0.5712115989726705
14108,31,4,1044.96,4,3,3,433,10,Loyal Customers,3,0.41585409423337827,-0.48848702694252777
14109,73,1,144.2,3,1,1,311,5,Need Attention,1,-1.4132917007874692,-0.9525754755196708
14110,4,33,12987.95,5,5,5,555,15,Champions (Top Tier),0,3.574376630092222,-0.05658428733508554
14111,14,4,692.85,5,3,3,533,11,Loyal Customers,3,0.4823270148874261,-1.0292594115099882
14112,23,13,5834.59,4,5,5,455,14,Champions (Top Tier),0,2.0421571531838563,0.2443048533204302
14113,4,16,7092.61,5,5,5,555,15,Champions (Top Tier),0,2.782512348112377,-0.49137683898708184
14114,274,7,1364.09,2,4,4,244,10,At Risk (High Frequency),2,0.19449072865081293,0.9496902417924067
14115,502,2,622.67,1,2,3,123,6,Need Attention,1,-1.0897251893561308,0.6892208124472082
14116,20,5,1382.74,4,4,4,444,12,Champions (Top Tier),3,0.812909205151076,-0.5703023011771446
14117,144,1,90.0,3,1,1,311,5,Need Attention,1,-1.834153777362045,-0.7214280533836792
14118,429,1,458.45,1,1,2,112,4,Hibernating / Churned,1,-1.481225270146136,0.3628409838403304
14119,376,2,183.37,2,2,1,221,5,Hibernating / Churned,1,-1.5267190613513428,0.16537389965942412
14121,4,4,2780.15,5,3,4,534,12,Loyal Customers,3,1.441730090666232,-1.2196091157428537
14122,406,3,362.42,2,3,2,232,7,Need Attention,1,-1.0367978954244963,0.5160487179672254
14123,733,1,436.18,1,1,2,112,4,Hibernating / Churned,1,-1.675786871971091,0.6429008645142142
14124,84,1,419.58,3,1,2,312,6,Need Attention,1,-0.9953703026208034,-0.5577746319309025
14125,11,3,2740.43,5,3,4,534,12,Loyal Customers,3,0.982129280959219,-0.8227189060933144
14126,8,4,1172.46,5,3,3,533,11,Loyal Customers,3,0.8761695457369343,-1.1537174446857181
14127,123,6,1900.08,3,4,4,344,11,Loyal Customers,2,0.49435812128563217,0.5606444447029265
14128,61,3,924.21,3,3,3,333,9,Loyal Customers,3,-0.021626157146970935,-0.2420844011895667
14129,2,9,2591.34,5,5,4,554,14,Champions (Top Tier),0,2.1050221870720853,-1.2686896078788068
14130,319,4,1882.67,2,3,4,234,9,Need Attention,2,-0.07289448147693935,0.9576315654544533
14131,649,1,187.87,1,1,1,111,3,Hibernating / Churned,1,-2.00165613326572,0.32462835460472633
14132,2,11,3586.03,5,5,5,555,15,Champions (Top Tier),0,2.385386094273951,-1.1047365454340112
14133,130,4,911.14,3,3,3,333,9,Loyal Customers,2,-0.09956631257823284,0.24793767903530894
14134,383,15,11123.35,2,5,5,255,12,At Risk (High Frequency),2,1.5279887570354747,2.0155615425009565
14135,2,24,9643.92,5,5,5,555,15,Champions (Top Tier),0,3.3755537317304225,-0.5399920174907618
14136,401,5,1570.81,2,4,4,244,10,At Risk (High Frequency),2,-0.08637161890378096,1.0960159330868628
14137,696,1,332.7,1,1,2,112,4,Hibernating / Churned,1,-1.7765810573789553,0.5335177653095297
14138,2,2,982.38,5,2,3,523,10,New / Promising,3,0.7649890842290373,-1.9995490964429234
14139,46,4,1086.8,4,3,3,433,10,Loyal Customers,3,0.3085912657137589,-0.26471937965116865
14140,4,2,935.05,5,2,3,523,10,New / Promising,3,0.5783127077051015,-1.7325632530531756
14141,3,4,915.13,5,3,3,533,11,Loyal Customers,3,1.030733377248481,-1.6750995520943752
14142,373,2,983.15,2,2,3,223,7,Need Attention,2,-0.7954070250275127,0.6623233608084195
14143,134,1,115.8,3,1,1,311,5,Need Attention,1,-1.7024384288034085,-0.6861240256915339
14144,486,1,30.6,1,1,1,111,3,Hibernating / Churned,1,-2.686205028496962,-0.3698146100285625
14145,47,7,7600.05,4,4,5,445,13,Champions (Top Tier),0,1.506156333589658,0.5008995623663923
14146,9,12,9450.3,5,5,5,555,15,Champions (Top Tier),0,2.47858103080208,-0.12135782676838361
14147,78,9,2590.2,3,5,4,354,12,Loyal Customers,2,1.0469588351549184,0.5352450045817909
14148,234,2,466.29,2,2,2,222,6,Hibernating / Churned,1,-0.9691990590728351,0.18306726592832512
14149,221,1,446.62,2,1,2,212,5,Hibernating / Churned,1,-1.2787559801463246,-0.009609101495938598
14150,36,2,658.64,4,2,3,423,9,New / Promising,3,-0.22129280028235948,-0.7333881554958415
14151,673,2,679.45,1,2,3,123,6,Need Attention,1,-1.146460475812425,0.876712648079023
14152,75,7,1997.34,3,4,4,344,11,Loyal Customers,2,0.7762451447310058,0.35444160517887396
14153,483,1,233.4,1,1,1,111,3,Hibernating / Churned,1,-1.8123123642495753,0.2266298085245953
14154,239,8,6460.7,2,4,5,245,11,At Risk (High Frequency),2,1.0047983399362617,1.383103845282102
14155,266,1,118.75,2,1,1,211,4,Hibernating / Churned,1,-1.9121533538505597,-0.30250697637390184
14156,10,156,313946.37,5,5,5,555,15,Champions (Top Tier),0,5.872085349237355,1.8917475564324955
14157,20,5,1002.78,4,4,3,443,11,Loyal Customers,3,0.6732331462749684,-0.6663977414566882
14158,40,1,507.66,4,1,2,412,7,New / Promising,3,-0.6768343909857459,-0.9029871626066134
14159,20,20,7938.01,4,5,5,455,14,Champions (Top Tier),0,2.5285262245848408,0.41121152092403174
14160,610,7,8421.47,1,4,5,145,10,At Risk (High Frequency),2,0.7280442766123898,1.9347320834454318
14161,216,7,3318.88,2,4,5,245,11,At Risk (High Frequency),2,0.657782932777919,1.085071825450143
14162,174,2,289.36,3,2,1,321,6,Need Attention,1,-1.0808885756799247,-0.12197048868147406
14163,87,5,2594.62,3,4,4,344,11,Loyal Customers,2,0.6231966371443607,0.4082823820736414
14164,71,2,1631.77,3,2,4,324,9,Need Attention,2,-0.042260432572750646,-0.09487754268873015
14165,276,1,122.54,2,1,1,211,4,Hibernating / Churned,1,-1.910488019602783,-0.2728994302427615
14166,505,2,256.85,1,2,1,121,4,Hibernating / Churned,1,-1.4759517992113083,0.42810460466385036
14167,39,8,1296.49,4,4,4,444,12,Champions (Top Tier),2,0.8857556447436197,-0.0857508611546445
14168,421,2,370.45,1,2,2,122,5,Hibernating / Churned,1,-1.2584109159870474,0.43725136505664736
14169,431,2,624.43,1,2,3,123,6,Need Attention,1,-1.0392851289513845,0.6061362879554576
14170,375,3,597.33,2,3,2,232,7,Need Attention,1,-0.7942388835899471,0.621601099689311
14171,98,2,498.79,3,2,2,322,7,Need Attention,1,-0.660353174943438,-0.27361106276561825
14172,605,3,402.72,1,3,2,132,6,Need Attention,1,-1.119786243456994,0.7670869763201232
14173,11,6,586.0,5,4,2,542,11,Loyal Customers,3,0.7383637145691615,-1.0792361172068774
14174,33,1,134.46,4,1,1,411,6,New / Promising,3,-1.1919739354467602,-1.4023125668086969
14175,60,8,7678.88,3,4,5,345,12,Loyal Customers,0,1.5229630135881376,0.6792950906356681
14176,297,5,916.01,2,4,3,243,9,At Risk (High Frequency),2,-0.2240139690830337,0.7695938904940148
14177,86,13,2229.34,3,5,4,354,12,Loyal Customers,2,1.2071390946156575,0.6667172947489982
14178,9,7,1620.93,5,4,4,544,13,Champions (Top Tier),3,1.3413938451541232,-0.8266801440909214
14179,41,2,719.78,4,2,3,423,9,New / Promising,3,-0.22371998315804345,-0.6369428033141088
14180,11,33,6319.25,5,5,5,555,15,Champions (Top Tier),0,2.9778041863316917,0.21065884116179762
14181,411,2,310.55,1,2,2,122,5,Hibernating / Churned,1,-1.3271696264314294,0.37138238330035683
14182,444,4,678.77,1,3,3,133,7,Need Attention,2,-0.6230137822995984,0.8344096457367284
14183,411,2,286.29,1,2,1,121,4,Hibernating / Churned,1,-1.3624425572053644,0.347115033262383
14184,67,1,452.89,3,1,2,312,6,Need Attention,3,-0.8900362099083584,-0.658035714417399
14185,331,1,197.65,2,1,1,211,4,Hibernating / Churned,1,-1.7624002233859213,-0.030818461957789364
14186,427,5,1550.63,1,4,4,144,9,At Risk (High Frequency),2,-0.11226340896612623,1.1267147812202198
14187,474,1,123.5,1,1,1,111,3,Hibernating / Churned,1,-2.08154254786499,0.02687324416378208
14188,31,6,2054.36,4,4,4,444,12,Champions (Top Tier),2,0.9664036008109803,-0.1631128160650851
14189,2,16,5814.39,5,5,5,555,15,Champions (Top Tier),0,2.8612769875786737,-0.8326046531721407
14190,666,1,79.9,1,1,1,111,3,Hibernating / Churned,1,-2.378907652085922,0.08506867163162142
14191,2,15,4817.66,5,5,5,555,15,Champions (Top Tier),0,2.733233335831921,-0.9110761813870709
14192,388,1,293.74,2,1,2,212,5,Hibernating / Churned,1,-1.6419750006845253,0.1746803377079635
14193,68,3,1210.19,3,3,3,333,9,Loyal Customers,2,0.06096650784926153,-0.1024572884862015
14194,5,36,18670.59,5,5,5,555,15,Champions (Top Tier),0,3.7378028845499647,0.1835623938939236
14195,202,6,2615.6,2,4,4,244,10,At Risk (High Frequency),2,0.47392952399365346,0.9281498858145912
14196,107,1,335.52,3,1,2,312,6,Need Attention,1,-1.1698426589196391,-0.4924342384819368
14197,411,1,390.05,1,1,2,112,4,Hibernating / Churned,1,-1.537531562411651,0.2910020834243162
14198,18,9,1569.73,5,5,4,554,14,Champions (Top Tier),0,1.2900382031773316,-0.40058192647596524
14199,218,4,1091.7,2,3,3,233,8,Need Attention,2,-0.1871806705480464,0.5854369779877318
14200,617,1,379.2,1,1,2,112,4,Hibernating / Churned,1,-1.6809123364080607,0.5062179215783322
14201,60,10,1193.54,3,5,3,353,11,Loyal Customers,2,0.8663542599273173,0.195710330772094
14202,381,3,847.76,2,3,3,233,8,Need Attention,2,-0.6472317709542572,0.7349949450597149
14203,397,1,339.34,2,1,2,212,5,Hibernating / Churned,1,-1.586782135130768,0.2303574993022832
14204,2,4,1062.96,5,3,3,533,11,Loyal Customers,3,1.1888665293545597,-1.788993123761665
14205,17,9,2414.2,5,5,4,554,14,Champions (Top Tier),0,1.4947250884926273,-0.3016118642219728
14206,239,3,1185.01,2,3,3,233,8,Need Attention,2,-0.35133494091681866,0.5787928782555792
14207,688,1,157.8,1,1,1,111,3,Hibernating / Churned,1,-2.095954779278226,0.3048564841319787
14208,95,2,567.05,3,2,2,322,7,Need Attention,3,-0.5946981023602056,-0.2522607133328344
14209,11,15,4993.27,5,5,5,555,15,Champions (Top Tier),0,2.3004449804965237,-0.1357346455375186
14210,106,16,5861.52,3,5,5,355,13,Loyal Customers,0,1.708795872691408,1.1412110693566866
14211,53,18,4402.29,4,5,5,455,14,Champions (Top Tier),0,1.8902622695016542,0.7190599577850305
14212,90,2,2190.14,3,2,4,324,9,Need Attention,2,0.009978872478985082,0.12234552597656093
14213,405,1,1192.2,2,1,3,213,6,Need Attention,1,-1.04740201965901,0.6168494694356801
14214,31,5,1004.38,4,4,3,443,11,Loyal Customers,3,0.5376949205059522,-0.43359592815094444
14215,12,9,3416.33,5,5,5,555,15,Champions (Top Tier),0,1.7509900612150466,-0.3772057434471324
14216,3,5,2150.04,5,4,4,544,13,Champions (Top Tier),3,1.5411740622150079,-1.3528564474240556
14217,2,23,3416.89,5,5,5,555,15,Champions (Top Tier),0,2.8930374562245085,-0.865479047556509
14218,43,1,169.48,4,1,1,411,6,New / Promising,3,-1.1753137970315723,-1.1912717323977882
14219,4,3,633.83,5,3,3,533,11,Loyal Customers,3,0.6287732813541062,-1.7435013220943758
14220,247,4,1515.0,2,3,4,234,9,Need Attention,2,-0.08493736292116826,0.7520406953230725
14221,42,17,6517.49,4,5,5,455,14,Champions (Top Tier),0,2.093383603266145,0.6910636327173235
14222,177,1,683.17,3,1,3,313,7,Need Attention,1,-1.0227149600126146,-0.004444189476132806
14223,92,3,991.13,3,3,3,333,9,Loyal Customers,2,-0.12237910894232386,0.002458863407675037
14224,110,9,1897.9,3,5,4,354,12,Loyal Customers,2,0.8017167944142831,0.6297704155619676
14225,435,4,2037.02,1,3,4,134,8,Need Attention,2,-0.13866946035436808,1.1518167710698046
14226,29,6,3002.53,4,4,5,445,13,Champions (Top Tier),0,1.1523284400944576,-0.08515637773741175
14227,26,15,6368.71,4,5,5,455,14,Champions (Top Tier),0,2.1440141297225823,0.384362975184774
14228,438,3,745.5,1,3,3,133,7,Need Attention,2,-0.7480725290804924,0.7732750360859325
14229,52,7,2594.04,4,4,4,444,12,Champions (Top Tier),2,1.006507510306235,0.23385092188738493
14230,436,3,979.8,1,3,3,133,7,Need Attention,2,-0.6278238778016263,0.852470063240102
14231,184,4,1235.62,3,3,3,333,9,Loyal Customers,2,-0.07877805257013495,0.5294180405715029
14232,43,5,2048.07,4,4,4,444,12,Champions (Top Tier),2,0.744502292816693,-0.044808139674378536
14233,49,7,2904.27,4,4,4,444,12,Champions (Top Tier),2,1.074487106425906,0.2355156041451887
14234,22,4,775.46,4,3,3,433,10,Loyal Customers,3,0.39302531463258117,-0.75982451970873
14235,75,9,4717.99,3,5,5,355,13,Loyal Customers,0,1.3203139409189406,0.6933421084785517
14236,81,5,1744.64,3,4,4,344,11,Loyal Customers,2,0.47342831285491066,0.2505803485913255
14237,373,2,632.14,2,2,3,223,7,Need Attention,1,-0.9873259573039245,0.5302854550751241
14238,326,3,434.23,2,3,2,232,7,Need Attention,1,-0.8875591284315411,0.44931471452240807
14239,43,21,4263.17,4,5,5,455,14,Champions (Top Tier),0,2.054344565953748,0.6501549661427608
14240,30,3,1247.49,4,3,3,433,10,Loyal Customers,3,0.3329429436704799,-0.5346924920707053
14241,184,2,333.7,3,2,2,322,7,Need Attention,1,-1.0370272176639634,-0.04877921663969283
14242,235,2,280.55,2,2,1,221,5,Hibernating / Churned,1,-1.1910138752095034,0.033748297643758356
14243,9,17,7431.05,5,5,5,555,15,Champions (Top Tier),0,2.6222049384700346,-0.07418993169080759
14244,661,1,366.42,1,1,2,112,4,Hibernating / Churned,1,-1.7180336344317901,0.5339174944376796
14245,220,2,1693.45,2,2,4,224,8,Cant Lose Them (High Spend),2,-0.3888473527421618,0.5347964110137414
14246,111,3,1474.06,3,3,4,334,10,Loyal Customers,2,-0.009941281422746364,0.22371464145008554
14247,278,5,772.66,2,4,3,243,9,At Risk (High Frequency),2,-0.2766677970112405,0.682371365692557
14248,318,3,1032.95,2,3,3,233,8,Need Attention,2,-0.5030663869113832,0.694667976936705
14249,411,12,5625.46,1,5,5,155,11,At Risk (High Frequency),2,1.0502663269536432,1.7743260251641313
14250,7,3,1904.05,5,3,4,534,12,Loyal Customers,3,0.954901391070249,-1.1553114428991187
14251,2,5,2879.7,5,4,4,544,13,Champions (Top Tier),0,1.761304013790759,-1.4240969703949677
14252,381,1,350.99,2,1,2,212,5,Hibernating / Churned,1,-1.558866929121264,0.2178014782295427
14253,493,2,363.4,1,2,2,122,5,Hibernating / Churned,1,-1.3176977375045347,0.5184028138234692
14254,433,1,601.03,1,1,2,112,4,Hibernating / Churned,1,-1.3666211055173643,0.44885466879154595
14255,546,1,1000.63,1,1,3,113,5,Need Attention,1,-1.2199615047997472,0.7288787744552228
14256,260,5,2473.99,2,4,4,244,10,At Risk (High Frequency),2,0.2508674044217937,0.9936851359908204
14257,64,9,5954.45,3,5,5,355,13,Loyal Customers,0,1.472134342207308,0.6767692507808002
14258,9,25,32051.34,5,5,5,555,15,Champions (Top Tier),0,3.5386061311462407,0.4979261267300716
14259,142,1,120.0,3,1,1,311,5,Need Attention,1,-1.7056868415583806,-0.6437955576284262
14260,471,3,824.28,1,3,3,133,7,Need Attention,2,-0.7278614809253098,0.8432845597652777
14261,51,2,1163.45,4,2,3,423,9,New / Promising,3,-0.08408854858872603,-0.3755558639943575
14262,8,8,2618.23,5,4,4,544,13,Champions (Top Tier),0,1.673833796033221,-0.6982141681528612
14263,423,1,322.93,1,1,2,112,4,Hibernating / Churned,1,-1.6287508401537616,0.2504680750154325
14264,155,6,1517.36,3,4,4,344,11,Loyal Customers,2,0.3223000943056146,0.6199782531511733
14265,109,4,1373.35,3,3,4,334,10,Loyal Customers,2,0.13530962363394547,0.2742855958925366
14266,428,1,40.56,1,1,1,111,3,Hibernating / Churned,1,-2.5259818844132003,-0.3577412081054984
14267,163,3,1516.24,3,3,4,334,10,Loyal Customers,2,-0.1210178721563839,0.4425020743671651
14268,471,1,354.85,1,1,2,112,4,Hibernating / Churned,1,-1.6225448433752758,0.3377537234966023
14269,439,1,295.73,1,1,2,112,4,Hibernating / Churned,1,-1.6788917124566807,0.24464445351368536
14270,332,1,492.65,2,1,2,212,5,Hibernating / Churned,1,-1.3673048111159847,0.24333045072143109
14271,226,2,219.13,2,2,1,221,5,Hibernating / Churned,1,-1.285514201734536,-0.06136417324655271
14272,74,4,920.81,3,3,3,333,9,Loyal Customers,2,0.0853995841329516,-0.05651632786256501
14273,51,4,559.97,4,3,2,432,9,Loyal Customers,3,-0.01225180449140211,-0.40719963859857083
14274,686,1,256.6,1,1,1,111,3,Hibernating / Churned,1,-1.8845272622891895,0.4480658430811642
14275,396,6,1189.38,2,4,3,243,9,At Risk (High Frequency),2,-0.08569169457670464,1.0623322705641356
14276,99,7,2102.68,3,4,4,344,11,Loyal Customers,2,0.7098371617805083,0.5211881963171672
14277,15,9,17225.81,5,5,5,555,15,Champions (Top Tier),0,2.3876627733852067,0.22154566162948533
14278,410,1,205.83,2,1,1,211,4,Hibernating / Churned,1,-1.8138804274378342,0.09899629975793083
14279,521,2,191.86,1,2,1,121,4,Hibernating / Churned,1,-1.6123806141164496,0.35834086977724333
14280,197,1,134.04,2,1,1,211,4,Hibernating / Churned,1,-1.7631707703267985,-0.43144272277630047
14281,408,1,245.15,2,1,1,211,4,Hibernating / Churned,1,-1.7365754124631378,0.1484052365189461
14282,3,25,7849.66,5,5,5,555,15,Champions (Top Tier),0,3.2228646158954906,-0.4285772312682153
14283,463,4,628.44,1,3,3,133,7,Need Attention,2,-0.6700062771553633,0.8344436284525919
14284,31,3,1299.65,4,3,4,434,11,Loyal Customers,3,0.34048314154581927,-0.5049290789395996
14285,21,8,3284.42,4,4,5,445,13,Champions (Top Tier),0,1.4833510818046283,-0.13738261926999554
14286,24,7,8479.76,4,4,5,445,13,Champions (Top Tier),0,1.764784917656618,0.17388480816511864
14287,8,3,176.63,5,3,1,531,9,Loyal Customers,3,-0.11550507151444878,-1.8005653427850374
14288,213,1,426.6,2,1,2,212,5,Hibernating / Churned,1,-1.28679467860169,-0.04354920991694218
14289,9,6,911.26,5,4,3,543,12,Loyal Customers,3,0.9891689419561932,-1.0478155647112093
14290,11,8,4516.56,5,4,5,545,14,Champions (Top Tier),0,1.817961997366482,-0.37636843867155545
14291,2,23,7904.1,5,5,5,555,15,Champions (Top Tier),0,3.257866119103037,-0.6144813370826895
14292,8,16,9226.25,5,5,5,555,15,Champions (Top Tier),0,2.706825137262193,-0.08845823505166771
14293,3,9,3267.93,5,5,5,555,15,Champions (Top Tier),0,2.11287999532857,-1.0405962617704776
14294,407,1,375.34,2,1,2,212,5,Hibernating / Churned,1,-1.5510591419664665,0.27414326891572444
14295,40,5,2362.91,4,4,4,444,12,Champions (Top Tier),2,0.829531773873485,-0.040972121016842104
14296,421,2,456.4,1,2,2,122,5,Hibernating / Churned,1,-1.1678464712188035,0.4995586084289435
14297,18,4,1305.33,5,3,4,534,12,Loyal Customers,3,0.6811727971393681,-0.7094734633384845
14298,8,82,91194.49,5,5,5,555,15,Champions (Top Tier),0,4.912949576635985,1.1776941381571502
14299,8,27,14499.49,5,5,5,555,15,Champions (Top Tier),0,3.284085267743308,0.22950126632123602
14300,19,1,43.2,5,1,1,511,7,New / Promising,3,-1.507651407186216,-2.030240488794411
14301,117,4,1992.18,3,3,4,334,10,Loyal Customers,2,0.2743541508915756,0.4242898551561895
14302,431,3,742.9,1,3,3,133,7,Need Attention,2,-0.7443919228574266,0.7633649156444409
14303,407,2,277.94,2,2,1,221,5,Hibernating / Churned,1,-1.372120771655227,0.3329045354197509
14304,223,3,1725.01,2,3,4,234,9,Need Attention,2,-0.1657619056547048,0.653059282002289
14305,71,3,1858.96,3,3,4,334,10,Loyal Customers,2,0.2338405217502535,0.049422242918765
14306,51,6,3151.4,4,4,5,445,13,Champions (Top Tier),2,0.9954779119086042,0.2327090308215953
14307,89,10,5071.03,3,5,5,355,13,Loyal Customers,0,1.3697151731659865,0.843081726627667
14308,549,2,1147.02,1,2,3,123,6,Need Attention,2,-0.8531271986415891,0.9211439538611353
14309,8,11,3780.81,5,5,5,555,15,Champions (Top Tier),0,2.0530742918488216,-0.48295562461855107
14310,433,1,492.1,1,1,2,112,4,Hibernating / Churned,1,-1.453465956921559,0.3891064606959839
14311,243,2,516.45,2,2,2,222,6,Hibernating / Churned,1,-0.9369897514271288,0.2343186872081387
14312,47,11,3090.29,4,5,5,455,14,Champions (Top Tier),0,1.4239441385280354,0.3799923963510242
14314,107,2,229.8,3,2,1,321,6,Need Attention,1,-1.02467266311005,-0.4569052054857223
14315,45,8,3197.82,4,4,5,445,13,Champions (Top Tier),0,1.2331699602465196,0.26145210201500185
14316,422,5,1370.34,1,4,4,144,9,At Risk (High Frequency),2,-0.1622059325473869,1.0832587699586305
14317,65,1,508.58,3,1,2,312,6,Need Attention,3,-0.8300254663611838,-0.6398574566459673
14318,460,1,158.02,1,1,1,111,3,Hibernating / Churned,1,-1.9653860175879196,0.08362974028713853
14319,424,1,494.85,1,1,2,112,4,Hibernating / Churned,1,-1.4442686340942805,0.3792131001802433
14320,207,5,1346.75,2,4,4,244,10,At Risk (High Frequency),2,0.05982272749782709,0.6865475445610242
14321,11,7,2218.06,5,4,4,544,13,Champions (Top Tier),0,1.4188173079622848,-0.6322833249448102
14322,429,4,474.1,1,3,2,132,6,Need Attention,2,-0.7677910343135319,0.7082623592426516
14323,115,2,605.06,3,2,2,322,7,Need Attention,1,-0.6277222741169466,-0.12849359558384205
14324,410,2,701.61,2,2,3,223,7,Need Attention,1,-0.9725381639765114,0.6134834384502754
14325,570,1,245.48,1,1,1,111,3,Hibernating / Churned,1,-1.8439112142362484,0.33284797709190167
14326,242,3,940.98,2,3,3,233,8,Need Attention,2,-0.4555860231645611,0.5166853459071629
14327,163,6,1894.93,3,4,4,344,11,Loyal Customers,2,0.4027529259813811,0.7140406050417027
14328,438,1,445.05,1,1,2,112,4,Hibernating / Churned,1,-1.5008034688097458,0.36540575090808725
14329,17,15,9927.22,5,5,5,555,15,Champions (Top Tier),0,2.468263267159537,0.29358238497025074
14330,624,1,200.63,1,1,1,111,3,Hibernating / Churned,1,-1.9605260106700384,0.3225656398120269
14331,124,2,462.66,3,2,2,322,7,Need Attention,1,-0.7684227780940742,-0.1674522727495648
14332,23,5,1943.51,4,4,4,444,12,Champions (Top Tier),3,0.9177530801819489,-0.39480777695842456
14333,68,1,415.2,3,1,2,312,6,Need Attention,1,-0.9324766132381744,-0.6759336450146305
14334,17,12,4318.48,5,5,5,555,15,Champions (Top Tier),0,1.9477812581799143,-0.0315511645081122
14335,16,2,468.26,5,2,2,522,9,New / Promising,3,-0.11793259464769786,-1.264278622141108
14336,17,4,1614.91,5,3,4,534,12,Loyal Customers,3,0.7911961085189613,-0.6756307957789202
14338,161,3,928.1,3,3,3,333,9,Loyal Customers,2,-0.3304386025543919,0.2889251810050853
14339,243,2,620.27,2,2,3,223,7,Need Attention,1,-0.8574296046691253,0.28905510655540045
14340,219,1,134.7,2,1,1,211,4,Hibernating / Churned,1,-1.7951256900475152,-0.3718704648412883
14341,45,18,4467.32,4,5,5,455,14,Champions (Top Tier),0,1.9485000453113897,0.6350097356592399
14342,21,6,918.44,4,4,3,443,11,Loyal Customers,3,0.7375727566516685,-0.6105862017386675
14343,421,4,1088.91,1,3,3,133,7,Need Attention,2,-0.4004387637725109,0.9464592494283623
14344,127,20,3333.7,3,5,5,355,13,Loyal Customers,0,1.5665195244879355,1.1485077065189464
14345,39,1,108.98,4,1,1,411,6,New / Promising,1,-1.3352029110409038,-1.3750506611238282
14346,121,5,2315.75,3,4,4,344,11,Loyal Customers,2,0.4680845600773061,0.5544449808056816
14347,737,1,82.6,1,1,1,111,3,Hibernating / Churned,1,-2.3973390182538017,0.15068864441429408
14348,260,1,409.57,2,1,2,212,5,Hibernating / Churned,1,-1.3686924322478435,0.05379421633716832
14349,10,1,133.5,5,1,1,511,7,New / Promising,3,-0.83009392876134,-2.026859328931259
14350,274,3,972.03,2,3,3,233,8,Need Attention,2,-0.4814860675871013,0.5946268796297702
14351,165,1,51.0,3,1,1,311,5,Need Attention,1,-2.121389872256866,-0.814346348030516
14352,157,4,1078.96,3,3,3,333,9,Loyal Customers,2,-0.08669252268283643,0.4018544224901758
14353,215,3,376.5,2,3,2,232,7,Need Attention,1,-0.815357596596375,0.177994043193666
14354,6,2,163.62,5,2,1,521,8,New / Promising,3,-0.2867357045797505,-2.0672516289795198
14355,366,3,1014.45,2,3,3,233,8,Need Attention,2,-0.5562568171240659,0.7665761608286259
14356,80,2,701.23,3,2,3,323,8,Need Attention,3,-0.4474837755903594,-0.2824934962031981
14357,43,1,225.77,4,1,1,411,6,New / Promising,3,-1.0511704565892472,-1.1058626146608679
14358,389,2,400.06,2,2,2,222,6,Hibernating / Churned,1,-1.199534903925966,0.4167149617448852
14359,19,3,912.18,5,3,3,533,11,Loyal Customers,3,0.3386037235486929,-0.870039777339509
14360,32,4,2128.23,4,3,4,434,11,Loyal Customers,3,0.7151851931572285,-0.25873130186881194
14361,579,1,214.71,1,1,1,111,3,Hibernating / Churned,1,-1.9069886820109976,0.3015571058769268
14362,22,1,161.2,4,1,1,411,6,New / Promising,3,-0.9871720164077159,-1.5639708456264938
14363,402,2,227.47,2,2,1,221,5,Hibernating / Churned,1,-1.4549760685472368,0.2663562836808371
14364,109,8,3717.35,3,4,5,345,12,Loyal Customers,2,1.0166773183520297,0.7873758304864136
14365,395,2,634.68,2,2,3,223,7,Need Attention,1,-1.004070412040418,0.563010325853149
14366,525,1,136.0,1,1,1,111,3,Hibernating / Churned,1,-2.0728988278792215,0.11176506638294069
14367,8,16,9261.52,5,5,5,555,15,Champions (Top Tier),0,2.7084850997444048,-0.08731620092742925
14368,320,1,155.0,2,1,1,211,4,Hibernating / Churned,1,-1.8566625683188895,-0.1217513525429694
14369,642,2,469.13,1,2,2,122,5,Hibernating / Churned,1,-1.2921096925292366,0.7400601645566175
14370,451,6,1175.78,1,4,3,143,8,At Risk (High Frequency),2,-0.13265449349509292,1.1304553851300205
14371,295,1,100.5,2,1,1,211,4,Hibernating / Churned,1,-2.0174454767541836,-0.2951312778163949
14372,443,2,860.08,1,2,3,123,6,Need Attention,1,-0.9090227923018225,0.7169640400464944
14373,358,1,76.55,2,1,1,211,4,Hibernating / Churned,1,-2.196956935903044,-0.26926536383826183
14374,541,1,108.0,1,1,1,111,3,Hibernating / Churned,1,-2.182069525263047,0.05985191582960461
14375,185,3,1132.99,3,3,3,333,9,Loyal Customers,2,-0.28841172835976914,0.42477777470192185
14376,683,1,215.46,1,1,1,111,3,Hibernating / Churned,1,-1.9588210193059743,0.3935649975716708
14377,191,2,617.05,2,2,2,222,6,Hibernating / Churned,1,-0.7821742496400242,0.1553053099742939
14378,622,1,131.25,1,1,1,111,3,Hibernating / Churned,1,-2.142990570664515,0.194551218773109
14379,44,4,1268.91,4,3,4,434,11,Loyal Customers,3,0.3900047693843363,-0.24236857622184182
14380,682,1,48.96,1,1,1,111,3,Hibernating / Churned,1,-2.5962910175131237,-0.04613917175069305
14381,52,2,631.34,4,2,3,423,9,New / Promising,3,-0.35591412842093506,-0.547823861224148
14382,26,2,1246.8,4,2,3,423,9,New / Promising,3,0.1579669595885839,-0.7163581326413638
14383,38,3,1247.69,4,3,3,433,10,Loyal Customers,3,0.25876238647730326,-0.408020167427948
14384,501,1,58.5,1,1,1,111,3,Hibernating / Churned,1,-2.4206738462587225,-0.16365005386105722
14385,9,3,202.11,5,3,1,531,9,Loyal Customers,3,-0.0912577606553324,-1.7023266295124506
14386,297,1,142.4,2,1,1,211,4,Hibernating / Churned,1,-1.8692603231123568,-0.1879690426370262
14387,33,3,1770.56,4,3,4,434,11,Loyal Customers,3,0.4553213691857427,-0.37899381093797074
14388,10,16,6701.0,5,5,5,555,15,Champions (Top Tier),0,2.5027961531446814,-0.0734937027837551
14389,65,5,1898.01,3,4,4,344,11,Loyal Customers,2,0.5802733302037728,0.1560643966979659
14390,10,13,6399.83,5,5,5,555,15,Champions (Top Tier),0,2.334706836562679,-0.15832510885252563
14391,577,1,135.6,1,1,1,111,3,Hibernating / Churned,1,-2.1046612555557753,0.1628869304146142
14392,432,1,266.4,1,1,1,111,3,Hibernating / Churned,1,-1.718989317657829,0.20464395874327063
14393,218,1,67.95,2,1,1,211,4,Hibernating / Churned,1,-2.088246386463061,-0.5770605011267853
14394,565,1,93.8,1,1,1,111,3,Hibernating / Churned,1,-2.2568141877318224,0.04196763766481695
14395,2,20,8208.01,5,5,5,555,15,Champions (Top Tier),0,3.1724349241222694,-0.6520659111138648
14396,65,7,2121.93,3,4,4,344,11,Loyal Customers,2,0.8481888721528882,0.2947327175271187
14397,3,19,2612.96,5,5,4,554,14,Champions (Top Tier),0,2.5442595697380357,-0.8538128318445216
14398,401,2,707.79,2,2,3,223,7,Need Attention,1,-0.9615668064054257,0.6038927256342671
14399,394,8,2113.16,2,4,4,244,10,At Risk (High Frequency),2,0.35753838326696696,1.323476841756225
14400,149,3,1732.47,3,3,4,334,10,Loyal Customers,2,-0.034188242055097164,0.4331682922710894
14401,4,22,6795.9,5,5,5,555,15,Champions (Top Tier),0,2.994472697039587,-0.39352180294985806
14402,652,1,285.6,1,1,1,111,3,Hibernating / Churned,1,-1.821694332497581,0.45200432922263745
14403,130,6,1880.51,3,4,4,344,11,Loyal Customers,2,0.4720947131419234,0.5878363599135356
14404,34,13,2899.11,4,5,4,454,13,Champions (Top Tier),0,1.6158936944521836,0.24309447455893252
14405,387,1,195.0,2,1,1,211,4,Hibernating / Churned,1,-1.8186560717065428,0.051133426268074496
14406,119,1,156.75,3,1,1,311,5,Need Attention,1,-1.5335743369664963,-0.661120380178244
14407,107,6,2157.73,3,4,4,344,11,Loyal Customers,2,0.5943403922440615,0.5224924264447814
14408,11,11,4109.77,5,5,5,555,15,Champions (Top Tier),0,1.9963215966304575,-0.2993135239710185
14409,71,9,3756.09,3,5,5,355,13,Loyal Customers,2,1.2386185113005348,0.5952845994847101
14410,92,11,2651.14,3,5,4,354,12,Loyal Customers,2,1.1433634845774687,0.698927796268753
14411,311,1,1063.0,2,1,3,213,6,Need Attention,1,-1.0120923691304173,0.4372896644785702
14412,43,3,1426.19,4,3,4,434,11,Loyal Customers,3,0.2778836254559418,-0.3014899734335533
14413,362,4,770.37,2,3,3,233,8,Need Attention,2,-0.5021380451898363,0.7599138795460811
14414,92,8,2399.33,3,4,4,344,11,Loyal Customers,2,0.8805403556116453,0.5637629940214693
14415,1,23,12091.6,5,5,5,555,15,Champions (Top Tier),0,3.5739606586319517,-0.7108721920954972
14416,22,2,490.22,4,2,2,422,8,New / Promising,3,-0.19579840731994957,-1.0838615371853766
14417,388,1,604.2,2,1,2,212,5,Hibernating / Churned,1,-1.3289322189089556,0.3900499879050608
14418,4,3,1937.25,5,3,4,534,12,Loyal Customers,3,1.1144300117145205,-1.4093753616095996
14419,11,7,1260.91,5,4,4,544,13,Champions (Top Tier),3,1.173219297451752,-0.801251787698499
14420,99,4,1639.17,3,3,4,334,10,Loyal Customers,2,0.24307015973507795,0.2746463914326598
14421,57,6,2469.37,4,4,4,444,12,Champions (Top Tier),2,0.854083216656629,0.21995954364491713
14422,1,19,10271.52,5,5,5,555,15,Champions (Top Tier),0,3.3639280767211552,-0.8264381528159821
14423,218,3,916.61,2,3,3,233,8,Need Attention,2,-0.43335786914793156,0.4514822932924542
14424,18,1,322.08,5,1,2,512,8,New / Promising,3,-0.6255623227907292,-1.463078675930556
14425,435,3,661.39,1,3,3,133,7,Need Attention,2,-0.7978676468479982,0.7337086387780002
14426,24,17,11727.94,4,5,5,455,14,Champions (Top Tier),0,2.5243728758786075,0.567779803505438
14427,50,4,1263.52,4,3,4,434,11,Loyal Customers,3,0.3476731174703387,-0.1746066818074698
14428,7,5,1244.83,5,4,3,543,12,Loyal Customers,3,1.0793603008479453,-1.1340313867634813
14429,404,1,516.28,2,1,2,212,5,Hibernating / Churned,1,-1.4102691884159848,0.3652923046433864
14430,512,3,1220.9,1,3,3,133,7,Need Attention,2,-0.584049502412056,1.0067034123973888
14431,303,4,2614.2,2,3,4,234,9,Need Attention,2,0.08646102543497794,1.0275614124973333
14432,10,6,2255.51,5,4,4,544,13,Champions (Top Tier),3,1.3523956152650818,-0.7241428528738448
14433,466,1,289.6,1,1,1,111,3,Hibernating / Churned,1,-1.7072359329106384,0.2712435979576902
14434,22,6,1372.8,4,4,4,444,12,Champions (Top Tier),3,0.8979214069041834,-0.4658593060731898
14435,502,1,90.42,1,1,1,111,3,Hibernating / Churned,1,-2.234445238779282,-0.03398657614060286
14436,99,2,271.7,3,2,1,321,6,Need Attention,1,-0.9271969930907169,-0.44941667873333757
14437,366,5,958.84,2,4,3,243,9,At Risk (High Frequency),2,-0.27151153075587786,0.8981313067198978
14438,306,1,131.9,2,1,1,211,4,Hibernating / Churned,1,-1.911969395017481,-0.19432036216327933
14439,320,5,9443.04,2,4,5,245,11,At Risk (High Frequency),2,0.7666133507096959,1.5086841001254279
14440,8,13,6638.73,5,5,5,555,15,Champions (Top Tier),0,2.4155526943300414,-0.25803814316779283
14441,1,11,4611.69,5,5,5,555,15,Champions (Top Tier),0,2.625946916732442,-1.2530936848354062
14442,205,7,5367.02,2,4,5,245,11,At Risk (High Frequency),2,0.8836890014669919,1.2002242134689032
14443,54,5,2386.47,4,4,4,444,12,Champions (Top Tier),2,0.7388369271532126,0.12402382235252206
14444,456,1,132.04,1,1,1,111,3,Hibernating / Churned,1,-2.040181520095664,0.02542555127344294
14445,456,1,221.65,1,1,1,111,3,Hibernating / Churned,1,-1.8161238213602777,0.1795745398778264
14446,1,5,1241.31,5,4,3,543,12,Loyal Customers,3,1.526492296560538,-1.8995046714012733
14447,19,6,1711.73,5,4,4,544,13,Champions (Top Tier),3,1.039068055394911,-0.47693823112110567
14448,9,2,375.35,5,2,2,522,9,New / Promising,3,-0.04231421756264597,-1.6229997296239769
14449,19,8,2482.8,5,4,4,544,13,Champions (Top Tier),0,1.392475931656331,-0.2736807750129931
14450,181,7,1128.44,3,4,3,343,10,Loyal Customers,2,0.24553764725014374,0.6652996254383505
14451,60,12,3308.77,3,5,5,355,13,Loyal Customers,0,1.4371902420939289,0.5619275747163422
14452,11,4,665.59,5,3,3,533,11,Loyal Customers,3,0.5370580793976725,-1.1643347657743106
14453,190,1,119.93,2,1,1,211,4,Hibernating / Churned,1,-1.7995473117558913,-0.4843310626451007
14454,376,5,977.3,2,4,3,243,9,At Risk (High Frequency),2,-0.2719176471815614,0.918661602860623
14455,432,4,628.21,1,3,3,133,7,Need Attention,2,-0.6478014418667934,0.7961955143642967
14456,5,9,3062.4,5,5,5,555,15,Champions (Top Tier),0,1.9534876698644845,-0.8363961774988763
14457,311,1,113.64,2,1,1,211,4,Hibernating / Churned,1,-1.9815030356184333,-0.22965315705737271
14458,381,1,237.42,2,1,1,211,4,Hibernating / Churned,1,-1.728370216286945,0.10118526540051469
14459,155,2,5375.74,3,2,5,325,10,Need Attention,2,0.2262298350872281,0.6883468575592249
14460,110,9,1093.5,3,5,3,353,11,Loyal Customers,2,0.5619840405906547,0.4648371785170779
14461,148,13,6713.5,3,5,5,355,13,Loyal Customers,0,1.5126593544742115,1.293393018158515
14462,66,12,2270.01,3,5,4,354,12,Loyal Customers,0,1.2429629046696442,0.5009241916788585
14463,98,4,786.57,3,3,3,333,9,Loyal Customers,2,-0.07287340011532503,0.04950133533335883
14464,568,2,111.0,1,2,1,121,4,Hibernating / Churned,1,-1.876728534904975,0.24320783503830104
14465,247,11,3946.03,2,5,5,255,12,At Risk (High Frequency),2,0.9991343218753802,1.3589344912537045
14466,29,13,4646.9,4,5,5,455,14,Champions (Top Tier),0,1.8709744406705835,0.29926288127863776
14467,18,12,2220.99,5,5,4,554,14,Champions (Top Tier),0,1.6410665728997338,-0.20071511995517732
14468,734,1,204.24,1,1,1,111,3,Hibernating / Churned,1,-2.005238163381191,0.417296237272921
14469,416,4,2112.21,1,3,4,134,8,Need Attention,2,-0.10849533202166746,1.1380865400873381
14470,12,3,712.04,5,3,3,533,11,Loyal Customers,3,0.37028700047244495,-1.1817000052874618
14471,591,2,400.95,1,2,2,122,5,Hibernating / Churned,1,-1.3335553009500767,0.6475780743106389
14472,104,9,2228.22,3,5,4,354,12,Loyal Customers,2,0.8894702876891115,0.6471285704146934
14473,74,2,234.34,3,2,1,321,6,Need Attention,1,-0.8982620157183745,-0.6521970330336073
14474,46,2,1278.08,4,2,4,424,10,New / Promising,3,-0.010538537366990145,-0.40321024066239586
14475,72,4,1151.15,3,3,3,333,9,Loyal Customers,2,0.19118967920415345,-0.004656218964064175
14476,257,1,215.7,2,1,1,211,4,Hibernating / Churned,1,-1.6429994391019065,-0.14387462321077713
14477,20,7,1969.6,4,4,4,444,12,Champions (Top Tier),0,1.1861564540887128,-0.3591670390560989
14478,382,4,1276.66,2,3,4,234,9,Need Attention,2,-0.29992264061373813,0.9405509009794151
14479,254,4,1299.11,2,3,4,234,9,Need Attention,2,-0.16078342684823976,0.7214057197304576
14480,11,4,1299.52,5,3,4,534,12,Loyal Customers,3,0.8278578416864414,-0.9642680441386963
14481,165,5,2311.49,3,4,4,344,11,Loyal Customers,2,0.36767943030813527,0.7237565746304641
14482,18,12,4357.91,5,5,5,555,15,Champions (Top Tier),0,1.9342483317277004,0.0009903865088487446
14483,282,2,257.1,2,2,1,221,5,Hibernating / Churned,1,-1.2875908345547267,0.10788807375551387
14484,50,4,1070.98,4,3,3,433,10,Loyal Customers,3,0.2758002574747211,-0.224054340776392
14485,39,1,165.75,4,1,1,411,6,New / Promising,3,-1.1541135630671773,-1.2504633784964874
14486,512,2,175.5,1,2,1,121,4,Hibernating / Churned,1,-1.645324954802611,0.3222130623138694
14487,27,7,1453.61,4,4,4,444,12,Champions (Top Tier),3,0.9610148064395332,-0.2913745024086739
14488,68,1,1064.28,3,1,3,313,7,Need Attention,3,-0.5235534275809924,-0.3945994358278176
14489,207,4,1574.93,2,3,4,234,9,Need Attention,2,-0.011180682751042365,0.66663197353548
14490,406,2,1273.47,2,2,4,224,8,Cant Lose Them (High Spend),2,-0.7102772754781852,0.7863452917310013
14491,175,2,468.13,3,2,2,322,7,Need Attention,1,-0.8739863224096734,0.024786451910601876
14492,430,7,1921.91,1,4,4,144,9,At Risk (High Frequency),2,0.19823891779389502,1.3000891218770172
14493,7,10,5130.15,5,5,5,555,15,Champions (Top Tier),0,2.1575664849373837,-0.4884306071895047
14494,26,3,401.46,4,3,2,432,9,Loyal Customers,3,-0.1149553161613209,-0.9497796934268833
14495,51,3,174.8,4,3,1,431,8,Loyal Customers,3,-0.6873056083041884,-0.8362162439633432
14496,312,7,2668.23,2,4,4,244,10,At Risk (High Frequency),2,0.4443971120949939,1.2218128563078683
14497,309,2,697.06,2,2,3,223,7,Need Attention,1,-0.8841522162244214,0.4559867875461546
14498,43,10,3911.27,4,5,5,455,14,Champions (Top Tier),0,1.4882016638317639,0.37065599559894113
14499,26,7,2138.97,4,4,4,444,12,Champions (Top Tier),0,1.1407509473661457,-0.19586946480426964
14500,88,3,356.85,3,3,2,332,8,Loyal Customers,3,-0.5518541067910714,-0.3270454635886625
14501,184,2,251.21,3,2,1,321,6,Need Attention,1,-1.1601499043325119,-0.13348613691662442
14502,20,11,2470.67,4,5,4,454,13,Champions (Top Tier),0,1.59398264632683,-0.14293371757235215
14503,3,6,3543.26,5,4,5,545,14,Champions (Top Tier),0,1.8760273952498505,-1.1469446798555685
14504,47,4,673.26,4,3,3,433,10,Loyal Customers,3,0.09367285934958738,-0.3962837447656135
14505,17,19,12001.84,5,5,5,555,15,Champions (Top Tier),0,2.721022542252448,0.4320654587369295
14506,17,7,3290.67,5,4,5,545,14,Champions (Top Tier),0,1.459246242507946,-0.29060862897270395
14507,24,11,3284.43,4,5,5,455,14,Champions (Top Tier),0,1.661424626746305,0.03842800781723773
14508,22,5,874.94,4,4,3,443,11,Loyal Customers,3,0.5845359847941443,-0.6570014104023175
14509,534,1,110.95,1,1,1,111,3,Hibernating / Churned,1,-2.166245996433785,0.06067592489690391
14510,376,3,1007.28,2,3,3,233,8,Need Attention,2,-0.5680347099797906,0.7792828122331074
14511,11,5,1314.81,5,4,4,544,13,Champions (Top Tier),3,0.972001181345673,-0.8940330857016151
14512,188,7,1223.47,3,4,3,343,10,Loyal Customers,2,0.268481899914551,0.7102988079992149
14513,101,6,788.01,3,4,3,343,10,Loyal Customers,2,0.17489556095194728,0.1896745989824746
14514,61,9,4598.98,3,5,5,355,13,Loyal Customers,0,1.3750492466019928,0.5733986395856959
14515,18,12,3749.26,5,5,5,555,15,Champions (Top Tier),0,1.8688099494583337,-0.04403042955622645
14516,516,1,163.92,1,1,1,111,3,Hibernating / Churned,1,-1.9866139969432497,0.15776875287207504
14517,33,2,330.45,4,2,2,422,8,New / Promising,3,-0.4933913586600124,-0.9860423670502557
14518,64,1,174.37,3,1,1,311,5,Need Attention,1,-1.2892089243501754,-0.967588281932692
14519,684,2,206.09,1,2,1,121,4,Hibernating / Churned,1,-1.669297280533604,0.5295385219310559
14520,2,2,270.6,5,2,1,521,8,New / Promising,3,0.20515496730076938,-2.384708202324123
14521,491,1,199.45,1,1,1,111,3,Hibernating / Churned,1,-1.8856928628462823,0.18883493754581396
14522,24,8,1758.62,4,4,4,444,12,Champions (Top Tier),0,1.1703285764886893,-0.2537858052049674
14523,108,1,241.09,3,1,1,311,5,Need Attention,1,-1.316124442834034,-0.5859399628539084
14524,32,13,2933.71,4,5,4,454,13,Champions (Top Tier),0,1.6400845492865088,0.21419057753548165
14525,20,17,8240.64,4,5,5,455,14,Champions (Top Tier),0,2.427232199013953,0.36598573392177636
14526,389,1,262.4,2,1,1,211,4,Hibernating / Churned,1,-1.6917197580329997,0.1424439005159389
14527,3,122,27792.3,5,5,5,555,15,Champions (Top Tier),0,4.9582347732866525,0.5187071070376259
14528,37,1,364.22,4,1,2,412,7,New / Promising,3,-0.7964000550256697,-1.0440656241766306
14529,60,3,620.04,3,3,3,333,9,Loyal Customers,3,-0.1898108165535215,-0.37038026368233073
14530,26,16,6197.4,4,5,5,455,14,Champions (Top Tier),0,2.1783907341526567,0.39839270697441365
14531,480,1,376.34,1,1,2,112,4,Hibernating / Churned,1,-1.603140412781326,0.36572467086722527
14532,236,11,3859.18,2,5,5,255,12,At Risk (High Frequency),2,1.004126791763585,1.3272505837215487
14533,25,11,3466.37,4,5,5,455,14,Champions (Top Tier),0,1.672191283878188,0.07619507979998565
14534,3,26,6271.11,5,5,5,555,15,Champions (Top Tier),0,3.153974995744299,-0.481961740927721
14535,60,9,6030.73,3,5,5,355,13,Loyal Customers,0,1.4982138259396685,0.6455475318885255
14536,260,1,171.8,2,1,1,211,4,Hibernating / Churned,1,-1.7452371002406792,-0.20526396404706954
14537,58,2,641.4,4,2,3,423,9,New / Promising,3,-0.3837324127078463,-0.4839465068735731
14538,65,5,1370.84,3,4,4,344,11,Loyal Customers,2,0.4387860657656184,0.05872286888329194
14539,16,2,537.48,5,2,2,522,9,New / Promising,3,-0.058065069338734364,-1.2230904883313298
14540,10,11,3795.34,5,5,5,555,15,Champions (Top Tier),0,1.9898407529121327,-0.37112552782317393
14541,59,14,2499.68,4,5,4,454,13,Champions (Top Tier),0,1.4297132768913956,0.5212789064792005
14542,186,1,103.25,3,1,1,311,5,Need Attention,1,-1.8572803153637378,-0.5404338055357594
14543,29,39,14906.77,4,5,5,455,14,Champions (Top Tier),0,3.1787801594170477,1.032413597384771
14544,24,3,2982.43,4,3,5,435,12,Loyal Customers,3,0.7815520899199129,-0.3925669899470964
14545,674,1,349.25,1,1,2,112,4,Hibernating / Churned,1,-1.7451467616199716,0.5303175159855417
14546,5,11,5197.9,5,5,5,555,15,Champions (Top Tier),0,2.3226817027500952,-0.6113290622496683
14547,4,8,4007.54,5,4,5,545,14,Champions (Top Tier),0,2.049096434831587,-0.8950284985481116
14548,151,9,2627.49,3,5,4,354,12,Loyal Customers,2,0.8415155249911046,0.9004819320902975
14549,311,4,916.55,2,3,3,233,8,Need Attention,2,-0.37766391915383085,0.7283560141337838
14550,11,4,1353.31,5,3,4,534,12,Loyal Customers,3,0.8454917290061307,-0.9521361427988364
14551,18,7,880.04,5,4,3,543,12,Loyal Customers,3,0.8682709173580755,-0.655340468867683
14552,152,3,511.28,3,3,2,332,8,Loyal Customers,2,-0.5709895412280158,0.07918418942160027
14553,19,9,1841.54,5,5,4,554,14,Champions (Top Tier),0,1.3428933431072643,-0.32451341342506274
14554,10,4,2381.04,5,3,4,534,12,Loyal Customers,3,1.1193219168572235,-0.8310975449758045
14555,57,6,2315.63,4,4,4,444,12,Champions (Top Tier),2,0.8261258264438883,0.20072519709206008
14556,596,3,835.34,1,3,3,133,7,Need Attention,2,-0.7980541525522188,0.9768523925322269
14557,85,1,788.38,3,1,3,313,7,Need Attention,3,-0.7252054597868213,-0.3628508828926472
14558,654,3,655.5,1,3,3,133,7,Need Attention,1,-0.9333858752639987,0.9555165089759096
14559,390,1,75.6,2,1,1,211,4,Hibernating / Churned,1,-2.2299357060271427,-0.22585990108142612
14560,7,44,6114.03,5,5,5,555,15,Champions (Top Tier),0,3.3083675282109244,0.07973921569790345
14561,76,3,1080.76,3,3,3,333,9,Loyal Customers,2,-0.023685857449371496,-0.07578199143848495
14562,4,26,6729.4,5,5,5,555,15,Champions (Top Tier),0,3.1124890070396636,-0.3377739345988315
14563,510,2,679.44,1,2,3,123,6,Need Attention,1,-1.0569230889555432,0.7240027029865496
14564,435,2,2605.62,1,2,4,124,7,Cant Lose Them (High Spend),2,-0.42121050083669265,1.0384985364876922
14565,96,5,3859.22,3,4,5,345,12,Loyal Customers,2,0.7643958682734936,0.5808005742045157
14566,111,4,4092.0,3,3,5,335,11,Loyal Customers,2,0.6043105912080015,0.6109002530583185
14567,57,2,1530.36,4,2,4,424,10,New / Promising,3,-0.0002280104833967688,-0.23333247322105372
14568,435,1,919.7,1,1,3,113,5,Need Attention,1,-1.1832638995805735,0.5785611783776168
14569,1,4,598.98,5,3,2,532,10,Loyal Customers,3,1.0707516468761207,-2.1841148129422185
14570,281,3,613.75,2,3,2,232,7,Need Attention,2,-0.6894154408173088,0.4710310923408326
14571,425,1,161.65,1,1,1,111,3,Hibernating / Churned,1,-1.9300281471485845,0.04683563808367265
14572,3,11,5615.18,5,5,5,555,15,Champions (Top Tier),0,2.487411609616692,-0.8118569550302623
14573,180,13,2621.42,3,5,4,354,12,Loyal Customers,2,1.0406634713702327,1.1192622517996187
14574,733,1,143.7,1,1,1,111,3,Hibernating / Churned,1,-2.1568744977313448,0.31191839276880146
14575,488,1,460.71,1,1,2,112,4,Hibernating / Churned,1,-1.520675454147637,0.43522808935006757
14576,372,1,70.8,2,1,1,211,4,Hibernating / Churned,1,-2.242849693629379,-0.2712260198927752
14577,13,7,1374.25,5,4,4,544,13,Champions (Top Tier),3,1.1607859805758154,-0.6904816958452606
14578,3,1,168.63,5,1,1,511,7,New / Promising,3,-0.40194789344224935,-2.5153541941322763
14579,432,1,105.56,1,1,1,111,3,Hibernating / Churned,1,-2.1193019624477776,-0.07076630240019349
14580,518,1,14.85,1,1,1,111,3,Hibernating / Churned,1,-3.007004629911093,-0.5412589622475878
14581,17,2,433.8,5,2,2,522,9,New / Promising,3,-0.16960488794165496,-1.2555836821271618
14582,41,1,114.11,4,1,1,411,6,New / Promising,1,-1.331146622115238,-1.3344927762568333
14583,6,8,1781.03,5,4,4,544,13,Champions (Top Tier),0,1.5875446449767532,-0.9521160751985115
14584,169,8,1747.91,3,4,4,344,11,Loyal Customers,2,0.5476903466520955,0.8016869485907467
14585,50,5,1143.27,4,4,3,443,11,Loyal Customers,2,0.44325268468874407,-0.13778301183233024
14586,277,1,237.36,2,1,1,211,4,Hibernating / Churned,1,-1.625695233352109,-0.07417597593499485
14587,19,9,1601.14,5,5,4,554,14,Champions (Top Tier),0,1.2820636058773827,-0.36636353740643407
14588,578,1,135.39,1,1,1,111,3,Hibernating / Churned,1,-2.1058897484712853,0.1633798136825519
14589,372,1,79.5,2,1,1,211,4,Hibernating / Churned,1,-2.193085587844783,-0.23698891659842874
14590,425,20,3006.62,1,5,5,155,11,At Risk (High Frequency),2,1.132712190457415,1.7808073479797237
14591,15,4,1447.14,5,3,4,534,12,Loyal Customers,3,0.7815947216556256,-0.7734092425468249
14592,35,3,570.46,4,3,2,432,9,Loyal Customers,3,-0.05545188023165422,-0.6861547797063129
14593,22,12,3712.01,4,5,5,455,14,Champions (Top Tier),0,1.802674447043792,0.058360072977485314
14594,7,2,634.83,5,2,3,523,10,New / Promising,3,0.2580301159282125,-1.5890961234916212
14595,20,8,2164.45,4,4,4,444,12,Champions (Top Tier),0,1.3170163468646978,-0.2878288501763718
14596,627,1,229.47,1,1,1,111,3,Hibernating / Churned,1,-1.903907169478192,0.36522538545550887
14597,11,6,2201.54,5,4,4,544,13,Champions (Top Tier),3,1.3137208354238263,-0.6833973722467191
14598,44,2,384.04,4,2,2,422,8,New / Promising,3,-0.5188389345753148,-0.7865754733233368
14599,390,2,474.54,2,2,2,222,6,Hibernating / Churned,1,-1.1262474182729012,0.4691181314181193
14600,306,2,865.17,2,2,3,223,7,Need Attention,1,-0.7871218319045881,0.5152149960365083
14601,11,1,213.96,5,1,1,511,7,New / Promising,3,-0.6542203539579482,-1.838507173497276
14602,656,1,205.36,1,1,1,111,3,Hibernating / Churned,1,-1.9665862603221902,0.3570476195046306
14603,275,1,660.0,2,1,3,213,6,Need Attention,1,-1.179565512864086,0.22716687186332385
14604,633,1,143.86,1,1,1,111,3,Hibernating / Churned,1,-2.1090247145407632,0.23146750105769665
14605,374,4,937.16,2,3,3,233,8,Need Attention,2,-0.4274841034006843,0.8364502526531009
14606,1,192,30861.06,5,5,5,555,15,Champions (Top Tier),0,5.571589418844369,0.3326463374390439
14607,16,22,24137.63,5,5,5,555,15,Champions (Top Tier),0,3.150100984387525,0.6608415613077601
14608,4,11,3352.94,5,5,5,555,15,Champions (Top Tier),0,2.19093784905713,-0.8430976537684675
14609,72,10,1486.2,3,5,4,354,12,Loyal Customers,2,0.9036179176418452,0.36035983803542404
14610,396,2,24.35,2,2,1,221,5,Hibernating / Churned,1,-2.406757232484542,-0.40006898384248174
14611,444,2,604.33,1,2,2,122,5,Hibernating / Churned,1,-1.0630872540515637,0.6127110024935256
14612,415,1,877.7,1,1,3,113,5,Need Attention,1,-1.1883921564983377,0.5386848106609814
14613,680,1,76.32,1,1,1,111,3,Hibernating / Churned,1,-2.4053192816996973,0.08297706033209953
14614,386,1,295.13,2,1,2,212,5,Hibernating / Churned,1,-1.6382607151180872,0.173245639272825
14615,394,5,951.76,2,4,3,243,9,At Risk (High Frequency),2,-0.29851237554185855,0.9364680186958705
14616,243,5,527.78,2,4,2,242,8,At Risk (High Frequency),2,-0.3988981476347675,0.4945187035497288
14617,403,2,190.47,2,2,1,221,5,Hibernating / Churned,1,-1.5326492124549123,0.21483649996380644
14618,9,7,1342.32,5,4,4,544,13,Champions (Top Tier),3,1.259388510550747,-0.8830988231214671
14619,246,2,1291.24,2,2,4,224,8,Cant Lose Them (High Spend),2,-0.5427257095464298,0.5150268555172028
14620,206,2,412.78,2,2,2,222,6,Hibernating / Churned,1,-0.9810826433117097,0.07668724861301279
14621,1,9,3000.57,5,5,5,555,15,Champions (Top Tier),0,2.299935260670354,-1.448451846763886
14622,185,1,320.58,3,1,2,312,6,Need Attention,1,-1.3654204568417683,-0.2061907096787891
14623,32,10,2059.58,4,5,4,454,13,Champions (Top Tier),0,1.3022866017076888,0.020061410960181165
14624,57,6,814.07,4,4,3,443,11,Loyal Customers,2,0.37161768346426743,-0.11197091175938677
14625,196,11,4497.88,2,5,5,255,12,At Risk (High Frequency),2,1.130535001711749,1.2711253254592023
14626,24,11,5410.92,4,5,5,455,14,Champions (Top Tier),0,1.8785881737713401,0.1878339033726698
14627,379,1,462.75,2,1,2,212,5,Hibernating / Churned,1,-1.4371921371425511,0.29744887352188837
14628,91,5,1998.0,3,4,4,344,11,Loyal Customers,2,0.4951798633480354,0.3546173513893796
14629,4,2,959.01,5,2,3,523,10,New / Promising,3,0.5893098957415128,-1.724997320604199
14630,484,1,338.65,1,1,2,112,4,Hibernating / Churned,1,-1.6516053898158014,0.33879194143954217
14631,51,6,2025.69,4,4,4,444,12,Champions (Top Tier),2,0.8032659847388026,0.1004695481429988
14632,263,1,114.56,2,1,1,211,4,Hibernating / Churned,1,-1.923995635174894,-0.3194010169415052
14633,266,1,344.9,2,1,2,212,5,Hibernating / Churned,1,-1.4506188541969993,0.015023180943518899
14634,438,4,2124.46,1,3,4,134,8,Need Attention,2,-0.12260871214647732,1.1681743298590368
14635,454,1,215.22,1,1,1,111,3,Hibernating / Churned,1,-1.8274558660479743,0.16838316239342344
14636,36,2,609.85,4,2,2,422,8,New / Promising,3,-0.25472746640655675,-0.7563908016734096
14637,677,1,106.68,1,1,1,111,3,Hibernating / Churned,1,-2.2597797887566005,0.17968892070840448
14638,51,1,443.6,4,1,2,412,7,New / Promising,3,-0.8122706798089093,-0.812190199441093
14639,52,9,4978.96,4,5,5,455,14,Champions (Top Tier),0,1.460310337640775,0.5106495296365838
14640,24,10,3667.06,4,5,5,455,14,Champions (Top Tier),0,1.6429940117728363,0.03955642769008521
14641,22,1,110.46,4,1,1,411,6,New / Promising,3,-1.1504078017692216,-1.6762750929678696
14642,59,1,96.12,4,1,1,411,6,New / Promising,1,-1.5204465050100993,-1.1886359371263646
14643,170,5,1679.89,3,4,4,344,11,Loyal Customers,2,0.2192824885407712,0.6446325187039524
14644,68,7,2247.72,3,4,4,344,11,Loyal Customers,2,0.8588583829723937,0.336482174394468
14645,157,3,876.89,3,3,3,333,9,Loyal Customers,2,-0.34702083609863893,0.25816394184229224
14646,2,151,528602.52,5,5,5,555,15,Champions (Top Tier),0,6.4943168900525015,1.3192301835498985
14647,201,2,519.97,2,2,2,222,6,Hibernating / Churned,1,-0.8729446669800978,0.13215790691631116
14648,416,15,4546.86,1,5,5,155,11,At Risk (High Frequency),2,1.1121320604815064,1.7932746785995224
14649,5,9,3775.31,5,5,5,555,15,Champions (Top Tier),0,2.0445211210345047,-0.7737662633909133
14650,589,1,62.5,1,1,1,111,3,Hibernating / Churned,1,-2.4446048548149015,-0.05508396322644793
14651,67,9,2034.12,3,5,4,354,12,Loyal Customers,2,0.9903466778884898,0.3802317256415838
14652,77,1,114.18,3,1,1,311,5,Need Attention,1,-1.531095239454502,-0.9928727305783697
14653,1,12,3614.54,5,5,5,555,15,Champions (Top Tier),0,2.5810175113214786,-1.2967071247440773
14654,738,1,246.86,1,1,1,111,3,Hibernating / Churned,1,-1.9248962112786754,0.4767717563651426
14655,8,7,3878.51,5,4,5,545,14,Champions (Top Tier),0,1.7549215087621999,-0.623734966199273
14656,169,5,814.65,3,4,3,343,10,Loyal Customers,2,-0.09344191576434,0.42494187073247486
14657,18,6,1460.87,5,4,4,544,13,Champions (Top Tier),3,0.9867491491488158,-0.5526378218788413
14658,5,2,247.15,5,2,1,521,8,New / Promising,3,-0.05831522713695093,-2.02942516494188
14659,9,9,2529.93,5,5,4,554,14,Champions (Top Tier),0,1.705195302764342,-0.6118013908895374
14660,87,2,285.74,3,2,1,321,6,Need Attention,1,-0.8640085875756187,-0.5048963337833068
14661,27,1,107.95,4,1,1,411,6,New / Promising,3,-1.2239392064073105,-1.5745954476956052
14662,29,7,1416.33,4,4,4,444,12,Champions (Top Tier),3,0.9274041197912646,-0.2610926470373793
14663,430,2,490.6,1,2,2,122,5,Hibernating / Churned,1,-1.1432975111287196,0.5327831106770663
14664,20,2,637.89,4,2,3,423,9,New / Promising,3,-0.05201279081872194,-1.0553576770251523
14665,61,7,2749.65,3,4,4,344,11,Loyal Customers,2,0.9811191005602302,0.33779171290081994
14666,24,1,195.25,4,1,1,411,6,New / Promising,3,-0.9312265489160015,-1.4609374882701986
14667,11,54,21927.14,5,5,5,555,15,Champions (Top Tier),0,3.8859203487339067,0.7591027795498888
14668,445,1,111.63,1,1,1,111,3,Hibernating / Churned,1,-2.1047645280497362,-0.03786666103950351
14669,242,7,3243.93,2,4,5,245,11,At Risk (High Frequency),2,0.6112472134054822,1.140653214840901
14670,280,3,602.0,2,3,2,232,7,Need Attention,2,-0.6966633649088684,0.4632947857529722
14671,549,2,1127.45,1,2,3,123,6,Need Attention,2,-0.8606082629475114,0.9159970720402871
14672,235,4,1113.14,2,3,3,233,8,Need Attention,2,-0.20290542561852717,0.6324883816877948
14673,3,7,3410.81,5,4,5,545,14,Champions (Top Tier),0,1.9613009776858223,-1.1094685413501923
14674,509,1,173.66,1,1,1,111,3,Hibernating / Churned,1,-1.9572383889747982,0.16742652148168036
14675,16,2,1066.9,5,2,3,523,10,New / Promising,3,0.2398507120536565,-1.0181280315618462
14676,31,12,8356.79,4,5,5,455,14,Champions (Top Tier),0,2.048888557114937,0.4833839731084598
14677,593,1,184.91,1,1,1,111,3,Hibernating / Churned,1,-1.9793907644589155,0.2702079589740718
14678,579,1,403.39,1,1,2,112,4,Hibernating / Churned,1,-1.6335493603942264,0.4896800541612162
14679,382,3,1289.44,2,3,4,234,9,Need Attention,2,-0.46578495522917734,0.8618518857208844
14680,25,58,57412.77,4,5,5,455,14,Champions (Top Tier),0,4.108190281530146,1.4993869301466378
14681,71,6,875.15,3,4,3,343,10,Loyal Customers,2,0.3331277015160305,0.02892117477349743
14682,188,6,1514.81,3,4,4,344,11,Loyal Customers,2,0.2595062809566851,0.7253147461736688
14683,588,1,146.56,1,1,1,111,3,Hibernating / Churned,1,-2.077178096859289,0.19638810198081713
14684,26,6,1468.55,4,4,4,444,12,Champions (Top Tier),3,0.875377934040527,-0.35725183494800344
14685,576,8,4619.79,1,4,5,145,10,At Risk (High Frequency),2,0.5751860630337949,1.766556264174251
14686,414,5,885.83,1,4,3,143,8,At Risk (High Frequency),2,-0.3456884991679973,0.9422450732276549
14687,107,3,1402.06,3,3,4,334,10,Loyal Customers,2,-0.019953043901313357,0.1886754149439566
14688,8,28,7713.57,5,5,5,555,15,Champions (Top Tier),0,3.036267348087435,0.05343663938930116
14689,209,1,112.8,2,1,1,211,4,Hibernating / Churned,1,-1.8566601174738424,-0.4502153508716321
14690,44,4,794.33,4,3,3,433,10,Loyal Customers,3,0.18640004233517027,-0.3824461675157118
14691,31,5,2114.33,4,4,4,444,12,Champions (Top Tier),3,0.8613455028509213,-0.21092823937575272
14692,137,12,1745.09,3,5,4,354,12,Loyal Customers,2,0.8949027649340289,0.8207788986613102
14693,265,7,1165.36,2,4,3,243,9,At Risk (High Frequency),2,0.1367965017664478,0.8842401555698702
14694,617,1,244.31,1,1,1,111,3,Hibernating / Churned,1,-1.871564224355206,0.37505172702914574
14695,519,3,1620.07,1,3,4,134,8,Need Attention,2,-0.4654377359538797,1.098797875668135
14696,4,8,2767.9,5,4,4,544,13,Champions (Top Tier),0,1.8881177133329798,-1.0057799132323415
14697,218,2,188.61,2,2,1,221,5,Hibernating / Churned,1,-1.338849168101847,-0.1258304421481124
14698,2,5,1250.76,5,4,4,544,13,Champions (Top Tier),3,1.398651727354581,-1.6735973601817307
14699,214,4,702.6,2,3,3,233,8,Need Attention,2,-0.3727505181308084,0.44349811296563224
14700,32,5,3116.26,4,4,5,445,13,Champions (Top Tier),2,1.0201022250967255,-0.07788598637158665
14701,11,15,4562.09,5,5,5,555,15,Champions (Top Tier),0,2.2611588398768534,-0.16276303544276258
14702,1,29,6754.22,5,5,5,555,15,Champions (Top Tier),0,3.490801578902161,-0.8034968862914009
14703,15,1,318.17,5,1,2,512,8,New / Promising,3,-0.575279425753172,-1.5615095000272083
14704,11,11,1813.57,5,5,4,554,14,Champions (Top Tier),0,1.6405095590742833,-0.5441079052046001
14705,199,1,179.0,2,1,1,211,4,Hibernating / Churned,1,-1.6413783781735365,-0.33987132339932397
14706,619,1,390.69,1,1,2,112,4,Hibernating / Churned,1,-1.669002836156944,0.5169125634637403
14707,436,2,139.2,1,2,1,121,4,Hibernating / Churned,1,-1.6936492914951977,0.16484939477427432
14708,3,5,2212.28,5,4,4,544,13,Champions (Top Tier),3,1.5535850468281325,-1.344317840018482
14709,15,25,8886.33,5,5,5,555,15,Champions (Top Tier),0,2.828467155128166,0.3731767760236821
14710,14,13,1922.59,5,5,4,554,14,Champions (Top Tier),0,1.7112969074194315,-0.3471406782799807
14711,10,11,2868.8,5,5,4,554,14,Champions (Top Tier),0,1.868100581323488,-0.4548812944352223
14712,29,4,1328.07,4,3,4,434,11,Loyal Customers,3,0.5409543722509115,-0.4523771515955971
14713,9,21,5418.87,5,5,5,555,15,Champions (Top Tier),0,2.63788208544906,-0.09525011765429205
14714,24,4,906.24,4,3,3,433,10,Loyal Customers,3,0.4337867936054288,-0.6672375629286011
14715,25,8,1840.45,4,4,4,444,12,Champions (Top Tier),0,1.1774214651599832,-0.21854624151924654
14716,43,3,565.45,4,3,2,432,9,Loyal Customers,3,-0.1241853116707901,-0.5781085424768879
14717,733,1,81.3,1,1,1,111,3,Hibernating / Churned,1,-2.402400406762182,0.14299953496167206
14718,410,1,226.42,2,1,1,211,4,Hibernating / Churned,1,-1.7725884110804448,0.12740470792624137
14719,2,5,1602.13,5,4,4,544,13,Champions (Top Tier),3,1.506299859174222,-1.599536746604036
14720,6,3,663.81,5,3,3,533,11,Loyal Customers,3,0.5400270342264388,-1.5441031913495096
14721,379,1,115.77,2,1,1,211,4,Hibernating / Churned,1,-2.037262217293851,-0.11539208873541634
14722,147,3,513.37,3,3,2,332,8,Loyal Customers,2,-0.5584719870457198,0.06207699892054863
14723,10,11,2093.06,5,5,4,554,14,Champions (Top Tier),0,1.730982733261002,-0.5492167165954052
14724,590,1,345.25,1,1,2,112,4,Hibernating / Churned,1,-1.7071622431057558,0.4535785199193285
14725,25,4,1315.24,4,3,4,434,11,Loyal Customers,3,0.5830162190958604,-0.5342097798776716
14726,655,1,124.75,1,1,1,111,3,Hibernating / Churned,1,-2.1816124689965544,0.20793309421876824
14727,274,3,467.93,2,3,2,232,7,Need Attention,1,-0.7990957261670913,0.37611527338985185
14728,413,1,190.58,1,1,1,111,3,Hibernating / Churned,1,-1.8495580449403408,0.08008018547407725
14729,374,3,907.38,2,3,3,233,8,Need Attention,2,-0.611712485408999,0.7451156050140232
14730,1,8,2005.06,5,4,4,544,13,Champions (Top Tier),0,2.0442451212034003,-1.6076431554769084
14731,47,3,380.02,4,3,2,432,9,Loyal Customers,3,-0.32486211850798824,-0.6488184983477382
14732,8,19,5517.07,5,5,5,555,15,Champions (Top Tier),0,2.6070776247710445,-0.1828746139300139
14733,16,15,16184.97,5,5,5,555,15,Champions (Top Tier),0,2.6994131178423064,0.40836583514250674
14734,426,4,1056.42,1,3,3,133,7,Need Attention,2,-0.41741593408058164,0.9438967485650982
14735,4,56,12240.16,5,5,5,555,15,Champions (Top Tier),0,3.942660180330955,0.11479297969162354
14736,485,2,401.08,1,2,2,122,5,Hibernating / Churned,1,-1.2696033722227282,0.5388529290351928
14737,4,4,3554.17,5,3,5,535,13,Loyal Customers,3,1.5485649959111583,-1.1461079922193103
14738,43,9,1821.9,4,5,4,454,13,Champions (Top Tier),2,1.0832232819480152,0.10716122054620957
14739,4,25,12287.5,5,5,5,555,15,Champions (Top Tier),0,3.3456500250411363,-0.1713726887228441
14740,197,11,4161.06,2,5,5,255,12,At Risk (High Frequency),2,1.0950382759072441,1.2506233785374343
14741,12,7,1897.59,5,4,4,544,13,Champions (Top Tier),0,1.325065215553728,-0.6348246367588738
14742,435,1,579.85,1,1,2,112,4,Hibernating / Churned,1,-1.3836912806436765,0.4406695627184259
14743,593,1,50.48,1,1,1,111,3,Hibernating / Churned,1,-2.5380953849533783,-0.11417406701259177
14744,16,14,3885.08,5,5,5,555,15,Champions (Top Tier),0,2.029406205632767,-0.04234874091821141
14745,113,12,2571.81,3,5,4,354,12,Loyal Customers,2,1.1253500764010689,0.8314329347627664
14746,406,4,593.5,2,3,2,232,7,Need Attention,2,-0.6524631932232935,0.745054095267363
14747,249,1,328.2,2,1,2,212,5,Hibernating / Churned,1,-1.450872244172249,-0.03607574067558559
14748,29,10,3152.32,4,5,5,455,14,Champions (Top Tier),0,1.5182356519841544,0.09485459660725816
14749,480,1,310.15,1,1,2,112,4,Hibernating / Churned,1,-1.6870597253314192,0.3079891981430784
14750,736,1,112.03,1,1,1,111,3,Hibernating / Churned,1,-2.265668647715508,0.24022667558874525
14751,684,2,126.45,1,2,1,121,4,Hibernating / Churned,1,-1.8805098844536166,0.3842268033044191
14752,44,1,389.64,4,1,2,412,7,New / Promising,3,-0.8218069917305968,-0.9306676652623657
14753,87,2,869.51,3,2,3,323,8,Need Attention,3,-0.38082332671934294,-0.17247071444538611
14754,45,6,1550.48,4,4,4,444,12,Champions (Top Tier),2,0.7266610792554014,-0.04713699485618963
14755,10,25,9972.55,5,5,5,555,15,Champions (Top Tier),0,2.9998245023091274,0.20102802902442274
14756,15,3,2653.76,5,3,4,534,12,Loyal Customers,3,0.8751076077299537,-0.6736612547295714
14757,75,1,420.5,3,1,2,312,6,Need Attention,1,-0.9582224501949864,-0.6188501294875273
14758,145,7,2864.97,3,4,4,344,11,Loyal Customers,2,0.7219836329557893,0.8224827014791708
14759,5,3,1625.97,5,3,4,534,12,Loyal Customers,3,0.9792904582765799,-1.3612193284484018
14760,297,1,89.2,2,1,1,211,4,Hibernating / Churned,1,-2.0709785723342065,-0.32674875998705627
14761,59,3,447.92,4,3,2,432,9,Loyal Customers,3,-0.32567840091900374,-0.47665042565271665
14762,264,2,417.57,2,2,2,222,6,Hibernating / Churned,1,-1.055964407397415,0.21637436661144258
14764,47,1,278.3,4,1,1,411,6,New / Promising,3,-0.9886580139210958,-0.9955015479702026
14765,29,3,254.11,4,3,1,431,8,Loyal Customers,3,-0.3473962351256086,-1.028139379750722
14766,8,11,6556.13,5,5,5,555,15,Champions (Top Tier),0,2.292534297252481,-0.3182100351899627
14767,474,1,382.81,1,1,2,112,4,Hibernating / Churned,1,-1.5916834081310753,0.36389041150412704
14768,17,2,192.6,5,2,1,521,8,New / Promising,3,-0.5216446313037452,-1.4977827705499258
14769,3,17,15771.88,5,5,5,555,15,Champions (Top Tier),0,3.245968898580157,-0.35432487819256814
14770,232,8,3637.64,2,4,5,245,11,At Risk (High Frequency),2,0.7644988800392525,1.1948677614582173
14771,621,2,594.62,1,2,2,122,5,Hibernating / Churned,1,-1.1784274593090407,0.79256931852703
14772,112,1,139.26,3,1,1,311,5,Need Attention,1,-1.5652659369360737,-0.7294487146239773
14773,593,1,140.55,1,1,1,111,3,Hibernating / Churned,1,-2.0980045216421743,0.18860312768479284
14774,529,1,241.45,1,1,1,111,3,Hibernating / Churned,1,-1.826984913896576,0.28681509341029354
14775,58,3,1418.46,4,3,4,434,11,Loyal Customers,2,0.18064439698260915,-0.14131641708654138
14776,51,15,3708.3,4,5,5,455,14,Champions (Top Tier),0,1.6967729645471425,0.5839999918413015
14777,404,1,307.56,2,1,2,212,5,Hibernating / Churned,1,-1.635073876332448,0.2106293965110809
14778,127,2,730.86,3,2,3,323,8,Need Attention,2,-0.5774951042484902,-0.017737989556920325
14779,281,3,386.15,2,3,2,232,7,Need Attention,1,-0.8906093736897731,0.33261209830190813
14780,55,2,447.68,4,2,2,422,8,New / Promising,3,-0.5230138221299558,-0.6201660780389918
14782,320,1,200.1,2,1,1,211,4,Hibernating / Churned,1,-1.7461693379338035,-0.045733345540194884
14783,659,1,307.3,1,1,2,112,4,Hibernating / Churned,1,-1.793386449651312,0.47973353584951345
14784,26,3,449.93,4,3,2,432,9,Loyal Customers,3,-0.06547677160696651,-0.9157390528074406
14785,10,2,77.4,5,2,1,521,8,New / Promising,3,-0.7556868520482732,-2.040014328980948
14786,550,1,90.96,1,1,1,111,3,Hibernating / Churned,1,-2.261361231252088,0.01804825958034383
14787,471,1,110.65,1,1,1,111,3,Hibernating / Churned,1,-2.126892271180494,-0.009231210920730867
14788,7,3,1156.32,5,3,3,533,11,Loyal Customers,3,0.7380446447469902,-1.304506263279947
14789,29,1,197.64,4,1,1,411,6,New / Promising,3,-0.9849271596914323,-1.3567524468879426
14790,17,10,2526.62,5,5,4,554,14,Champions (Top Tier),0,1.5872142682562658,-0.25310588325435174
14791,607,1,303.63,1,1,2,112,4,Hibernating / Churned,1,-1.772055099836829,0.4308848841213285
14792,64,1,6.2,3,1,1,311,5,Need Attention,1,-2.678418686760843,-1.9233478074638688
14793,21,2,625.9,4,2,3,423,9,New / Promising,3,-0.0753017259596197,-1.035370239203731
14794,3,10,1953.9,5,5,4,554,14,Champions (Top Tier),0,1.9618759899813816,-1.1596106491220102
14795,166,1,131.45,3,1,1,311,5,Need Attention,1,-1.716526209435719,-0.5311559332415761
14796,1,27,10889.64,5,5,5,555,15,Champions (Top Tier),0,3.645981177865388,-0.685786223632356
14797,507,1,300.31,1,1,2,112,4,Hibernating / Churned,1,-1.718705646095667,0.328492612683066
14798,53,8,724.31,4,4,3,443,11,Loyal Customers,2,0.5356425541148814,-0.09432121459765892
14799,51,2,338.15,4,2,2,422,8,New / Promising,3,-0.6208170568155454,-0.7448185903602818
14800,48,17,7774.32,4,5,5,455,14,Champions (Top Tier),0,2.1278518154354105,0.8158870587977013
14801,61,1,193.14,3,1,1,311,5,Need Attention,1,-1.2296840214778477,-0.9632131070784015
14802,438,2,1502.98,1,2,4,124,7,Cant Lose Them (High Spend),2,-0.6627095316999625,0.8776580803322257
14803,162,3,845.55,3,3,3,333,9,Loyal Customers,2,-0.3729141570218062,0.26446606147038565
14804,9,1,353.27,5,1,2,512,8,New / Promising,3,-0.3778713670863938,-1.789512823216855
14805,15,7,1104.64,5,4,3,543,12,Loyal Customers,3,1.0226537938277345,-0.6821517653436973
14806,75,2,303.43,3,2,2,322,7,Need Attention,1,-0.7905455981177932,-0.5678366514135617
14807,391,2,519.29,2,2,2,222,6,Hibernating / Churned,1,-1.0879422429310193,0.4974488311559888
14808,40,8,2741.17,4,4,4,444,12,Champions (Top Tier),0,1.2033660966903115,0.1518752051557037
14809,621,2,686.76,1,2,3,123,6,Need Attention,1,-1.1158432749053244,0.8356264809584654
14810,41,13,2537.02,4,5,4,454,13,Champions (Top Tier),0,1.4988987464353885,0.3037337769408793
14811,387,1,170.5,2,1,1,211,4,Hibernating / Churned,1,-1.8767562115284866,0.011161232311449677
14812,599,1,185.8,1,1,1,111,3,Hibernating / Churned,1,-1.9805633097930746,0.2771809676040601
14813,370,4,1090.87,2,3,3,233,8,Need Attention,2,-0.3579987422719323,0.8759541979380777
14814,581,1,160.46,1,1,1,111,3,Hibernating / Churned,1,-2.0341420640209096,0.21674174573585211
14815,37,2,778.5,4,2,3,423,9,New / Promising,3,-0.15727358082318402,-0.6687005043661298
14816,197,1,271.85,2,1,1,211,4,Hibernating / Churned,1,-1.4571393563010377,-0.22089680884654245
14817,200,7,3959.86,2,4,5,245,11,At Risk (High Frequency),2,0.7593650311012284,1.0956708456275415
14818,74,6,1170.41,3,4,3,343,10,Loyal Customers,2,0.4462906007870717,0.138375134299035
14819,64,4,470.16,3,3,2,332,8,Loyal Customers,3,-0.16033472848804733,-0.3363492353418981
14820,21,9,1274.76,4,5,4,454,13,Champions (Top Tier),0,1.1521217993567945,-0.38198477889605115
14821,367,7,1286.45,2,4,4,244,10,At Risk (High Frequency),2,0.07479466162845591,1.092837773204771
14822,485,1,157.7,1,1,1,111,3,Hibernating / Churned,1,-1.983342766122278,0.1121550222995443
14823,180,3,321.43,3,3,2,332,8,Loyal Customers,1,-0.8267912484923745,0.03328592702513031
14824,10,10,4022.91,5,5,5,555,15,Champions (Top Tier),0,1.9488069920181228,-0.385547799145471
14825,4,24,4925.08,5,5,5,555,15,Champions (Top Tier),0,2.9179980841496658,-0.4593678385427049
14826,582,2,385.2,1,2,2,122,5,Hibernating / Churned,1,-1.3459927498958246,0.6271628699538108
14828,197,13,9839.46,2,5,5,255,12,At Risk (High Frequency),0,1.587014175975179,1.5646335731261862
14829,29,7,1692.84,4,4,4,444,12,Champions (Top Tier),3,1.0049499287128683,-0.20774206777479706
14830,53,1,197.13,4,1,1,411,6,New / Promising,1,-1.176150967051742,-1.0333216248915111
14831,680,3,1676.57,1,3,4,134,8,Need Attention,2,-0.5377698133025784,1.2578280187196305
14832,630,1,322.69,1,1,2,112,4,Hibernating / Churned,1,-1.7576584252432748,0.4695317561768195
14833,499,1,94.8,1,1,1,111,3,Hibernating / Churned,1,-2.212148273430987,-0.023277100804033484
14834,18,7,2206.16,5,4,4,544,13,Champions (Top Tier),0,1.2678532016654613,-0.3804326869085501
14835,529,2,297.0,1,2,2,122,5,Hibernating / Churned,1,-1.4279730678094638,0.49698425127879675
14836,10,3,102.45,5,3,1,531,9,Loyal Customers,3,-0.4156309621470616,-1.8517143207018714
14837,90,9,3460.32,3,5,5,355,13,Loyal Customers,2,1.1271980909751902,0.6999117552019597
14838,423,2,773.67,1,2,3,123,6,Need Attention,1,-0.9401281959076352,0.6598859615689706
14839,418,3,915.28,1,3,3,133,7,Need Attention,2,-0.6438272452887127,0.80890061799089
14840,268,2,362.71,2,2,2,222,6,Hibernating / Churned,1,-1.1219365104486252,0.18258319117269556
14841,53,14,7163.0,4,5,5,455,14,Champions (Top Tier),0,1.9217398070232334,0.778230355744363
14842,44,4,2824.69,4,3,4,434,11,Loyal Customers,2,0.7380043784308907,-0.0029490513761418523
14843,437,1,211.8,1,1,1,111,3,Hibernating / Churned,1,-1.8220774590101587,0.1426078505095977
14844,64,10,6702.43,3,5,5,355,13,Loyal Customers,0,1.596306333802637,0.7470726233469396
14845,600,1,150.0,1,1,1,111,3,Hibernating / Churned,1,-2.073674214552014,0.2144108402869491
14846,427,1,437.4,1,1,2,112,4,Hibernating / Churned,1,-1.5001231652031817,0.34623071640719544
14847,149,3,1348.95,3,3,4,334,10,Loyal Customers,2,-0.14298949623429208,0.35831434444750343
14848,405,1,310.56,2,1,2,212,5,Hibernating / Churned,1,-1.6316615648761439,0.21488596411536867
14849,22,43,15763.45,4,5,5,455,14,Champions (Top Tier),0,3.361720412100114,0.9374748588122663
14850,312,7,1794.01,2,4,4,244,10,At Risk (High Frequency),2,0.27175649946756025,1.1030382014811693
14851,23,3,829.41,4,3,3,433,10,Loyal Customers,3,0.23829545905160915,-0.7979202383834878
14852,58,18,6147.18,4,5,5,455,14,Champions (Top Tier),0,2.0068615806691548,0.8678257744341163
14853,24,5,1376.87,4,4,4,444,12,Champions (Top Tier),3,0.7546691601733205,-0.475408290175776
14854,78,11,4322.86,3,5,5,355,13,Loyal Customers,0,1.408802112424336,0.7552548888136783
14855,119,7,6520.3,3,4,5,345,12,Loyal Customers,2,1.1431409005070796,0.9604263438652983
14856,36,3,1311.38,4,3,4,434,11,Loyal Customers,3,0.2974339947850897,-0.42216472400990385
14857,60,7,3651.85,3,4,5,345,12,Loyal Customers,2,1.1098045169321002,0.41373887435429263
14858,506,1,180.75,1,1,1,111,3,Hibernating / Churned,1,-1.9380170637907166,0.1760837382217174
14859,13,5,1705.64,5,4,4,544,13,Champions (Top Tier),3,1.0353043653711176,-0.7311571966350849
14860,19,1,170.32,5,1,1,511,7,New / Promising,3,-0.9181678871414045,-1.624682951933446
14861,52,10,1380.73,4,5,4,454,13,Champions (Top Tier),2,0.9751625035861224,0.16174822684152917
14862,26,2,841.2,4,2,3,423,9,New / Promising,3,-0.01308130706450987,-0.8340372726839775
14863,29,1,266.76,4,1,1,411,6,New / Promising,3,-0.8550062308987767,-1.2673684181981621
14865,7,4,129.72,5,3,1,531,9,Loyal Customers,3,-0.040640858617325755,-1.8756447302942854
14866,11,19,20850.22,5,5,5,555,15,Champions (Top Tier),0,3.092455265649853,0.37374660536779497
14867,186,16,2952.06,3,5,4,354,12,Loyal Customers,2,1.2298662163346683,1.2438632283055622
14868,3,12,4184.01,5,5,5,555,15,Champions (Top Tier),0,2.420477807346844,-0.8706091540165787
14869,9,6,2804.24,5,4,4,544,13,Champions (Top Tier),0,1.4779304935010136,-0.7115535247787061
14870,262,6,1838.95,2,4,4,244,10,At Risk (High Frequency),2,0.2369624609336305,0.9655644166836357
14871,3,9,1258.97,5,5,4,554,14,Champions (Top Tier),0,1.6980621141322951,-1.3259859502405758
14872,484,3,816.6,1,3,3,133,7,Need Attention,2,-0.7407169370223792,0.8554716839979166
14873,210,2,854.13,2,2,3,223,7,Need Attention,2,-0.671421977799888,0.30454531308936955
14874,535,1,116.18,1,1,1,111,3,Hibernating / Churned,1,-2.1469835754658964,0.07537375482945854
14875,108,3,2862.4,3,3,4,334,10,Loyal Customers,2,0.2874498210679051,0.40729924543873164
14876,521,2,256.7,1,2,1,121,4,Hibernating / Churned,1,-1.4862735240508524,0.44510102351965775
14877,418,2,437.0,1,2,2,122,5,Hibernating / Churned,1,-1.1843961906682392,0.48265005109048004
14878,13,25,4105.24,5,5,5,555,15,Champions (Top Tier),0,2.535702045539839,0.06839471378320526
14879,685,1,185.06,1,1,1,111,3,Hibernating / Churned,1,-2.0256125851617193,0.3498732798062009
14880,77,3,706.19,3,3,3,333,9,Loyal Customers,3,-0.21279834646970547,-0.1959009054053342
14881,20,1,255.4,4,1,1,411,6,New / Promising,3,-0.7585112259629017,-1.4770738916566404
14882,27,14,3628.15,4,5,5,455,14,Champions (Top Tier),0,1.8382574454377612,0.212399408271417
14883,19,6,761.59,5,4,3,543,12,Loyal Customers,3,0.6870146702032232,-0.7191467049577478
14884,669,1,120.6,1,1,1,111,3,Hibernating / Churned,1,-2.2030438323235093,0.20953464082438594
14885,132,3,1598.12,3,3,4,334,10,Loyal Customers,2,-0.030385254842308054,0.34267428434081865
14886,253,1,364.8,2,1,2,212,5,Hibernating / Churned,1,-1.4101368002997487,0.004236902339909403
14887,79,1,1862.0,3,1,4,314,8,Need Attention,3,-0.32819261811988104,-0.14569240439709621
14888,207,1,369.2,2,1,2,212,5,Hibernating / Churned,1,-1.3403151965636382,-0.10238375131225917
14889,336,1,135.9,2,1,1,211,4,Hibernating / Churned,1,-1.9292215464226126,-0.1340186846484952
14890,254,3,817.25,2,3,3,233,8,Need Attention,2,-0.5324455803579035,0.5011189027603875
14891,148,4,1106.73,3,3,3,333,9,Loyal Customers,2,-0.05667720411826178,0.3771061325998919
14892,691,1,202.35,1,1,1,111,3,Hibernating / Churned,1,-1.9897659235447054,0.38127624164302826
14893,10,3,1809.61,5,3,4,534,12,Loyal Customers,3,0.8297826402142517,-0.9948848152588696
14894,85,3,1492.81,3,3,4,334,10,Loyal Customers,2,0.08098801201671169,0.08179997816495606
14895,8,38,25119.54,5,5,5,555,15,Champions (Top Tier),0,3.7759048251204006,0.515281734056257
14896,205,8,2092.42,2,4,4,244,10,At Risk (High Frequency),2,0.5638020849535564,0.9614540456138059
14897,8,8,3140.54,5,4,5,545,14,Champions (Top Tier),0,1.7529500820909456,-0.6437831196025655
14898,23,14,3507.81,4,5,5,455,14,Champions (Top Tier),0,1.873441332866321,0.11728143397831349
14899,395,1,1384.88,2,1,4,214,7,Cant Lose Them (High Spend),1,-0.974202451969693,0.6479052908655677
14900,522,1,13.92,1,1,1,111,3,Hibernating / Churned,1,-3.035797192444056,-0.5551248799988365
14901,11,12,2289.65,5,5,4,554,14,Champions (Top Tier),0,1.8029323880978894,-0.4450655140333651
14902,26,3,1035.62,4,3,3,433,10,Loyal Customers,3,0.296708135534125,-0.6665602143266085
14903,21,5,2810.63,4,4,4,444,12,Champions (Top Tier),3,1.1063415555897769,-0.33241444700254713
14904,2,4,1640.64,5,3,4,534,12,Loyal Customers,3,1.3775705547108867,-1.6591670351316667
14905,158,8,1971.39,3,4,4,344,11,Loyal Customers,2,0.6216484203365292,0.8007881083156293
14906,445,1,68.44,1,1,1,111,3,Hibernating / Churned,1,-2.3152007698869648,-0.1826442519368657
14907,3,16,6165.79,5,5,5,555,15,Champions (Top Tier),0,2.793761090982895,-0.6563675049803291
14908,74,2,381.9,3,2,2,322,7,Need Attention,3,-0.6864780188352463,-0.5064922029546214
14909,437,3,1404.68,1,3,4,134,8,Need Attention,2,-0.47196551532410597,0.961468046025077
14910,3,4,434.35,5,3,2,532,10,Loyal Customers,3,0.707011993997208,-1.8978159510373522
14911,1,398,295972.63,5,5,5,555,15,Champions (Top Tier),0,7.109180607583179,1.2752332946027316
14912,17,6,1889.25,5,4,4,544,13,Champions (Top Tier),3,1.1160545922976746,-0.505529280719999
14913,36,8,4073.13,4,4,5,445,13,Champions (Top Tier),0,1.4088283672219701,0.2137688321200937
14915,91,11,1811.25,3,5,4,354,12,Loyal Customers,2,0.9811731358188537,0.5789743454803644
14916,71,8,3042.95,3,4,5,345,12,Loyal Customers,2,1.0666747961744254,0.4937098184975248
14917,597,2,1123.75,1,2,3,123,6,Need Attention,2,-0.8890990640417586,0.9611644496409266
14918,116,9,5955.81,3,5,5,355,13,Loyal Customers,2,1.2821284349500086,1.0010379733276698
14919,539,1,359.35,1,1,2,112,4,Hibernating / Churned,1,-1.6606070071449486,0.415750180127311
14920,213,3,1607.17,2,3,4,234,9,Need Attention,2,-0.18175969446567092,0.6067009996078678
14921,30,2,1316.07,4,2,4,424,10,New / Promising,3,0.13679325458692296,-0.6239867735430501
14922,394,2,843.74,2,2,3,223,7,Need Attention,1,-0.8795377569080253,0.6467300823126048
14923,51,1,749.1,4,1,3,413,8,New / Promising,3,-0.5846971901987387,-0.6556223892092834
14924,246,3,931.01,2,3,3,233,8,Need Attention,2,-0.46549628974695617,0.5225054290796315
14926,382,2,359.4,2,2,2,222,6,Hibernating / Churned,1,-1.2401882795508505,0.3747260924019626
14927,397,1,308.2,2,1,2,212,5,Hibernating / Churned,1,-1.6285333927096317,0.2016331387243243
14928,628,1,223.91,1,1,1,111,3,Hibernating / Churned,1,-1.9150471914880594,0.3587928068518446
14929,32,2,836.69,4,2,3,423,9,New / Promising,3,-0.08031960461670568,-0.7249624014116216
14930,109,6,5246.63,3,4,5,345,12,Loyal Customers,2,0.9748903935652227,0.7985098225136232
14931,5,5,1257.68,5,4,4,544,13,Champions (Top Tier),3,1.1768689102426069,-1.2896339110635702
14932,366,2,1029.66,2,2,3,223,7,Need Attention,2,-0.7692046994434932,0.6657249254452775
14933,444,4,1770.0,1,3,4,134,8,Need Attention,2,-0.206381371234263,1.1210477088250022
14934,82,5,3503.5,3,4,5,345,12,Loyal Customers,2,0.7727440136720225,0.4658887654158626
14935,297,2,2849.83,2,2,4,224,8,Cant Lose Them (High Spend),2,-0.25916513000065905,0.8554108199434373
14936,34,12,12410.81,4,5,5,455,14,Champions (Top Tier),0,2.1919697686197934,0.6511885769496305
14937,57,3,1621.88,4,3,4,434,11,Loyal Customers,2,0.24444493626891498,-0.11065477696026138
14938,562,2,2322.43,1,2,4,124,7,Cant Lose Them (High Spend),2,-0.553931492952912,1.1450704012332658
14940,418,2,531.49,1,2,2,122,5,Hibernating / Churned,1,-1.0994005678626129,0.5411260122613593
14941,579,1,182.1,1,1,1,111,3,Hibernating / Churned,1,-1.9783034173181304,0.252493429947778
14942,402,4,746.56,2,3,3,233,8,Need Attention,2,-0.5495890222618345,0.8081850420821469
14943,663,1,107.62,1,1,1,111,3,Hibernating / Churned,1,-2.2492496747830595,0.17078234656179184
14944,30,19,9784.67,4,5,5,455,14,Champions (Top Tier),0,2.4563444657712177,0.6707688310880272
14945,414,1,179.4,1,1,1,111,3,Hibernating / Churned,1,-1.8765006789173377,0.06341146886594101
14946,14,1,100.9,5,1,1,511,7,New / Promising,3,-1.0511789751807457,-1.9388802418381141
14947,72,6,1049.79,3,4,3,343,10,Loyal Customers,2,0.4077513236896685,0.09093837961610889
14948,23,6,1101.97,4,4,3,443,11,Loyal Customers,3,0.7886188176328662,-0.508113867057534
14949,469,4,515.0,1,3,2,132,6,Need Attention,2,-0.7606273465108194,0.7820428436102986
14950,19,1,371.2,5,1,2,512,8,New / Promising,3,-0.5805709181781857,-1.3924203177311487
14951,79,1,311.69,3,1,2,312,6,Need Attention,1,-1.1047375459731645,-0.6799459288690148
14952,60,32,17629.35,3,5,5,355,13,Loyal Customers,0,2.8755136017059577,1.4036410009555773
14953,25,4,1013.77,4,3,3,433,10,Loyal Customers,3,0.469837995858718,-0.6120750295098695
14954,12,2,503.44,5,2,2,522,9,New / Promising,3,0.00028540212995586327,-1.3906022990283575
14955,733,1,163.77,1,1,1,111,3,Hibernating / Churned,1,-2.1003596463937555,0.350799927409149
14956,421,1,1325.0,1,1,4,114,6,Cant Lose Them (High Spend),1,-1.0139873332994616,0.66975800515296
14957,253,2,333.29,2,2,2,222,6,Hibernating / Churned,1,-1.1400794821178504,0.12568690364856255
14958,147,6,957.94,3,4,3,343,10,Loyal Customers,2,0.1393707529558625,0.4533749216363229
14959,64,4,695.42,3,3,3,333,9,Loyal Customers,3,0.009684699788150543,-0.21937792366729406
14960,8,2,221.27,5,2,1,521,8,New / Promising,3,-0.23737569543766812,-1.8387565252182918
14961,11,22,16410.15,5,5,5,555,15,Champions (Top Tier),0,3.0948660504971053,0.35322536999360005
14962,271,4,366.91,2,3,2,232,7,Need Attention,1,-0.7309181662095076,0.379117513991711
14963,10,12,3164.48,5,5,5,555,15,Champions (Top Tier),0,1.971817021499079,-0.3962281892229791
14964,247,1,206.21,2,1,1,211,4,Hibernating / Churned,1,-1.6496986378667309,-0.17908339322641809
14965,96,2,599.0,3,2,2,322,7,Need Attention,3,-0.5742406701584796,-0.2301646811963151
14966,15,6,1115.84,5,4,3,543,12,Loyal Customers,3,0.9251940005686677,-0.7280118696038875
14967,50,6,1982.61,4,4,4,444,12,Champions (Top Tier),2,0.8001978468356747,0.08332766714723511
14968,30,2,504.99,4,2,2,422,8,New / Promising,3,-0.2794487862037443,-0.9103562666006536
14969,704,1,906.23,1,1,3,113,5,Need Attention,1,-1.345100553703505,0.8392051748531574
14970,68,12,4919.35,3,5,5,355,13,Loyal Customers,0,1.569853094344518,0.7485892206898404
14971,35,3,1116.57,4,3,3,433,10,Loyal Customers,3,0.23638046197430912,-0.48537765556818674
14972,128,2,145.07,3,2,1,321,6,Need Attention,1,-1.2811847386549637,-0.49584399861226897
14973,107,3,1314.45,3,3,4,334,10,Loyal Customers,2,-0.04800718389071133,0.16937450571414803
14974,37,1,114.39,4,1,1,411,6,New / Promising,1,-1.2977199811109787,-1.3889676740032713
14975,57,2,472.39,4,2,2,422,8,New / Promising,3,-0.5110374482834612,-0.5847631924102522
14976,57,7,790.86,4,4,3,443,11,Loyal Customers,2,0.4608929504238767,-0.0717416626690399
14977,726,1,31.93,1,1,1,111,3,Hibernating / Churned,1,-2.797851440731748,-0.13648360222422234
14978,72,10,3142.14,3,5,5,355,13,Loyal Customers,2,1.229218593080967,0.5843691672891386
14979,735,1,439.46,1,1,2,112,4,Hibernating / Churned,1,-1.6734146972077766,0.6466392177226776
14980,737,1,150.68,1,1,1,111,3,Hibernating / Churned,1,-2.1381342901689413,0.3290183643983592
14981,246,2,372.92,2,2,2,222,6,Hibernating / Churned,1,-1.0822949689580865,0.14380972667151135
14982,572,1,237.78,1,1,1,111,3,Hibernating / Churned,1,-1.8588515272621147,0.32527577820077996
14983,689,1,183.2,1,1,1,111,3,Hibernating / Churned,1,-2.031864503212744,0.3500724798028442
14984,19,6,1271.41,5,4,4,544,13,Champions (Top Tier),3,0.9097654395783088,-0.5658968679567452
14985,198,2,296.75,2,2,2,222,6,Hibernating / Churned,1,-1.1115195166971281,-0.043561079739045674
14986,376,2,566.9,2,2,2,222,6,Hibernating / Churned,1,-1.0372259246480735,0.5021392613384658
14987,16,8,1713.85,5,4,4,544,13,Champions (Top Tier),0,1.2838480639009908,-0.47421714479590804
14988,212,7,2066.6,2,4,4,244,10,At Risk (High Frequency),2,0.4577607819080996,0.933057207449993
14989,662,1,342.4,1,1,2,112,4,Hibernating / Churned,1,-1.7479391063616394,0.51451130531234
14990,612,2,305.42,1,2,2,122,5,Hibernating / Churned,1,-1.4629041691813014,0.5855705277417342
14991,430,1,314.67,1,1,2,112,4,Hibernating / Churned,1,-1.6452856057222414,0.25176753848256556
14992,442,1,210.5,1,1,1,111,3,Hibernating / Churned,1,-1.8284148345443574,0.14703422031480312
14993,564,1,36.13,1,1,1,111,3,Hibernating / Churned,1,-2.6640851234329324,-0.23959867534912682
14994,382,5,960.63,2,4,3,243,9,At Risk (High Frequency),2,-0.28450244863589397,0.9222258896540079
14995,39,2,233.23,4,2,1,421,7,New / Promising,3,-0.6970109413817056,-1.0003284691440024
14996,481,2,442.29,1,2,2,122,5,Hibernating / Churned,1,-1.2244758971353253,0.5635027426322903
14997,46,4,776.6,4,3,3,433,10,Loyal Customers,3,0.16252646438742113,-0.36521019751744693
14998,170,4,770.73,3,3,3,333,9,Loyal Customers,2,-0.25847987233306147,0.344871706035231
14999,593,1,129.48,1,1,1,111,3,Hibernating / Churned,1,-2.1334364278529856,0.16422640446774187
15000,48,1,490.52,4,1,2,412,7,New / Promising,3,-0.7493985987343771,-0.8149331040180816
15001,394,2,230.86,2,2,1,221,5,Hibernating / Churned,1,-1.442082543628517,0.259706068377497
15002,116,9,4817.28,3,5,5,355,13,Loyal Customers,2,1.1898348539867216,0.9375411051527913
15003,473,6,1060.7,1,4,3,143,8,At Risk (High Frequency),2,-0.19280218507682953,1.1258624862991018
15004,147,1,1246.32,3,1,3,313,7,Need Attention,1,-0.7017194361502299,0.07352498862835882
15005,16,56,14106.2,5,5,5,555,15,Champions (Top Tier),0,3.6085930788180702,0.8322518352303707
15006,51,2,825.14,4,2,3,423,9,New / Promising,3,-0.23343385113556847,-0.47830362704980095
15007,159,1,156.91,3,1,1,311,5,Need Attention,1,-1.626176998147386,-0.5021426228039657
15008,480,2,360.0,1,2,2,122,5,Hibernating / Churned,1,-1.3131513053498527,0.500887502269373
15009,12,3,1261.78,5,3,4,534,12,Loyal Customers,3,0.6189638826439562,-1.0106133160445192
15010,36,1,308.94,4,1,2,412,7,New / Promising,3,-0.8591847625259098,-1.1079039459998112
15011,396,2,416.6,2,2,2,222,6,Hibernating / Churned,1,-1.1877046123065547,0.43862448447654295
15012,54,3,860.62,4,3,3,433,10,Loyal Customers,3,-0.013861622993597139,-0.32947751299232503
15013,488,10,1641.3,1,5,4,154,10,At Risk (High Frequency),2,0.33165726880458657,1.4390718982130504
15014,43,2,260.17,4,2,1,421,7,New / Promising,3,-0.6804677137426519,-0.9151697776572701
15015,501,13,2365.02,1,5,4,154,10,At Risk (High Frequency),2,0.6659688118177938,1.6511123331075621
15016,173,5,630.3,3,4,3,343,10,Loyal Customers,2,-0.21243941922654186,0.3610755635281755
15017,34,1,125.58,4,1,1,411,6,New / Promising,3,-1.2308501629926054,-1.4066204371677886
15018,39,3,607.46,4,3,2,432,9,Loyal Customers,3,-0.062231140506763497,-0.6092619723641948
15019,267,1,266.0,2,1,1,211,4,Hibernating / Churned,1,-1.5644769966429306,-0.0604161062033042
15020,379,1,203.42,2,1,1,211,4,Hibernating / Churned,1,-1.793616401496047,0.0522332876515713
15021,9,12,2783.83,5,5,4,554,14,Champions (Top Tier),0,1.9468980823166842,-0.48714926901654154
15022,12,5,1186.09,5,4,3,543,12,Loyal Customers,3,0.9013203716159598,-0.880701633889066
15023,3,20,12170.68,5,5,5,555,15,Champions (Top Tier),0,3.250770055328769,-0.3754850186565046
15024,10,16,4075.51,5,5,5,555,15,Champions (Top Tier),0,2.286477417518186,-0.22231837830800188
15025,33,2,1013.09,4,2,3,423,9,New / Promising,3,-0.006826811731992009,-0.6512918397395029
15026,80,5,1061.61,3,4,3,343,10,Loyal Customers,2,0.26141378981334784,0.09521895724095965
15027,31,10,3195.6,4,5,5,455,14,Champions (Top Tier),0,1.5032935366854518,0.13453220575859168
15028,8,6,1157.71,5,4,3,543,12,Loyal Customers,3,1.1272951122595756,-1.0343432855088965
15029,620,1,365.1,1,1,2,112,4,Hibernating / Churned,1,-1.6989215686155874,0.49757633814107644
15030,72,8,1979.91,3,4,4,344,11,Loyal Customers,2,0.8752928325677857,0.3727183954617749
15031,4,14,3156.58,5,5,5,555,15,Champions (Top Tier),0,2.334880937724105,-0.77947880103065
15032,256,8,13780.65,2,4,5,245,11,At Risk (High Frequency),2,1.312232149726051,1.6475900313687557
15033,5,10,2586.67,5,5,4,554,14,Champions (Top Tier),0,1.9527497438777826,-0.8520293184763618
15034,16,14,8313.4,5,5,5,555,15,Champions (Top Tier),0,2.3603416439720624,0.1853308407309679
15035,90,1,252.73,3,1,1,311,5,Need Attention,1,-1.2373168618472818,-0.6714326940196864
15036,72,3,465.55,3,3,2,332,8,Loyal Customers,3,-0.3723465237137694,-0.35695006279662805
15037,376,2,402.51,2,2,2,222,6,Hibernating / Churned,1,-1.185920386886635,0.3998392685485867
15038,59,9,1309.86,4,5,4,454,13,Champions (Top Tier),2,0.8394375296185899,0.17952249635063028
15039,10,93,40031.43,5,5,5,555,15,Champions (Top Tier),0,4.58474097163868,1.087474065582423
15040,542,1,7.49,1,1,1,111,3,Hibernating / Churned,1,-3.2932526206901485,-0.7032017579690817
15041,170,2,294.02,3,2,2,322,7,Need Attention,1,-1.066482622529716,-0.12995783371499733
15042,199,2,315.45,2,2,2,222,6,Hibernating / Churned,1,-1.0866380184790658,-0.022562830417909616
15043,31,6,2873.8,4,4,4,444,12,Champions (Top Tier),2,1.1123951991099672,-0.06267236099683877
15044,19,35,16204.33,5,5,5,555,15,Champions (Top Tier),0,3.2658716895848166,0.7951918566115225
15045,152,2,735.66,3,2,3,323,8,Need Attention,2,-0.6323523346277012,0.08262166304655037
15046,9,25,7812.39,5,5,5,555,15,Champions (Top Tier),0,2.924442209582657,0.07538877192961271
15047,270,1,343.62,2,1,2,212,5,Hibernating / Churned,1,-1.4570413332616523,0.02211520204292829
15048,65,4,482.75,3,3,2,332,8,Loyal Customers,3,-0.15379868846352532,-0.32003436258628226
15049,274,1,121.17,2,1,1,211,4,Hibernating / Churned,1,-1.9129964040713086,-0.2802344262902058
15050,25,5,4193.79,4,4,5,445,13,Champions (Top Tier),0,1.2263882037383802,-0.12051154773538436
15051,23,9,3935.16,4,5,5,455,14,Champions (Top Tier),0,1.6141967255690184,0.003270447067913523
15052,319,1,215.78,2,1,1,211,4,Hibernating / Churned,1,-1.7124922339011082,-0.024979115071802727
15053,5,3,697.79,5,3,3,533,11,Loyal Customers,3,0.6115728387798731,-1.6142046061574806
15054,12,2,302.1,5,2,2,522,9,New / Promising,3,-0.2213509049358013,-1.5430853994307505
15055,475,3,560.07,1,3,2,132,6,Need Attention,1,-0.8984877537429362,0.7324280568450835
15056,520,1,133.45,1,1,1,111,3,Hibernating / Churned,1,-2.077984718508104,0.10087272009930393
15057,275,5,3255.96,2,4,5,245,11,At Risk (High Frequency),2,0.3522556682447567,1.1066946569648453
15058,25,16,3410.03,4,5,5,455,14,Champions (Top Tier),0,1.930718923267221,0.19878368057945744
15059,41,19,3523.57,4,5,5,455,14,Champions (Top Tier),0,1.9138139837831554,0.5325871372715358
15060,8,4,303.09,5,3,2,532,10,Loyal Customers,3,0.2886092517713029,-1.5579518252497273
15061,4,127,137818.52,5,5,5,555,15,Champions (Top Tier),0,5.613123081771456,1.1356685795976875
15062,71,8,2585.62,3,4,4,344,11,Loyal Customers,2,0.9958380022370416,0.44497496045401375
15063,213,1,370.8,2,1,2,212,5,Hibernating / Churned,1,-1.3476362876524792,-0.08540750156760629
15064,410,4,1254.41,2,3,4,234,9,Need Attention,2,-0.3303869264233909,0.9742091421046895
15065,38,5,3326.86,4,4,5,445,13,Champions (Top Tier),2,0.9945176472663395,0.0338243896277642
15066,53,1,893.59,4,1,3,413,8,New / Promising,3,-0.5202557733257032,-0.5820736592380238
15067,78,5,3877.88,3,4,5,345,12,Loyal Customers,2,0.8328814137461182,0.4690289124207852
15068,46,4,1176.85,4,3,3,433,10,Loyal Customers,3,0.3431966388986529,-0.24091130116586476
15069,179,1,1109.53,3,1,3,313,7,Need Attention,1,-0.8155699529399122,0.1467180353632491
15070,373,3,843.25,2,3,3,233,8,Need Attention,2,-0.6427046807357097,0.7217263942004899
15071,94,4,1455.56,3,3,4,334,10,Loyal Customers,2,0.2080030456677394,0.21081582517610398
15072,479,1,187.52,1,1,1,111,3,Hibernating / Churned,1,-1.904404986284602,0.15684730854496026
15073,10,8,2788.02,5,4,4,544,13,Champions (Top Tier),0,1.6362606385115128,-0.5687300390941542
15074,105,3,1566.33,3,3,4,334,10,Loyal Customers,2,0.034266381927872305,0.2115086267414976
15075,78,1,773.03,3,1,3,313,7,Need Attention,3,-0.7062910420438022,-0.4155564608084241
15076,173,3,1447.74,3,3,4,334,10,Loyal Customers,2,-0.16026233334381865,0.4613189374548036
15077,495,2,2428.08,1,2,4,124,7,Cant Lose Them (High Spend),2,-0.49360401624842565,1.0884969102117654
15078,7,53,17761.88,5,5,5,555,15,Champions (Top Tier),0,3.911404051561448,0.46568713799524486
15079,213,11,3767.35,2,5,5,255,12,At Risk (High Frequency),2,1.0266675805815764,1.2637376861147809
15080,428,2,546.25,1,2,2,122,5,Hibernating / Churned,1,-1.095132416529697,0.5623197620131747
15081,22,12,1965.72,4,5,4,454,13,Champions (Top Tier),0,1.5261759728242155,-0.13186753532237386
15082,669,1,93.35,1,1,1,111,3,Hibernating / Churned,1,-2.3134410821691627,0.1335826672726499
15083,257,1,88.2,2,1,1,211,4,Hibernating / Churned,1,-2.0292126941522106,-0.4095846746289241
15084,380,2,965.2,2,2,3,223,7,Need Attention,2,-0.809413671042278,0.6670410626576392
15085,730,1,347.54,1,1,2,112,4,Hibernating / Churned,1,-1.7730535135479586,0.5728123165681692
15086,565,2,218.53,1,2,1,121,4,Hibernating / Churned,1,-1.5821976520191132,0.44174949083545695
15087,282,1,306.94,2,1,2,212,5,Hibernating / Churned,1,-1.5200202979544173,0.012325581739188704
15088,21,2,1160.07,4,2,3,423,9,New / Promising,3,0.19285776890920314,-0.8508797479061742
15089,10,6,2420.84,5,4,4,544,13,Champions (Top Tier),0,1.3831610914761074,-0.7029765770947534
15090,308,1,381.32,2,1,2,212,5,Hibernating / Churned,1,-1.4543113801731133,0.12556929394121707
15091,68,3,1046.61,3,3,3,333,9,Loyal Customers,2,-0.002163693007238952,-0.14589010363759713
15092,215,3,776.46,2,3,3,233,8,Need Attention,2,-0.5010111292583945,0.3942606133004027
15093,18,23,14326.11,5,5,5,555,15,Champions (Top Tier),0,2.91961154023902,0.5816104128803068
15094,463,2,83.0,1,2,1,121,4,Hibernating / Churned,1,-1.9359228724118045,0.04457489798357406
15095,104,10,3141.64,3,5,5,355,13,Loyal Customers,2,1.1115838713672521,0.7848145745399423
15096,43,1,219.39,4,1,1,411,6,New / Promising,3,-1.0635872941196438,-1.1144052488027818
15097,4,3,908.35,5,3,3,533,11,Loyal Customers,3,0.7851380897965686,-1.6359242238256386
15098,182,3,39916.5,3,3,5,335,11,Loyal Customers,2,1.2662867827770543,1.481804709514271
15099,84,1,410.48,3,1,2,312,6,Need Attention,1,-1.0048879116185925,-0.5643226318845834
15100,334,7,2894.7,2,4,4,244,10,At Risk (High Frequency),2,0.45786122308389543,1.2836568040383276
15101,9,6,1477.94,5,4,4,544,13,Champions (Top Tier),3,1.1993923379872744,-0.903184409155866
15102,531,2,554.67,1,2,2,122,5,Hibernating / Churned,1,-1.1580857115582759,0.6855790274657476
15103,31,2,703.36,4,2,3,423,9,New / Promising,3,-0.14579637105177637,-0.7938291722679152
15104,197,2,1027.44,2,2,3,223,7,Need Attention,2,-0.5705586439007945,0.3247138359307295
15105,18,9,3094.91,5,5,5,555,15,Champions (Top Tier),0,1.5852747748468994,-0.19746273361289146
15106,18,5,1422.52,5,4,4,544,13,Champions (Top Tier),3,0.857610800583377,-0.6170201665544524
15107,311,9,940.35,2,5,3,253,10,At Risk (High Frequency),2,0.16214564194698264,0.9897379643390979
15108,142,4,1300.25,3,3,4,334,10,Loyal Customers,2,0.02667341427552928,0.402634604048128
15109,246,3,983.1,2,3,3,233,8,Need Attention,2,-0.44183356586008504,0.5387850971087751
15110,24,6,1505.85,4,4,4,444,12,Champions (Top Tier),3,0.9111750694868322,-0.392197394489888
15111,29,5,2730.87,4,4,4,444,12,Champions (Top Tier),3,0.993508053615894,-0.16995960573838814
15112,611,1,209.4,1,1,1,111,3,Hibernating / Churned,1,-1.9352027267439476,0.32371720328815407
15113,10,3,3609.33,5,3,5,535,13,Loyal Customers,3,1.1300638028977783,-0.7882950047508165
15114,30,12,3400.12,4,5,5,455,14,Champions (Top Tier),0,1.667958918950869,0.19673313811714754
15115,18,2,531.85,5,2,2,522,9,New / Promising,3,-0.09861141101792623,-1.164888987235614
15116,18,4,1352.75,5,3,4,534,12,Loyal Customers,3,0.6966872568893689,-0.6987997025496152
15117,15,8,2485.97,5,4,4,544,13,Champions (Top Tier),0,1.4652012267746013,-0.3963763161104549
15118,134,1,244.8,3,1,1,311,5,Need Attention,1,-1.3786965277490355,-0.4633935107480172
15119,246,1,266.4,2,1,1,211,4,Hibernating / Churned,1,-1.5374345514191932,-0.10497463542134128
15120,134,1,358.82,3,1,2,312,6,Need Attention,1,-1.212884335140738,-0.34931672636119476
15121,50,2,457.72,4,2,2,422,8,New / Promising,3,-0.4831362051574945,-0.6651268677333995
15122,114,11,4497.47,3,5,5,355,13,Loyal Customers,2,1.304586164894852,0.9742082656053603
15123,7,5,4656.17,5,4,5,545,14,Champions (Top Tier),0,1.6530919983997212,-0.7393109133896533
15124,23,4,450.82,4,3,2,432,9,Loyal Customers,3,0.14366809419343346,-0.898434974133621
15125,25,24,17024.87,4,5,5,455,14,Champions (Top Tier),0,2.924392379362153,0.8212154597377284
15126,537,2,449.49,1,2,2,122,5,Hibernating / Churned,1,-1.253014768331812,0.62895028071848
15127,66,2,711.5,3,2,3,323,8,Need Attention,3,-0.37979439996443515,-0.38280966144349765
15128,60,5,1783.68,3,4,4,344,11,Loyal Customers,2,0.5787358774399701,0.0940244030767517
15129,50,23,6860.18,4,5,5,455,14,Champions (Top Tier),0,2.2799090718649095,0.9058133767735511
15130,170,1,330.11,3,1,2,312,6,Need Attention,1,-1.325518894860093,-0.24382548868624157
15131,395,1,80.28,2,1,1,211,4,Hibernating / Churned,1,-2.2082423873365546,-0.20109926915572657
15132,18,5,977.93,5,4,3,543,12,Loyal Customers,3,0.694695487902099,-0.7291039325652993
15133,128,5,1806.9,3,4,4,344,11,Loyal Customers,2,0.34213449922208744,0.5109795131230215
15134,15,10,1596.29,5,5,4,554,14,Champions (Top Tier),0,1.4256084305085877,-0.4554615549934839
15135,239,2,305.68,2,2,2,222,6,Hibernating / Churned,1,-1.1592505331551637,0.06861104966381888
15136,3,4,1286.7,5,3,4,534,12,Loyal Customers,3,1.1788668189120084,-1.5731855346792136
15137,521,2,823.4,1,2,3,123,6,Need Attention,1,-0.9803077608150438,0.7931993531528493
15138,394,1,502.52,2,1,2,212,5,Hibernating / Churned,1,-1.4139139336937412,0.34343190103597365
15139,240,2,178.96,2,2,1,221,5,Hibernating / Churned,1,-1.3925367265067192,-0.08866842333039336
15140,52,8,3243.69,4,4,5,445,13,Champions (Top Tier),2,1.1935514998485468,0.34384309026017296
15141,458,7,1388.47,1,4,4,144,9,At Risk (High Frequency),2,0.036508779130195894,1.2375426121799982
15142,46,6,2619.92,4,4,4,444,12,Champions (Top Tier),2,0.9478378285469591,0.12167733387249609
15143,226,2,563.63,2,2,2,222,6,Hibernating / Churned,1,-0.8756662758151664,0.22060624606355672
15144,8,29,12160.31,5,5,5,555,15,Champions (Top Tier),0,3.26016167670324,0.20209315065701292
15145,4,4,1194.73,5,3,3,533,11,Loyal Customers,3,1.074454871119969,-1.4722900276331972
15146,165,2,1327.16,3,2,4,324,9,Need Attention,2,-0.40226676580993315,0.30404340113332007
15147,240,1,623.5,2,1,3,213,6,Need Attention,1,-1.160422769709987,0.13536934293617245
15148,11,1,301.29,5,1,2,512,8,New / Promising,3,-0.5058779867835808,-1.7364494178558834
15149,134,5,1554.61,3,4,4,344,11,Loyal Customers,2,0.26203534689396224,0.4910635151305384
15150,17,13,9001.08,5,5,5,555,15,Champions (Top Tier),0,2.3238102223574364,0.21539149164333338
15151,423,2,2085.61,1,2,4,124,7,Cant Lose Them (High Spend),2,-0.509000813008328,0.956496390082164
15152,10,14,5263.83,5,5,5,555,15,Champions (Top Tier),0,2.3023178601255063,-0.19155730735110418
15153,31,1,329.25,4,1,2,412,7,New / Promising,3,-0.7846125585547467,-1.1689808185795019
15154,75,3,1388.41,3,3,4,334,10,Loyal Customers,2,0.08944428567956156,-0.008068581371914896
15155,383,1,383.97,2,1,2,212,5,Hibernating / Churned,1,-1.5215867103567648,0.24749199023344268
15156,1,3,961.49,5,3,3,533,11,Loyal Customers,3,1.1062011451365972,-2.1243137341442346
15157,4,5,2654.11,5,4,4,544,13,Champions (Top Tier),3,1.5606083403688331,-1.16675623382354
15158,45,2,606.02,4,2,2,422,8,New / Promising,3,-0.3278814897935601,-0.638185754812757
15159,2,34,22116.73,5,5,5,555,15,Champions (Top Tier),0,3.9932974644473367,-0.16838899118813716
15160,357,4,589.27,2,3,2,232,7,Need Attention,2,-0.6140810258106422,0.6721621705665911
15161,388,1,119.92,2,1,1,211,4,Hibernating / Churned,1,-2.029637838851802,-0.09202700937393661
15162,731,1,312.9,1,1,2,112,4,Hibernating / Churned,1,-1.819041780069693,0.5422311464391065
15163,18,2,304.47,5,2,2,522,9,New / Promising,3,-0.34069862588396266,-1.3314420650199388
15164,69,9,2068.92,3,5,4,354,12,Loyal Customers,2,0.9883486425553457,0.401295605787971
15165,373,1,975.5,2,1,3,213,6,Need Attention,1,-1.1080530160211564,0.511572867363199
15166,468,1,167.16,1,1,1,111,3,Hibernating / Churned,1,-1.9466342355866806,0.109848473680003
15167,321,5,1659.67,2,4,4,244,10,At Risk (High Frequency),2,0.009324549052012987,0.9900862554627872
15168,26,1,106.56,4,1,1,411,6,New / Promising,3,-1.217763823841669,-1.598498114061018
15169,382,2,569.22,2,2,2,222,6,Hibernating / Churned,1,-1.0405588704552715,0.5120687129923711
15170,407,1,81.15,2,1,1,211,4,Hibernating / Churned,1,-2.2132651006162205,-0.18144642672874864
15171,331,1,1289.5,2,1,4,214,7,Cant Lose Them (High Spend),1,-0.9482146247980676,0.5293313890267797
15172,9,5,1624.05,5,4,4,544,13,Champions (Top Tier),3,1.1228132174366017,-0.9314066402266694
15173,381,7,1494.6,2,4,4,244,10,At Risk (High Frequency),2,0.1279252140758922,1.1582930783469563
15174,323,2,481.46,2,2,2,222,6,Hibernating / Churned,1,-1.0591690690141857,0.36976910852102507
15175,72,1,224.14,3,1,1,311,5,Need Attention,1,-1.2180498583141772,-0.8287832319133219
15176,668,1,988.04,1,1,3,113,5,Need Attention,1,-1.2905821985901915,0.8361410184827279
15177,426,1,948.93,1,1,3,113,5,Need Attention,1,-1.1629190302172276,0.5764123848813456
15178,260,1,40.5,2,1,1,211,4,Hibernating / Churned,1,-2.365888505513587,-0.6322646292270607
15179,18,13,7491.92,5,5,5,555,15,Champions (Top Tier),0,2.226483049096381,0.19028361365449306
15180,367,3,904.43,2,3,3,233,8,Need Attention,2,-0.6070334675577587,0.7337487646972025
15181,66,5,1200.2,3,4,3,343,10,Loyal Customers,2,0.37612666684234114,0.02725439260546933
15182,154,11,2998.95,3,5,5,355,13,Loyal Customers,2,1.0317668143642615,1.0175675701319238
15183,548,3,639.93,1,3,3,133,7,Need Attention,1,-0.886732934068174,0.8509605916189827
15184,29,4,689.95,4,3,3,433,10,Loyal Customers,3,0.25632310398126984,-0.6482000239029914
15185,70,1,310.62,3,1,2,312,6,Need Attention,1,-1.067629195334258,-0.74679907763534
15186,14,5,1403.2,5,4,4,544,13,Champions (Top Tier),3,0.9281193075871202,-0.7514936193313985
15187,2,16,4777.18,5,5,5,555,15,Champions (Top Tier),0,2.7758014777208766,-0.8914107708346465
15188,725,1,310.43,1,1,2,112,4,Hibernating / Churned,1,-1.8198170966613658,0.5353267209914048
15189,1,46,17524.38,5,5,5,555,15,Champions (Top Tier),0,4.248018926640846,-0.3537876374839028
15190,434,1,834.44,1,1,3,113,5,Need Attention,1,-1.224802859819976,0.5482054371434205
15191,463,3,588.05,1,3,2,132,6,Need Attention,1,-0.8690550869151209,0.7329127056510734
15192,120,5,1981.39,3,4,4,344,11,Loyal Customers,2,0.4029301546361206,0.5032485203623671
15193,61,1,499.32,3,1,2,312,6,Need Attention,3,-0.8177841516930244,-0.6798309751901574
15194,3,28,12427.69,5,5,5,555,15,Champions (Top Tier),0,3.5060429774036423,-0.2510835610105611
15195,3,1,3861.0,5,1,5,515,11,New / Promising,3,0.9578939825259364,-1.5797994195117273
15196,433,2,316.25,1,2,2,122,5,Hibernating / Churned,1,-1.336106044462023,0.40550249248041187
15197,11,6,1877.51,5,4,4,544,13,Champions (Top Tier),3,1.244481606607003,-0.7310331247966275
15198,92,5,571.35,3,4,2,342,9,Loyal Customers,2,-0.05248110213072319,-0.013798322234299387
15199,59,10,3122.4,4,5,5,455,14,Champions (Top Tier),0,1.2899059421084027,0.4743138626344836
15200,495,1,549.05,1,1,2,112,4,Hibernating / Churned,1,-1.449097704558189,0.495474970941478
15201,87,7,1842.95,3,4,4,344,11,Loyal Customers,2,0.6938444375292786,0.4112328810291317
15202,420,3,6001.49,1,3,5,135,9,Need Attention,2,0.17245880643293826,1.3741816299103757
15203,26,15,4400.18,4,5,5,455,14,Champions (Top Tier),0,1.9831640686793464,0.2737000773387552
15204,357,1,316.58,2,1,2,212,5,Hibernating / Churned,1,-1.5826411438140624,0.15121727186914619
15205,85,2,653.24,3,2,3,323,8,Need Attention,3,-0.4976560085040603,-0.27064578022936664
15206,10,4,420.3,5,3,2,532,10,Loyal Customers,3,0.36556068783623363,-1.3496761600315879
15207,416,3,683.92,1,3,3,133,7,Need Attention,2,-0.7689039073619394,0.7191456748986907
15208,1,6,970.52,5,4,3,543,12,Loyal Customers,3,1.5370864786218053,-1.916679280468853
15209,730,1,178.98,1,1,1,111,3,Hibernating / Churned,1,-2.0606173882573575,0.3749718464758525
15210,225,3,1176.19,2,3,3,233,8,Need Attention,2,-0.33514362764955835,0.5434074093688067
15211,60,2,1277.48,3,2,4,324,9,Need Attention,3,-0.09506823633591588,-0.259544179812642
15212,241,2,208.28,2,2,1,221,5,Hibernating / Churned,1,-1.328201925929107,-0.041201577375831175
15213,319,2,328.35,2,2,2,222,6,Hibernating / Churned,1,-1.2212642847476707,0.24863360711492397
15214,2,8,1661.44,5,4,4,544,13,Champions (Top Tier),0,1.8313571516322753,-1.4402474277633874
15215,47,7,2422.43,4,4,4,444,12,Champions (Top Tier),2,1.008787033496039,0.15871549547187339
15216,88,2,486.09,3,2,2,322,7,Need Attention,3,-0.6371128946225693,-0.34004814530829686
15217,563,1,426.24,1,1,2,112,4,Hibernating / Churned,1,-1.6005858656176948,0.49070470311131037
15218,11,22,11516.57,5,5,5,555,15,Champions (Top Tier),0,2.9408009992629576,0.2472304768876323
15219,176,2,685.45,3,2,3,323,8,Need Attention,1,-0.7101946420845693,0.14185884949696326
15220,52,6,1778.96,4,4,4,444,12,Champions (Top Tier),2,0.7406230488468487,0.07211668160935578
15221,366,4,2465.45,2,3,4,234,9,Need Attention,2,6.89000946772253e-05,1.1139092776513688
15222,319,11,3550.91,2,5,5,255,12,At Risk (High Frequency),2,0.8708017047994223,1.4679487150843553
15223,226,5,1417.95,2,4,4,244,10,At Risk (High Frequency),2,0.05395093233713348,0.750171145939375
15224,358,5,871.36,2,4,3,243,9,At Risk (High Frequency),2,-0.30596393637757646,0.8573682911200577
15225,234,1,409.4,2,1,2,212,5,Hibernating / Churned,1,-1.3349339971087109,-0.004207781410027236
15226,311,1,154.41,2,1,1,211,4,Hibernating / Churned,1,-1.8491137199972432,-0.1385709080642928
15227,37,9,2488.49,4,5,4,454,13,Champions (Top Tier),0,1.2662386519098177,0.11959161657232771
15228,66,6,5580.27,3,4,5,345,12,Loyal Customers,2,1.1620606146399646,0.5435041710398352
15229,586,1,160.5,1,1,1,111,3,Hibernating / Churned,1,-2.036800987763452,0.22153415704366333
15230,239,2,429.6,2,2,2,222,6,Hibernating / Churned,1,-1.0115869863366473,0.17020178510510636
15231,621,1,250.26,1,1,1,111,3,Hibernating / Churned,1,-1.863223327523278,0.38578420763021204
15232,113,2,612.06,3,2,2,322,7,Need Attention,1,-0.6171006751566506,-0.1346485631403293
15233,401,1,59.4,2,1,1,211,4,Hibernating / Churned,1,-2.3422933481225465,-0.2816842771043562
15234,277,1,197.0,2,1,1,211,4,Hibernating / Churned,1,-1.7064137321143824,-0.12970932746050298
15235,218,16,2937.81,2,5,4,254,11,At Risk (High Frequency),2,1.1766722196993964,1.3295415712622198
15236,299,1,321.05,2,1,2,212,5,Hibernating / Churned,1,-1.5193940187811605,0.05791251912868446
15237,2,4,1412.32,5,3,4,534,12,Loyal Customers,3,1.3124117966669273,-1.7039954731094051
15238,29,3,1071.99,4,3,3,433,10,Loyal Customers,3,0.27763587808987134,-0.5981248404546881
15239,10,2,780.59,5,2,3,523,10,New / Promising,3,0.2448392378601602,-1.3516644722155704
15240,45,12,4459.98,4,5,5,455,14,Champions (Top Tier),0,1.6583457587401895,0.4956110265484371
15241,67,11,3050.16,3,5,5,355,13,Loyal Customers,0,1.30560748148394,0.5681934310156994
15242,422,1,302.04,1,1,2,112,4,Hibernating / Churned,1,-1.6569923695832949,0.22921044115022787
15243,74,2,927.28,3,2,3,323,8,Need Attention,3,-0.3011668733831591,-0.2414027920364901
15244,65,3,912.08,3,3,3,333,9,Loyal Customers,3,-0.04758902234973744,-0.21155114356446977
15245,134,8,4610.84,3,4,5,345,12,Loyal Customers,2,1.0441400101405773,0.9647959008642165
15246,238,3,780.4,2,3,3,233,8,Need Attention,2,-0.5315375470469688,0.4515836160302749
15247,122,3,976.06,3,3,3,333,9,Loyal Customers,2,-0.21946376167005854,0.15208522326783222
15248,411,3,1893.93,1,3,4,134,8,Need Attention,2,-0.32222461058638574,1.017118073891506
15249,32,18,9266.0,4,5,5,455,14,Champions (Top Tier),0,2.3733065563350766,0.6701752493345424
15250,641,1,60.0,1,1,1,111,3,Hibernating / Churned,1,-2.4893996810239796,-0.020519491698061148
15251,9,21,20324.54,5,5,5,555,15,Champions (Top Tier),0,3.2130062923188043,0.3004283852994098
15252,36,5,2103.41,4,4,4,444,12,Champions (Top Tier),2,0.8121379581733927,-0.13240078777790357
15253,16,8,2055.09,5,4,4,544,13,Champions (Top Tier),0,1.3628110902435937,-0.41989153707720683
15254,127,3,1088.35,3,3,3,333,9,Loyal Customers,2,-0.18501659997328754,0.20662814379332367
15255,67,9,3729.42,3,5,5,355,13,Loyal Customers,2,1.2540053660264485,0.5616257163083549
15256,149,2,170.4,3,2,1,321,6,Need Attention,1,-1.2603853654183201,-0.3647861740774364
15257,283,2,685.9,2,2,3,223,7,Need Attention,1,-0.8628330556290147,0.4028467149988544
15258,169,2,623.16,3,2,3,323,8,Need Attention,1,-0.7385340520030863,0.09112678135462936
15259,513,4,1182.38,1,3,3,133,7,Need Attention,2,-0.4284238446344592,1.0798671792705885
15260,100,25,9188.23,3,5,5,355,13,Loyal Customers,0,2.247080077475187,1.3994458116044295
15261,135,4,1508.0,3,3,4,334,10,Loyal Customers,2,0.10735457464232638,0.41929168105752024
15262,324,3,418.82,2,3,2,232,7,Need Attention,1,-0.90125982308741,0.4351398658515227
15263,107,1,156.51,3,1,1,311,5,Need Attention,1,-1.5001605185505813,-0.7196889334442781
15264,64,2,848.4,3,2,3,323,8,Need Attention,3,-0.29352308559735135,-0.3469146289493666
15265,151,4,3345.64,3,3,5,335,11,Loyal Customers,2,0.4179464803580206,0.7190720522467047
15266,338,5,852.21,2,4,3,243,9,At Risk (High Frequency),2,-0.29708223438070286,0.8191070960684934
15267,22,5,1717.36,4,4,4,444,12,Champions (Top Tier),3,0.877721744752829,-0.4552931512087179
15268,479,3,961.9,1,3,3,133,7,Need Attention,2,-0.6661925058967302,0.8987220258102174
15269,24,3,1225.36,4,3,3,433,10,Loyal Customers,3,0.3947338895764886,-0.6586932364150976
15270,16,21,8524.86,5,5,5,555,15,Champions (Top Tier),0,2.663379715764471,0.33303758075792034
15271,7,24,4709.54,5,5,5,555,15,Champions (Top Tier),0,2.746519860638852,-0.21352510217274678
15272,57,6,2085.48,4,4,4,444,12,Champions (Top Tier),2,0.7805985966430907,0.1694030132645783
15273,600,1,228.96,1,1,1,111,3,Hibernating / Churned,1,-1.8906580530691237,0.3403237473197144
15274,4,2,716.57,5,2,3,523,10,New / Promising,3,0.4626625724063269,-1.8121291483064355
15275,38,1,615.14,4,1,2,412,7,New / Promising,3,-0.5772526041734047,-0.8731878730076742
15276,66,4,649.53,3,3,3,333,9,Loyal Customers,3,-0.02977596223892811,-0.22306779313935404
15277,47,2,476.34,4,2,2,422,8,New / Promising,3,-0.44621625825844924,-0.6866543459127411
15278,562,4,496.16,1,3,2,132,6,Need Attention,1,-0.8352045067441203,0.870491381145076
15279,355,5,1580.54,2,4,4,244,10,At Risk (High Frequency),2,-0.0443833670968898,1.030836795490871
15280,172,3,406.22,3,3,2,332,8,Loyal Customers,1,-0.7105878311052889,0.0782401115362913
15281,59,16,8543.57,4,5,5,455,14,Champions (Top Tier),0,2.059803604600424,0.9349103983072474
15282,570,1,348.59,1,1,2,112,4,Hibernating / Churned,1,-1.691850734581453,0.43746374917999614
15283,390,3,148.33,2,3,1,231,6,Need Attention,1,-1.4108090985893122,0.2276888009732179
15284,500,1,24.75,1,1,1,111,3,Hibernating / Churned,1,-2.784447274024532,-0.41546529368204865
15285,408,1,94.92,2,1,1,211,4,Hibernating / Churned,1,-2.1466296768080046,-0.13370714113394816
15286,50,1,240.55,4,1,1,411,6,New / Promising,3,-1.0714471180945893,-1.0055314955874284
15287,22,5,856.03,4,4,3,443,11,Loyal Customers,3,0.5750399670577951,-0.6635345558290955
15288,43,10,3883.13,4,5,5,455,14,Champions (Top Tier),0,1.4850607526108832,0.3684950866423302
15289,29,5,1593.09,4,4,4,444,12,Champions (Top Tier),3,0.7591243977771708,-0.33121272802278173
15290,5,26,10496.28,5,5,5,555,15,Champions (Top Tier),0,3.2469175909553476,-0.10415828113641895
15291,26,40,13846.56,4,5,5,455,14,Champions (Top Tier),0,3.1995904458809252,0.9612553184714352
15292,201,1,180.94,2,1,1,211,4,Hibernating / Churned,1,-1.6399321987804647,-0.3311740750990783
15293,666,1,247.5,1,1,1,111,3,Hibernating / Churned,1,-1.8906205026878702,0.4210043286211202
15294,411,1,233.35,1,1,1,111,3,Hibernating / Churned,1,-1.7603137550387025,0.13773062760576554
15295,654,1,217.24,1,1,1,111,3,Hibernating / Churned,1,-1.941246020264733,0.3721214142498485
15296,51,12,10342.83,4,5,5,455,14,Champions (Top Tier),0,1.984625558548467,0.8149908790893768
15297,10,3,641.94,5,3,3,533,11,Loyal Customers,3,0.37928927228658293,-1.3048188074000873
15298,2,23,9459.37,5,5,5,555,15,Champions (Top Tier),0,3.336012395498942,-0.5607176434554785
15299,67,10,7991.54,3,5,5,355,13,Loyal Customers,0,1.6582434825474575,0.8246111977389112
15300,64,1,496.44,3,1,2,312,6,Need Attention,3,-0.8355787812285631,-0.6554962263714054
15301,51,17,7603.44,4,5,5,455,14,Champions (Top Tier),0,2.0989637200425015,0.8420105347682884
15302,730,1,308.0,1,1,2,112,4,Hibernating / Churned,1,-1.825445223710993,0.5367674532206093
15303,290,3,1224.18,2,3,3,233,8,Need Attention,2,-0.3995161161895301,0.6947967905970142
15304,61,9,919.55,3,5,3,353,11,Loyal Customers,2,0.6750371378453128,0.0917987696204967
15305,555,1,93.6,1,1,1,111,3,Hibernating / Churned,1,-2.251967784896205,0.03150342485325334
15306,64,9,3484.73,3,5,5,355,13,Loyal Customers,2,1.2390795138677007,0.5164303457546151
15307,96,1,205.3,3,1,1,311,5,Need Attention,1,-1.3480083253258603,-0.6981613061386699
15308,274,1,310.47,2,1,2,212,5,Hibernating / Churned,1,-1.5057864573821653,-7.890480594151859e-05
15309,611,4,797.96,1,3,3,133,7,Need Attention,2,-0.6557819960727754,1.0585304462118126
15310,479,1,1634.64,1,1,4,114,6,Cant Lose Them (High Spend),1,-0.9643240959428051,0.8036115985934754
15311,1,208,116771.16,5,5,5,555,15,Champions (Top Tier),0,6.211327003543703,0.7601387751154535
15312,75,12,2930.19,3,5,4,354,12,Loyal Customers,0,1.313229792957512,0.6468318312432193
15313,110,1,52.0,3,1,1,311,5,Need Attention,1,-1.982936824255105,-1.030624357658515
15314,199,3,820.45,2,3,3,233,8,Need Attention,2,-0.4521722832065822,0.36828759302343356
15315,64,2,570.5,3,2,2,322,7,Need Attention,3,-0.4659401789636896,-0.46553550522604964
15316,327,1,165.0,2,1,1,211,4,Hibernating / Churned,1,-1.836605830891211,-0.09125385542936666
15317,677,1,129.75,1,1,1,111,3,Hibernating / Churned,1,-2.175315851149605,0.23779908888896237
15318,4,1,312.62,5,1,2,512,8,New / Promising,3,-0.20671919822855309,-2.2083095463747364
15319,284,1,204.5,2,1,1,211,4,Hibernating / Churned,1,-1.698279941611218,-0.10486364925709142
15320,44,1,267.13,4,1,1,411,6,New / Promising,3,-0.9855432009069096,-1.04331619813984
15321,71,12,6709.73,3,5,5,355,13,Loyal Customers,0,1.6911134355284936,0.8649591691061767
15322,86,2,1390.86,3,2,4,324,9,Need Attention,2,-0.17292494356331803,-0.038285798179908286
15323,563,3,434.6,1,3,2,132,6,Need Attention,1,-1.0634867745954915,0.7502218826632688
15324,701,1,140.22,1,1,1,111,3,Hibernating / Churned,1,-2.153049647650136,0.2800450026197486
15325,104,8,1602.01,3,4,4,344,11,Loyal Customers,2,0.6656273118492232,0.5098477253489311
15326,334,5,1700.52,2,4,4,244,10,At Risk (High Frequency),2,0.0070970991008273455,1.0191908688117903
15327,53,1,208.75,4,1,1,411,6,New / Promising,1,-1.1513530589507697,-1.016260963843734
15328,408,1,107.24,2,1,1,211,4,Hibernating / Churned,1,-2.094053156431586,-0.09753513059333163
15329,39,11,2984.33,4,5,5,455,14,Champions (Top Tier),0,1.46773593472119,0.26899021030135756
15330,32,2,714.96,4,2,3,423,9,New / Promising,3,-0.1486414036925567,-0.7719669733884694
15331,500,3,767.91,1,3,3,133,7,Need Attention,2,-0.7779295518327904,0.8549941436440154
15332,366,6,6553.74,2,4,5,245,11,At Risk (High Frequency),2,0.6819733429162852,1.5296540970126558
15333,208,1,1028.56,2,1,3,213,6,Need Attention,1,-0.896822403218078,0.2064465233203902
15334,157,3,351.67,3,3,2,332,8,Loyal Customers,1,-0.7438313524038291,-0.014836897232949675
15335,54,1,173.97,4,1,1,411,6,New / Promising,1,-1.2361729163786948,-1.060412405793074
15336,402,1,240.5,2,1,1,211,4,Hibernating / Churned,1,-1.7400937944079176,0.1345449039203067
15337,411,1,373.02,1,1,2,112,4,Hibernating / Churned,1,-1.5569051037487776,0.27767332114719295
15338,677,1,283.43,1,1,1,111,3,Hibernating / Churned,1,-1.8371524266586015,0.4704514376477791
15339,66,7,1827.84,3,4,4,344,11,Loyal Customers,2,0.7784444556344869,0.2583898347785662
15340,562,1,105.5,1,1,1,111,3,Hibernating / Churned,1,-2.2044597956028484,0.07387304799468994
15341,81,2,2402.72,3,2,4,324,9,Need Attention,2,0.08394927355982129,0.0926239803834833
15342,130,1,406.09,3,1,2,312,6,Need Attention,1,-1.149451372401141,-0.3289577966810925
15343,87,1,364.5,3,1,2,312,6,Need Attention,1,-1.067663468063588,-0.580662260547066
15344,1,3,563.94,5,3,2,532,10,Loyal Customers,3,0.874375544030263,-2.283806945691269
15345,46,1,393.54,4,1,2,412,7,New / Promising,3,-0.831548812340375,-0.9037092170223535
15346,333,3,596.12,2,3,2,232,7,Need Attention,2,-0.7568105201400896,0.5556637045300731
15347,366,4,1363.6,2,3,4,234,9,Need Attention,2,-0.25747764650858906,0.936720366484644
15348,72,1,158.04,3,1,1,311,5,Need Attention,1,-1.3692777664069302,-0.9328262048298014
15349,158,2,473.81,3,2,2,322,7,Need Attention,1,-0.8358964144851834,-0.027638448298706254
15350,373,2,663.25,2,2,3,223,7,Need Attention,1,-0.9664552811816225,0.5446442279889798
15351,12,10,3738.29,5,5,5,555,15,Champions (Top Tier),0,1.8628588751620254,-0.31536680839783554
15352,549,1,114.95,1,1,1,111,3,Hibernating / Churned,1,-2.159914109644353,0.08643652336542144
15353,255,7,3175.95,2,4,5,245,11,At Risk (High Frequency),2,0.5851794568511528,1.1630605650979748
15354,603,3,284.4,1,3,1,131,5,Need Attention,1,-1.2696243791199384,0.6614412247444224
15355,29,2,277.05,4,2,1,421,7,New / Promising,3,-0.529347857649653,-1.1076655630383605
15356,31,13,3464.95,4,5,5,455,14,Champions (Top Tier),0,1.7224287996149115,0.24702287953930888
15358,5,42,17050.41,5,5,5,555,15,Champions (Top Tier),0,3.8129294521753794,0.21139920246665467
15359,663,8,181.35,1,4,1,141,6,At Risk (High Frequency),1,-0.8766652781128199,0.8764109791322224
15360,40,1,427.93,4,1,2,412,7,New / Promising,3,-0.7510136905269333,-0.9540216241055689
15361,362,4,689.07,2,3,3,233,8,Need Attention,2,-0.5505978830520549,0.7265740968179921
15362,449,2,613.08,1,2,2,122,5,Hibernating / Churned,1,-1.0604566023081068,0.6231698227767771
15363,373,2,1004.11,2,2,3,223,7,Need Attention,2,-0.7862376529561993,0.6686317779657318
15364,96,2,913.19,3,2,3,323,8,Need Attention,2,-0.3910142538218148,-0.10410712136544724
15365,26,13,4557.13,4,5,5,455,14,Champions (Top Tier),0,1.896564858635793,0.23531192306186965
15366,75,7,2389.08,3,4,4,344,11,Loyal Customers,2,0.8541332424797038,0.4080276750173433
15367,57,11,5081.33,4,5,5,455,14,Champions (Top Tier),0,1.5790643797237576,0.6332005961600418
15368,21,2,722.74,4,2,3,423,9,New / Promising,3,-0.01280103225707538,-0.9923705173655722
15369,492,11,6251.26,1,5,5,155,11,At Risk (High Frequency),2,0.9770542168072753,1.87559487579847
15370,41,8,3739.01,4,4,5,445,13,Champions (Top Tier),0,1.3306021693661356,0.25806537815793223
15371,662,1,59.4,1,1,1,111,3,Hibernating / Churned,1,-2.5041105850048813,-0.005725532351509289
15372,137,8,6017.06,3,4,5,345,12,Loyal Customers,2,1.1528293869350914,1.0565861829517398
15373,8,17,3421.39,5,5,5,555,15,Champions (Top Tier),0,2.318873789471201,-0.3644349523917072
15374,129,2,307.32,3,2,2,322,7,Need Attention,1,-0.9586362843606646,-0.26795712399141064
15375,690,1,60.96,1,1,1,111,3,Hibernating / Churned,1,-2.5063938997269286,0.024723025024592227
15376,40,3,1233.36,4,3,3,433,10,Loyal Customers,3,0.23756558987959533,-0.38389153117766095
15377,383,4,1211.75,2,3,3,233,8,Need Attention,2,-0.3234522544069166,0.9263812586343229
15378,463,2,246.5,1,2,1,121,4,Hibernating / Churned,1,-1.4657514119135708,0.368047179969491
15379,169,8,4877.84,3,4,5,345,12,Loyal Customers,2,0.9940707014600679,1.1087912374185043
15380,9,11,3479.06,5,5,5,555,15,Champions (Top Tier),0,1.9828176549369216,-0.44973448516844716
15381,214,5,1890.57,2,4,4,244,10,At Risk (High Frequency),2,0.19660508222967185,0.8062739673381447
15382,15,12,13733.55,5,5,5,555,15,Champions (Top Tier),0,2.489195547174367,0.2497625137348346
15384,170,4,2027.79,3,3,4,334,10,Loyal Customers,2,0.1620749883189041,0.634208367029506
15385,40,3,942.08,4,3,3,433,10,Loyal Customers,3,0.12045420259488018,-0.4644627501354854
15386,186,1,394.14,3,1,2,312,6,Need Attention,1,-1.2775257769299102,-0.14156969043154902
15387,492,1,468.65,1,1,2,112,4,Hibernating / Churned,1,-1.5158914394816247,0.4448255719259547
15388,270,1,140.54,2,1,1,211,4,Hibernating / Churned,1,-1.8442236227105753,-0.24426153332900827
15389,172,5,2733.8,3,4,4,344,11,Loyal Customers,2,0.4273023344964712,0.7967486226059667
15390,396,2,1216.66,2,2,3,223,7,Need Attention,2,-0.7220719713591719,0.7589741134709742
15391,584,1,289.87,1,1,1,111,3,Hibernating / Churned,1,-1.7796940172081253,0.3957787511832524
15392,5,7,2911.62,5,4,4,544,13,Champions (Top Tier),0,1.7613339973180564,-0.933183329237306
15393,16,5,891.34,5,4,3,543,12,Loyal Customers,3,0.6903723903498006,-0.8181750655273524
15394,10,11,5286.8,5,5,5,555,15,Champions (Top Tier),0,2.134019158490448,-0.2719325274311734
15395,326,1,107.45,2,1,1,211,4,Hibernating / Churned,1,-2.0208417218855037,-0.22036950879183778
15396,113,2,796.38,3,2,3,323,8,Need Attention,2,-0.5027253302669316,-0.05595970828044855
15397,290,1,94.0,2,1,1,211,4,Hibernating / Churned,1,-2.0407315979974134,-0.32433912065556825
15398,16,2,1345.53,5,2,4,524,11,New / Promising,3,0.340724003353585,-0.9487284263760255
15399,1,3,815.77,5,3,3,533,11,Loyal Customers,3,1.0347716824195248,-2.173456341144742
15400,92,8,1302.3,3,4,4,344,11,Loyal Customers,2,0.6148189770745424,0.380949897291275
15401,452,2,216.95,1,2,1,121,4,Hibernating / Churned,1,-1.5133129949442417,0.31675346726165765
15402,149,6,1830.54,3,4,4,344,11,Loyal Customers,2,0.4165786728344556,0.6544810336492957
15403,492,2,170.88,1,2,1,121,4,Hibernating / Churned,1,-1.644004251002424,0.29233933657516487
15404,376,1,257.06,2,1,1,211,4,Hibernating / Churned,1,-1.6896668010044928,0.1176139937736815
15405,189,2,659.84,3,2,3,323,8,Need Attention,1,-0.7496606117940532,0.16956873680039763
15406,31,4,975.87,4,3,3,433,10,Loyal Customers,3,0.3861204209065368,-0.5089434348084265
15407,34,4,1056.44,4,3,3,433,10,Loyal Customers,3,0.3916207301938363,-0.4357928287893156
15408,264,1,267.18,2,1,1,211,4,Hibernating / Churned,1,-1.5589174466012268,-0.06530507581190975
15409,721,1,131.25,1,1,1,111,3,Hibernating / Churned,1,-2.190688932522298,0.2758947166515958
15410,84,10,4685.72,3,5,5,355,13,Loyal Customers,0,1.3538248464070923,0.787904520628703
15411,26,4,1358.88,4,3,4,434,11,Loyal Customers,3,0.5850019604942668,-0.5036297997478885
15412,171,1,190.53,3,1,1,311,5,Need Attention,1,-1.5655837842963025,-0.40447366606529056
15413,692,5,6798.72,1,4,5,145,10,At Risk (High Frequency),2,0.3747756483189841,1.8348233875824267
15414,10,3,774.9,5,3,3,533,11,Loyal Customers,3,0.46107688141300285,-1.2485499208660977
15415,313,1,572.81,2,1,2,212,5,Hibernating / Churned,1,-1.2828328275125596,0.25596967930664877
15416,65,7,4572.82,3,4,5,345,12,Loyal Customers,2,1.1821541701467915,0.5244968059975642
15417,85,1,508.8,3,1,2,312,6,Need Attention,1,-0.9154460093236975,-0.4937340815873059
15418,425,2,452.32,1,2,2,122,5,Hibernating / Churned,1,-1.174796218750004,0.5020799070454718
15419,25,1,135.86,4,1,1,411,6,New / Promising,3,-1.1007366980213757,-1.5471986800210755
15420,434,6,743.0,1,4,3,143,8,At Risk (High Frequency),2,-0.3197494377627003,0.9720613013152857
15421,59,10,3805.34,4,5,5,455,14,Champions (Top Tier),0,1.3759461372547952,0.533508476950343
15422,323,7,1619.97,2,4,4,244,10,At Risk (High Frequency),2,0.21621074546035032,1.0915601685980278
15423,38,3,266.89,4,3,1,431,8,Loyal Customers,3,-0.41098293049450624,-0.8687968504717848
15424,254,3,597.78,2,3,2,232,7,Need Attention,2,-0.668317325876639,0.40764078408899634
15425,400,4,1944.57,2,3,4,234,9,Need Attention,2,-0.1318041369922773,1.0917648701455924
15426,19,9,2615.39,5,5,4,554,14,Champions (Top Tier),0,1.495463010857141,-0.21954732608197272
15427,33,3,1483.14,4,3,4,434,11,Loyal Customers,3,0.37829694031975175,-0.4319856870240728
15428,15,4,762.75,5,3,3,533,11,Loyal Customers,3,0.5032170062178806,-0.964929746090897
15429,27,2,397.35,4,2,2,422,8,New / Promising,3,-0.35060056776412046,-1.0380951896097772
15430,468,2,954.75,1,2,3,123,6,Need Attention,1,-0.8813541465707022,0.7784021296772634
15431,503,1,153.24,1,1,1,111,3,Hibernating / Churned,1,-2.007508000233825,0.12368088823990499
15432,23,2,320.76,4,2,2,422,8,New / Promising,3,-0.3936500663648053,-1.187036787904959
15433,214,2,533.3,2,2,2,222,6,Hibernating / Churned,1,-0.8821238991347877,0.1741219697665381
15434,8,11,2567.06,5,5,4,554,14,Champions (Top Tier),0,1.8846661462405832,-0.598818393292742
15435,22,1,149.29,4,1,1,411,6,New / Promising,3,-1.0203545736845276,-1.586800043964233
15436,12,3,1122.53,5,3,3,533,11,Loyal Customers,3,0.5681261921394399,-1.0455890326500392
15437,262,2,393.45,2,2,2,222,6,Hibernating / Churned,1,-1.0793384287387475,0.19442909594106764
15438,131,1,156.58,3,1,1,311,5,Need Attention,1,-1.5648692348898172,-0.6088737408717787
15439,405,4,1269.05,2,3,4,234,9,Need Attention,2,-0.32138355015384,0.9709286455024552
15440,55,3,383.68,4,3,2,432,9,Loyal Customers,3,-0.3705588147459287,-0.5609332094499759
15441,396,3,1254.21,2,3,4,234,9,Need Attention,2,-0.4894402059110642,0.8733676225330166
15442,249,1,594.0,2,1,2,212,5,Hibernating / Churned,1,-1.1933355255858455,0.1411064089343263
15443,2,14,5175.93,5,5,5,555,15,Champions (Top Tier),0,2.715213543118886,-0.9132314996283722
15444,9,2,1418.26,5,2,4,524,11,New / Promising,3,0.5352313179904287,-1.2256553818020965
15445,264,2,284.5,2,2,1,221,5,Hibernating / Churned,1,-1.2224363935098805,0.10184365226850041
15446,377,3,406.95,2,3,2,232,7,Need Attention,1,-0.9625988357827097,0.5098779915431281
15447,331,5,492.88,2,4,2,242,8,At Risk (High Frequency),2,-0.5282113821781044,0.6439418706944261
15448,313,2,788.81,2,2,3,223,7,Need Attention,1,-0.8345688251634998,0.5000237253857136
15449,26,3,974.52,4,3,3,433,10,Loyal Customers,3,0.27027550730083333,-0.6847455430669954
15450,30,1,429.84,4,1,2,412,7,New / Promising,3,-0.658655592784613,-1.1068997966670844
15451,434,2,233.21,1,2,1,121,4,Hibernating / Churned,1,-1.468892490156102,0.31592855222851934
15452,30,6,1799.11,4,4,4,444,12,Champions (Top Tier),3,0.9189756461159726,-0.22031852377545924
15453,2,7,1388.37,5,4,4,544,13,Champions (Top Tier),3,1.663449889169887,-1.5370737592056973
15454,362,2,307.69,2,2,2,222,6,Hibernating / Churned,1,-1.2902299769348637,0.29878274223382734
15455,598,1,38.25,1,1,1,111,3,Hibernating / Churned,1,-2.6588250774943165,-0.1907461305650502
15456,283,10,2119.27,2,5,4,254,11,At Risk (High Frequency),2,0.6185485911371839,1.215826836522251
15457,262,1,237.07,2,1,1,211,4,Hibernating / Churned,1,-1.6082854501696182,-0.10513389207218048
15458,25,2,370.44,4,2,2,422,8,New / Promising,3,-0.35706497426983314,-1.0999076921313324
15459,417,2,202.83,1,2,1,121,4,Hibernating / Churned,1,-1.5164491563889793,0.2523519835735902
15460,354,1,216.76,2,1,1,211,4,Hibernating / Churned,1,-1.744100224114886,0.033621389338897335
15461,461,2,429.7,1,2,2,122,5,Hibernating / Churned,1,-1.2233057789335768,0.5315031068556836
15462,94,4,737.05,3,3,3,333,9,Loyal Customers,2,-0.08779036916650189,0.007313530946149458
15463,29,1,126.14,4,1,1,411,6,New / Promising,3,-1.1790731937575534,-1.4903225717341733
15464,338,1,1048.85,2,1,3,213,6,Need Attention,1,-1.0447609210102062,0.47905986944785844
15465,20,32,12655.65,4,5,5,455,14,Champions (Top Tier),0,3.0761882467678703,0.7162676079286665
15466,85,4,1571.01,3,3,4,334,10,Loyal Customers,2,0.27338219373229145,0.1787525973047921
15467,9,3,524.88,5,3,2,532,10,Loyal Customers,3,0.32266839191908164,-1.417550439556107
15468,51,3,1430.48,4,3,4,434,11,Loyal Customers,3,0.22515997959376294,-0.20845094821740878
15469,50,3,874.25,4,3,3,433,10,Loyal Customers,3,0.01738851790810019,-0.3664262417811548
15470,576,1,63.42,1,1,1,111,3,Hibernating / Churned,1,-2.4311401949787337,-0.06306702239814245
15471,2,3,1316.56,5,3,4,534,12,Loyal Customers,3,1.1116919498657616,-1.806676049198034
15472,113,1,371.56,3,1,2,312,6,Need Attention,1,-1.1430616034446872,-0.432157155163418
15473,14,8,2046.0,5,4,4,544,13,Champions (Top Tier),0,1.4013641871890234,-0.49025303163956896
15474,596,1,163.1,1,1,1,111,3,Hibernating / Churned,1,-2.0353153933648964,0.2356321165973245
15475,77,1,454.11,3,1,2,312,6,Need Attention,1,-0.9332426269952891,-0.5815573592912812
15476,380,4,2209.98,2,3,4,234,9,Need Attention,2,-0.05961545170082624,1.1018265886821068
15477,650,1,368.4,1,1,2,112,4,Hibernating / Churned,1,-1.7102758900170913,0.5262844083777546
15478,40,3,2024.98,4,3,4,434,11,Loyal Customers,3,0.45316037993080766,-0.2355649214590723
15479,733,1,147.4,1,1,1,111,3,Hibernating / Churned,1,-2.145888670333324,0.31947650923587795
15480,116,5,6279.0,3,4,5,345,12,Loyal Customers,2,0.9155074367887489,0.8298737441144421
15481,401,1,1993.34,2,1,4,214,7,Cant Lose Them (High Spend),2,-0.8206976036397134,0.7651552039784631
15482,16,19,14592.56,5,5,5,555,15,Champions (Top Tier),0,2.824544619350452,0.45904254328567895
15483,161,10,862.2,3,5,3,353,11,Loyal Customers,2,0.40910471539663446,0.6371838325136299
15484,1,6,4656.0,5,4,5,545,14,Champions (Top Tier),0,2.2190108360411784,-1.4475235648019016
15485,30,7,5771.51,4,4,5,445,13,Champions (Top Tier),0,1.5278306156997863,0.17737528069924605
15486,527,1,102.0,1,1,1,111,3,Hibernating / Churned,1,-2.198240716770101,0.028469028309569943
15487,680,1,231.32,1,1,1,111,3,Hibernating / Churned,1,-1.9266331288667757,0.4123073477294699
15488,93,5,431.92,3,4,2,342,9,Loyal Customers,2,-0.17742048780589936,-0.09147616214333382
15489,23,8,2419.61,4,4,4,444,12,Champions (Top Tier),0,1.32229579228589,-0.18083345012044347
15490,430,1,217.6,1,1,1,111,3,Hibernating / Churned,1,-1.805166485143017,0.14177142587855993
15491,95,6,3100.09,3,4,5,345,12,Loyal Customers,2,0.7900439824387114,0.5659613224263467
15492,28,2,659.46,4,2,3,423,9,New / Promising,3,-0.14195863715310003,-0.8673887779711016
15493,33,9,4314.98,4,5,5,455,14,Champions (Top Tier),0,1.5416267408763358,0.22295839914081547
15494,21,5,3780.05,4,4,5,445,13,Champions (Top Tier),0,1.2352358316323295,-0.24373674299595985
15495,379,1,246.5,2,1,1,211,4,Hibernating / Churned,1,-1.7104096363101307,0.10947853640153397
15496,631,1,146.14,1,1,1,111,3,Hibernating / Churned,1,-2.1012079076388384,0.23439963563435456
15497,18,9,8657.39,5,5,5,555,15,Champions (Top Tier),0,2.032756883372201,0.11039954845578567
15498,3,44,26039.58,5,5,5,555,15,Champions (Top Tier),0,4.162975101034614,0.13115154972559825
15499,724,1,161.6,1,1,1,111,3,Hibernating / Churned,1,-2.102137765956383,0.34002655996497116
15500,8,4,1131.56,5,3,3,533,11,Loyal Customers,3,0.8607337302529385,-1.1643370991701283
15501,405,2,402.5,2,2,2,222,6,Hibernating / Churned,1,-1.2098995857093406,0.4407069385679171
15502,16,14,13993.47,5,5,5,555,15,Champions (Top Tier),0,2.5868890569348943,0.341192722631323
15503,363,2,267.15,2,2,1,221,5,Hibernating / Churned,1,-1.3523785659229723,0.2581547681295544
15504,81,4,423.85,3,3,2,332,8,Loyal Customers,3,-0.28049345822461563,-0.2391748004338797
15505,53,5,3610.96,4,4,5,445,13,Champions (Top Tier),2,0.9249119711901903,0.23783760884449298
15506,23,6,2040.03,4,4,4,444,12,Champions (Top Tier),3,1.0564031680768664,-0.32388147058998495
15507,172,1,492.36,3,1,2,312,6,Need Attention,1,-1.1557649464473996,-0.1180358597841323
15508,189,6,1000.27,3,4,3,343,10,Loyal Customers,2,0.07736998970750308,0.6040920129607372
15509,380,1,166.51,2,1,1,211,4,Hibernating / Churned,1,-1.881110395496159,-0.005927160964739465
15510,331,1,250.0,2,1,1,211,4,Hibernating / Churned,1,-1.6606255486623192,0.03920128412873798
15511,12,5,909.23,5,4,3,543,12,Loyal Customers,3,0.7857726998677071,-0.9601970354580163
15512,156,4,331.58,3,3,2,332,8,Loyal Customers,1,-0.5971048641070025,0.04578212749595358
15513,33,35,27750.55,4,5,5,455,14,Champions (Top Tier),0,3.3283181634095977,1.248899912767379
15514,12,18,6598.55,5,5,5,555,15,Champions (Top Tier),0,2.526896448532401,0.05474807075904493
15515,387,1,171.81,2,1,1,211,4,Hibernating / Churned,1,-1.8734453002004443,0.013439099287041732
15516,45,3,62.43,4,3,1,431,8,Loyal Customers,1,-1.0912030071224916,-1.208996066479992
15517,233,1,267.03,2,1,1,211,4,Hibernating / Churned,1,-1.518923917556791,-0.13409158390431275
15518,64,15,4218.94,3,5,5,355,13,Loyal Customers,0,1.6807214464325158,0.7456864065164636
15519,383,2,344.61,2,2,2,222,6,Hibernating / Churned,1,-1.259264066664084,0.36362062898045894
15520,2,1,343.5,5,1,2,512,8,New / Promising,3,-0.000643544766581202,-2.4619489217049946
15521,40,16,7106.69,4,5,5,455,14,Champions (Top Tier),0,2.102844264190103,0.6697756884692925
15522,33,2,398.84,4,2,2,422,8,New / Promising,3,-0.4117711518185309,-0.929888651264957
15523,84,16,17359.99,3,5,5,355,13,Loyal Customers,0,2.2556109815604724,1.3392387313917375
15524,25,2,591.4,4,2,2,422,8,New / Promising,3,-0.15396037802083076,-0.9601741847830277
15525,2,4,1295.7,5,3,4,534,12,Loyal Customers,3,1.2749410255032068,-1.7297749107708418
15526,33,2,148.44,4,2,1,421,7,New / Promising,3,-0.8399879479219929,-1.2244966312420944
15527,19,23,5575.64,5,5,5,555,15,Champions (Top Tier),0,2.492471471288856,0.32744802379559357
15528,254,1,229.33,2,1,1,211,4,Hibernating / Churned,1,-1.612675619972751,-0.13206580474459603
15529,23,12,5111.95,4,5,5,455,14,Champions (Top Tier),0,1.928114228820815,0.17760542600605617
15530,22,5,1813.72,4,4,4,444,12,Champions (Top Tier),3,0.9014614232568154,-0.4389605393331288
15531,8,2,2007.44,5,2,4,524,11,New / Promising,3,0.7203858403929224,-1.1798281647747264
15532,25,10,3771.9,4,5,5,455,14,Champions (Top Tier),0,1.6425707258506204,0.06962495410146598
15533,19,3,807.57,5,3,3,533,11,Loyal Customers,3,0.2856663773901936,-0.9064600316569921
15534,726,1,162.25,1,1,1,111,3,Hibernating / Churned,1,-2.1012928649364477,0.34274027880547836
15535,173,6,1087.82,3,4,3,343,10,Loyal Customers,2,0.14229414771391763,0.5806646917366493
15536,409,1,259.09,2,1,1,211,4,Hibernating / Churned,1,-1.713396770883332,0.16624215378866616
15537,163,1,110.92,3,1,1,311,5,Need Attention,1,-1.7839440720686086,-0.5915705485295529
15538,538,6,3358.4,1,4,5,145,10,At Risk (High Frequency),2,0.2668281685958151,1.5415575339158378
15539,7,1,538.46,5,1,2,512,8,New / Promising,3,-0.1227354437670389,-1.7867120568605146
15540,11,2,460.68,5,2,2,522,9,New / Promising,3,-0.012366961258568761,-1.461265966720448
15541,114,1,85.13,3,1,1,311,5,Need Attention,1,-1.7831147100658744,-0.8657454400658929
15542,512,3,918.45,1,3,3,133,7,Need Attention,2,-0.7077874722962805,0.9215731847048361
15543,288,2,242.84,2,2,1,221,5,Hibernating / Churned,1,-1.3191053408667948,0.10244638876476243
15544,9,20,8162.43,5,5,5,555,15,Champions (Top Tier),0,2.7806166691195897,0.010332146039125065
15545,54,2,428.05,4,2,2,422,8,New / Promising,3,-0.5366512283960244,-0.6434961088826242
15546,607,2,1079.1,1,2,3,123,6,Need Attention,2,-0.9120876520630122,0.9581859245030407
15547,7,26,10154.39,5,5,5,555,15,Champions (Top Tier),0,3.13946683919184,0.04460416938192359
15548,596,1,158.09,1,1,1,111,3,Hibernating / Churned,1,-2.0488062149006026,0.22635059444071567
15549,77,8,2345.96,3,4,4,344,11,Loyal Customers,2,0.9276444168845799,0.4600175925756953
15550,4,12,2218.8,5,5,4,554,14,Champions (Top Tier),0,2.0724110479179383,-0.9373452123860944
15551,37,7,1710.08,4,4,4,444,12,Champions (Top Tier),2,0.9329018808376323,-0.07432780050941885
15552,217,2,252.52,2,2,1,221,5,Hibernating / Churned,1,-1.2109826148878444,-0.04140247887641578
15553,60,1,437.23,3,1,2,312,6,Need Attention,3,-0.8701782023841955,-0.7284642984169021
15554,278,1,217.2,2,1,1,211,4,Hibernating / Churned,1,-1.6653067790666845,-0.09864879706522446
15555,12,36,12112.35,5,5,5,555,15,Champions (Top Tier),0,3.2994658530352705,0.48049815554248687
15556,24,1,279.77,4,1,1,411,6,New / Promising,3,-0.7753953267508853,-1.353727490910961
15557,29,1,473.65,4,1,2,412,7,New / Promising,3,-0.60591459188847,-1.0959963812631834
15558,639,1,214.13,1,1,1,111,3,Hibernating / Churned,1,-1.939998205182794,0.3550468731518321
15559,568,1,1109.4,1,1,3,113,5,Need Attention,1,-1.1878590454491307,0.7814878870922047
15560,398,2,153.52,2,2,1,221,5,Hibernating / Churned,1,-1.6219112042992376,0.14378542559171884
15561,12,8,1934.39,5,4,4,544,13,Champions (Top Tier),0,1.4232518867057047,-0.585965229443961
15562,352,3,673.38,2,3,3,233,8,Need Attention,2,-0.7217630581666734,0.6226031873204781
15563,22,7,2867.0,4,4,4,444,12,Champions (Top Tier),0,1.3200185856300002,-0.19665260441724833
15564,463,2,70.74,1,2,1,121,4,Hibernating / Churned,1,-2.0045686167784136,-0.0026525444378751365
15565,50,2,173.16,4,2,1,421,7,New / Promising,3,-0.9045201569566813,-0.9550339334159593
15566,393,2,227.87,2,2,1,221,5,Hibernating / Churned,1,-1.4469101849506976,0.25442254318464924
15567,19,1,186.01,5,1,1,511,7,New / Promising,3,-0.8800401219333639,-1.5984515103104289
15568,3,3,758.29,5,3,3,533,11,Loyal Customers,3,0.7788389125443144,-1.81298764676633
15569,104,10,3586.35,3,5,5,355,13,Loyal Customers,2,1.1691702241856317,0.8244332892481213
15570,7,25,9311.04,5,5,5,555,15,Champions (Top Tier),0,3.0729600507181276,0.00483758640772382
15571,12,14,4051.63,5,5,5,555,15,Champions (Top Tier),0,2.1344288677354077,-0.17775064857338407
15572,5,10,4068.67,5,5,5,555,15,Champions (Top Tier),0,2.1497669289346564,-0.7164838764513285
15573,32,5,1207.18,4,4,3,443,11,Loyal Customers,3,0.6076928605649743,-0.36161864448759035
15574,178,6,1518.7,3,4,4,344,11,Loyal Customers,2,0.27820326019050584,0.6960984325689031
15575,620,1,30.1,1,1,1,111,3,Hibernating / Churned,1,-2.771758722993837,-0.2405226569750118
15576,38,1,940.67,4,1,3,413,8,New / Promising,3,-0.39268958432705775,-0.7462107461173146
15577,151,5,397.98,3,4,2,342,9,Loyal Customers,2,-0.3683768941641523,0.1491571576296411
15578,162,1,127.1,3,1,1,311,5,Need Attention,1,-1.7232150948364466,-0.5545241597212403
15579,69,5,1302.5,3,4,4,344,11,Loyal Customers,2,0.3975217117860658,0.07588040485765113
15580,377,8,1381.19,2,4,4,244,10,At Risk (High Frequency),2,0.18685193427340516,1.171993889257645
15581,121,38,7794.59,3,5,5,355,13,Loyal Customers,0,2.4236720333172608,1.6028157976097093
15582,25,3,682.91,4,3,3,433,10,Loyal Customers,3,0.12795671883997187,-0.8118729634076886
15583,376,1,107.86,2,1,1,211,4,Hibernating / Churned,1,-2.0652185083604984,-0.1407610416940673
15584,24,6,1277.5,4,4,4,444,12,Champions (Top Tier),3,0.8396726290816191,-0.4413902092577746
15585,177,1,455.3,3,1,2,312,6,Need Attention,1,-1.1989567118765416,-0.12569638457153107
15586,593,3,1139.1,1,3,3,133,7,Need Attention,2,-0.6616136813753503,1.0668221612178637
15587,50,7,1522.08,4,4,4,444,12,Champions (Top Tier),2,0.7870953973948788,0.053122284766217893
15588,678,1,579.6,1,1,2,112,4,Hibernating / Churned,1,-1.5271493050521325,0.684870699606005
15589,256,3,478.53,2,3,2,232,7,Need Attention,1,-0.767475549860688,0.34546860990421996
15590,382,5,1496.6,2,4,4,244,10,At Risk (High Frequency),2,-0.0917556919002948,1.0548333286095308
15591,583,3,217.9,1,3,1,131,5,Need Attention,1,-1.3741567449057575,0.5634586536204295
15592,47,1,388.58,4,1,2,412,7,New / Promising,3,-0.843862661541117,-0.895884095635529
15593,71,1,199.8,3,1,1,311,5,Need Attention,1,-1.2633704003855133,-0.8706402718240526
15594,16,5,1771.78,5,4,4,544,13,Champions (Top Tier),3,0.9890530695542717,-0.6126863683082729
15595,488,1,357.6,1,1,2,112,4,Hibernating / Churned,1,-1.6306392219811823,0.35957434618328066
15596,101,9,3130.04,3,5,5,355,13,Loyal Customers,2,1.0466565348202883,0.732832304266885
15597,35,2,563.37,4,2,2,422,8,New / Promising,3,-0.2803007184780533,-0.7951937289237422
15598,53,2,548.02,4,2,2,422,8,New / Promising,3,-0.4234366133871113,-0.579809416917416
15599,27,3,1250.06,4,3,4,434,11,Loyal Customers,3,0.3667568097866322,-0.590216318170126
15600,428,4,1199.31,1,3,3,133,7,Need Attention,2,-0.36377867095636773,0.9844157130186024
15601,11,30,14960.12,5,5,5,555,15,Champions (Top Tier),0,3.2822785446411737,0.43479290504623946
15602,8,16,3230.51,5,5,5,555,15,Champions (Top Tier),0,2.2503082380037,-0.40253634394367815
15603,79,2,88.48,3,2,1,321,6,Need Attention,1,-1.3398887174513363,-0.9060732621264084
15604,52,1,216.39,4,1,1,411,6,New / Promising,1,-1.129740963733446,-1.0158612013910575
15605,36,9,1936.8,4,5,4,454,13,Champions (Top Tier),0,1.165859425597815,0.02988872020156263
15606,61,17,5230.99,3,5,5,355,13,Loyal Customers,0,1.8793728599018762,0.8270871033949604
15607,337,9,1708.97,2,5,4,254,11,At Risk (High Frequency),2,0.39597879195532215,1.2125713398725266
15608,28,5,1785.98,4,4,4,444,12,Champions (Top Tier),3,0.8197884312869227,-0.31571892256237
15609,184,1,298.48,3,1,2,312,6,Need Attention,1,-1.394655813019082,-0.23047719819288312
15610,52,1,112.46,4,1,1,411,6,New / Promising,1,-1.4126646014272037,-1.2105092445019185
15611,10,26,2997.28,5,5,5,555,15,Champions (Top Tier),0,2.5056578616652954,-0.14494193052425725
15612,36,2,195.15,4,2,1,421,7,New / Promising,3,-0.7489941450471829,-1.0964403025088263
15613,610,1,433.72,1,1,2,112,4,Hibernating / Churned,1,-1.6189219492935858,0.540048693772166
15614,438,4,3147.36,1,3,5,135,9,Need Attention,2,0.04834107675495205,1.2857857183987798
15615,10,47,21373.97,5,5,5,555,15,Champions (Top Tier),0,3.799116263917023,0.6536331489222076
15616,438,1,317.11,1,1,2,112,4,Hibernating / Churned,1,-1.6478835803109295,0.26421641191329776
15617,396,3,828.55,2,3,3,233,8,Need Attention,2,-0.6696496108989077,0.7493857300443273
15618,33,4,776.85,4,3,3,433,10,Loyal Customers,3,0.2673873601065203,-0.5437023901396959
15619,11,1,336.4,5,1,2,512,8,New / Promising,3,-0.45806765775235964,-1.703556489353081
15620,57,4,1942.36,4,3,4,434,11,Loyal Customers,2,0.49305070332816814,0.02497073348160311
15621,4,4,1293.03,5,3,4,534,12,Loyal Customers,3,1.1088301032976562,-1.4486402833791985
15622,43,17,7852.61,4,5,5,455,14,Champions (Top Tier),0,2.167021504773559,0.7595212117542912
15623,141,8,2437.05,3,4,4,344,11,Loyal Customers,2,0.7504420131693003,0.8018664436578243
15624,117,4,588.13,3,3,2,332,8,Loyal Customers,2,-0.2559687872366002,0.05943408359571701
15625,104,9,3236.4,3,5,5,355,13,Loyal Customers,2,1.0518160360862454,0.7588204830822206
15626,75,3,1067.52,3,3,3,333,9,Loyal Customers,2,-0.02481625268734878,-0.08667845073173912
15627,457,2,566.9,1,2,2,122,5,Hibernating / Churned,1,-1.1001723084192145,0.6094863239066272
15628,5,17,5652.26,5,5,5,555,15,Champions (Top Tier),0,2.6683877038998975,-0.4378336814045235
15629,450,4,2240.9,1,3,4,134,8,Need Attention,2,-0.10812431459245189,1.1990145962805432
15630,45,3,1481.4,4,3,4,434,11,Loyal Customers,3,0.2800211522467531,-0.26561041845413386
15631,642,1,596.67,1,1,2,112,4,Hibernating / Churned,1,-1.4969223377005028,0.6634977096843423
15632,16,8,3285.31,5,4,5,545,14,Champions (Top Tier),0,1.5668574685597967,-0.27951009504973656
15633,509,13,4352.46,1,5,5,155,11,At Risk (High Frequency),2,0.9261654590904301,1.8423630636557482
15634,17,2,554.65,5,2,2,522,9,New / Promising,3,-0.06289439065442749,-1.1821681497748293
15635,396,1,100.35,2,1,1,211,4,Hibernating / Churned,1,-2.113039226795582,-0.13364837652974873
15636,90,4,1444.58,3,3,4,334,10,Loyal Customers,2,0.21862359025160652,0.1848239836995137
15637,53,5,797.59,4,4,3,443,11,Loyal Customers,3,0.26827012218372864,-0.21392404661730216
15638,379,6,2265.2,2,4,4,244,10,At Risk (High Frequency),2,0.2085973098187292,1.230922169749214
15639,134,3,1065.08,3,3,3,333,9,Loyal Customers,2,-0.21163237651054378,0.22953201601331807
15640,4,29,23957.58,5,5,5,555,15,Champions (Top Tier),0,3.7452970481395202,0.08086993231427325
15641,105,12,5345.55,3,5,5,355,13,Loyal Customers,0,1.4671408864207394,1.0102597422376292
15642,730,1,105.78,1,1,1,111,3,Hibernating / Churned,1,-2.28777472677818,0.21869034316360716
15643,192,3,664.0,2,3,3,233,8,Need Attention,2,-0.532580221743045,0.28538982428153403
15644,166,4,813.0,3,3,3,333,9,Loyal Customers,2,-0.22762224266980768,0.347779244147338
15645,19,3,1055.17,5,3,3,533,11,Loyal Customers,3,0.4018990268907178,-0.8264933736736221
15646,158,5,974.61,3,4,3,343,10,Loyal Customers,2,0.006110891540884215,0.4416518978317519
15647,415,1,169.0,1,1,1,111,3,Hibernating / Churned,1,-1.9031148028271163,0.04696426864851697
15648,204,2,657.35,2,2,3,223,7,Need Attention,1,-0.7758789410253258,0.21034957305202176
15649,336,4,2170.35,2,3,4,234,9,Need Attention,2,-0.027795447064779072,1.0287267339188224
15650,522,2,553.88,1,2,2,122,5,Hibernating / Churned,1,-1.1531864473530418,0.6757423885207043
15651,37,5,1259.06,4,4,4,444,12,Champions (Top Tier),3,0.5803580787821605,-0.2712193414125678
15652,91,5,1420.34,3,4,4,344,11,Loyal Customers,2,0.3467887167163846,0.25252603607096036
15653,93,2,877.44,3,2,3,323,8,Need Attention,2,-0.39821013592699783,-0.1333762681270872
15654,9,2,922.53,5,2,3,523,10,New / Promising,3,0.34827221145675585,-1.3542809873724766
15655,243,1,560.67,2,1,2,212,5,Hibernating / Churned,1,-1.2105610926370316,0.11045108052927621
15656,45,4,748.5,4,3,3,433,10,Loyal Customers,3,0.15346768533461216,-0.38808992653512653
15657,23,1,30.0,4,1,1,411,6,New / Promising,1,-1.7209668659797508,-2.0358685336265734
15658,190,8,2423.47,2,4,4,244,10,At Risk (High Frequency),2,0.6521333475452716,0.963702755867088
15659,44,3,532.49,4,3,2,432,9,Loyal Customers,3,-0.1575374794145491,-0.5836587729351596
15660,25,15,2812.99,4,5,4,454,13,Champions (Top Tier),0,1.8007612793789742,0.118995348905091
15661,317,8,1215.95,2,4,3,243,9,At Risk (High Frequency),2,0.18735555266426637,1.038547211200534
15662,661,2,283.73,1,2,1,121,4,Hibernating / Churned,1,-1.519719163067279,0.6060092842725983
15663,106,1,138.14,3,1,1,311,5,Need Attention,1,-1.5511084959119208,-0.7619412681973879
15664,51,4,1254.03,4,3,4,434,11,Loyal Customers,3,0.3381151122296788,-0.16615143468581217
15665,168,5,4015.12,3,4,5,345,12,Loyal Customers,2,0.6020606425823939,0.8988724018577746
15666,472,2,632.94,1,2,3,123,6,Need Attention,1,-1.062729667253271,0.6601918817208643
15667,40,1,301.32,4,1,2,412,7,New / Promising,3,-0.9032166632567549,-1.0587354297070057
15668,218,1,76.32,2,1,1,211,4,Hibernating / Churned,1,-2.0383959812544354,-0.5427640248717843
15669,40,4,684.34,4,3,3,433,10,Loyal Customers,3,0.15174598629324032,-0.47834663362983953
15670,297,2,325.2,2,2,2,222,6,Hibernating / Churned,1,-1.2024089822688102,0.20647045031946645
15671,19,7,2657.13,5,4,4,544,13,Champions (Top Tier),0,1.3321566742963897,-0.29648785933230226
15672,725,1,45.3,1,1,1,111,3,Hibernating / Churned,1,-2.649140900548895,-0.03523803226789696
15673,88,9,6414.79,3,5,5,355,13,Loyal Customers,0,1.4028940215481263,0.872384866428711
15674,73,13,6948.23,3,5,5,355,13,Loyal Customers,0,1.7539697076156373,0.9176516372563392
15675,81,4,542.04,3,3,2,332,8,Loyal Customers,2,-0.1736983886697293,-0.16570108338360037
15676,19,3,3435.76,5,3,5,535,13,Loyal Customers,3,0.915270393741802,-0.4733000782626742
15677,49,3,1305.63,4,3,4,434,11,Loyal Customers,3,0.19813836233177068,-0.2574012363003104
15678,53,3,1893.89,4,3,4,434,11,Loyal Customers,2,0.3349797445712961,-0.10368246322622851
15679,24,4,781.28,4,3,3,433,10,Loyal Customers,3,0.36930675742835506,-0.7115990484654522
15680,9,10,4507.58,5,5,5,555,15,Champions (Top Tier),0,2.029116413555359,-0.40407303863101873
15681,25,14,2989.7,4,5,5,455,14,Champions (Top Tier),0,1.778037018347991,0.11360341332269336
15682,599,2,318.24,1,2,2,122,5,Hibernating / Churned,1,-1.438138047676206,0.5860168223013796
15683,117,2,524.54,3,2,2,322,7,Need Attention,1,-0.6952763986066053,-0.16173765696144704
15684,547,3,173.95,1,3,1,131,5,Need Attention,1,-1.451091967886029,0.4612771407074002
15685,450,1,55.98,1,1,1,111,3,Hibernating / Churned,1,-2.4048539469422043,-0.235694875056991
15686,420,1,90.0,1,1,1,111,3,Hibernating / Churned,1,-2.17889283528489,-0.1335193761341499
15687,9,9,2993.1,5,5,5,555,15,Champions (Top Tier),0,1.7783176371914546,-0.5614941086138104
15688,419,1,190.57,1,1,1,111,3,Hibernating / Churned,1,-1.854234443027042,0.08800083049081013
15689,120,3,521.03,3,3,2,332,8,Loyal Customers,2,-0.4868952349019047,-0.044594423068153026
15690,4,2,239.76,5,2,1,521,8,New / Promising,3,-0.012502208218634504,-2.1390367741866143
15691,252,4,571.3,2,3,2,232,7,Need Attention,2,-0.5152579454900206,0.4714364314409164
15692,28,1,191.04,4,1,1,411,6,New / Promising,3,-0.9886649175703748,-1.3855662954957009
15693,659,1,37.5,1,1,1,111,3,Hibernating / Churned,1,-2.698584886139045,-0.14303204756230917
15694,1,24,10810.81,5,5,5,555,15,Champions (Top Tier),0,3.5563838407309896,-0.7294431658020275
15695,267,4,1131.04,2,3,3,233,8,Need Attention,2,-0.23709574498522323,0.7073933954730831
15696,33,13,3906.57,4,5,5,455,14,Champions (Top Tier),0,1.755002889629537,0.31636141515939303
15697,690,1,246.75,1,1,1,111,3,Hibernating / Churned,1,-1.9033687049688695,0.43959707041366625
15698,624,1,46.2,1,1,1,111,3,Hibernating / Churned,1,-2.5923156674134327,-0.11209800775458834
15699,18,1,309.65,5,1,2,512,8,New / Promising,3,-0.6426328273813486,-1.4748229767622725
15700,172,2,696.68,3,2,3,323,8,Need Attention,1,-0.6957412229010782,0.1341087323420391
15701,2,4,1542.14,5,3,4,534,12,Loyal Customers,3,1.3506478230758594,-1.677689549088699
15702,476,2,140.39,1,2,1,121,4,Hibernating / Churned,1,-1.718298442815659,0.21568704588751622
15703,265,1,211.5,2,1,1,211,4,Hibernating / Churned,1,-1.6613916324158067,-0.13289053993170025
15704,140,6,3817.96,3,4,5,345,12,Loyal Customers,2,0.7563148477488196,0.840319262290441
15705,201,1,143.1,2,1,1,211,4,Hibernating / Churned,1,-1.7413853322078134,-0.4009726046601671
15706,64,4,1060.56,3,3,3,333,9,Loyal Customers,2,0.19309956199482978,-0.09319071535555114
15707,35,4,945.58,4,3,3,433,10,Loyal Customers,3,0.33432140196970317,-0.4534077251007328
15708,41,9,4378.72,4,5,5,455,14,Champions (Top Tier),0,1.4796627709688028,0.34389685362307065
15709,284,2,327.85,2,2,2,222,6,Hibernating / Churned,1,-1.184462362371924,0.18429046539387903
15710,417,1,898.87,1,1,3,113,5,Need Attention,1,-1.1795849250702903,0.5484566726226714
15711,557,2,420.25,1,2,2,122,5,Hibernating / Churned,1,-1.2940195489392137,0.6289935067845969
15712,9,12,3472.41,5,5,5,555,15,Champions (Top Tier),0,2.0430344669353397,-0.421008598373711
15713,143,4,1010.79,3,3,3,333,9,Loyal Customers,2,-0.08505465213750014,0.33116131188291464
15714,12,5,784.81,5,4,3,543,12,Loyal Customers,3,0.7218200145708034,-1.0041957099632597
15715,556,5,658.02,1,4,3,143,8,At Risk (High Frequency),2,-0.5700507013453663,1.0156863459461467
15716,146,11,3056.81,3,5,5,355,13,Loyal Customers,2,1.0572179139974747,0.9940574688841836
15717,234,5,607.0,2,4,2,242,8,At Risk (High Frequency),2,-0.32600126594912915,0.5155790701394422
15718,540,1,293.79,1,1,2,112,4,Hibernating / Churned,1,-1.7485798757647215,0.35665805490387215
15719,33,31,10223.06,4,5,5,455,14,Champions (Top Tier),0,2.8040114290247375,0.9068750523476367
15720,24,2,741.92,4,2,3,423,9,New / Promising,3,-0.04276495089568212,-0.9140328169200762
15721,12,1,507.08,5,1,2,512,8,New / Promising,3,-0.3058368085164196,-1.536864510445848
15722,36,11,5258.1,4,5,5,455,14,Champions (Top Tier),0,1.7393285766378683,0.3954946477222329
15723,365,4,947.65,2,3,3,233,8,Need Attention,2,-0.41478911629166926,0.8263799038685216
15724,201,3,310.85,2,3,2,232,7,Need Attention,1,-0.8768106201677969,0.08384384404167905
15725,15,1,415.25,5,1,2,512,8,New / Promising,3,-0.4597320730268133,-1.482014317941465
15726,390,1,321.91,2,1,2,212,5,Hibernating / Churned,1,-1.603917222736601,0.20483324890425855
15727,17,15,9445.51,5,5,5,555,15,Champions (Top Tier),0,2.446622965544195,0.27869411901944113
15728,380,2,544.6,2,2,2,222,6,Hibernating / Churned,1,-1.0580693839225657,0.4959689376311909
15729,213,3,192.55,2,3,1,231,6,Need Attention,1,-1.1030140152096453,-0.027110838109063885
15730,66,5,1726.58,3,4,4,344,11,Loyal Customers,2,0.5342439535887565,0.13603717476558888
15731,554,1,125.3,1,1,1,111,3,Hibernating / Churned,1,-2.1256391840481537,0.11702250205983566
15732,212,10,1682.07,2,5,4,254,11,At Risk (High Frequency),2,0.6111162453290211,0.9880262034359166
15733,283,1,162.3,2,1,1,211,4,Hibernating / Churned,1,-1.79715500080863,-0.17560932089509595
15734,115,4,2263.3,3,3,4,334,10,Loyal Customers,2,0.33537370792667176,0.453038213106627
15735,421,1,327.68,1,1,2,112,4,Hibernating / Churned,1,-1.6208877360844844,0.25221786347993935
15736,435,2,1815.72,1,2,4,124,7,Cant Lose Them (High Spend),2,-0.5782927419219994,0.9304278532320952
15737,15,8,1205.12,5,4,3,543,12,Loyal Customers,3,1.150334861901643,-0.6130005694373937
15738,19,41,13372.97,5,5,5,555,15,Champions (Top Tier),0,3.2998901928573328,0.794132897413768
15739,66,1,449.12,3,1,2,312,6,Need Attention,3,-0.8888736941691615,-0.668703893261071
15740,49,1,154.88,4,1,1,411,6,New / Promising,1,-1.2556139643280808,-1.147564762628135
15741,458,2,208.62,1,2,1,121,4,Hibernating / Churned,1,-1.53452438771067,0.31234561915806647
15742,619,1,156.87,1,1,1,111,3,Hibernating / Churned,1,-2.064381977795054,0.24489649285880613
15743,16,4,784.46,5,3,3,533,11,Loyal Customers,3,0.49580501156599405,-0.9231011534202476
15744,78,1,34.8,3,1,1,311,5,Need Attention,1,-2.043656221860576,-1.335647540146625
15745,19,4,1094.59,5,3,3,533,11,Loyal Customers,3,0.5880358464780233,-0.733845744046974
15746,134,1,196.88,3,1,1,311,5,Need Attention,1,-1.4730522117546023,-0.5283090808918954
15747,13,9,2562.61,5,5,4,554,14,Champions (Top Tier),0,1.6019537846298022,-0.4223758313969305
15748,40,3,614.76,4,3,2,432,9,Loyal Customers,3,-0.06502826017058158,-0.592072442641135
15749,235,3,44534.3,2,3,5,235,10,Need Attention,2,1.2316546297690518,1.6548606131136012
15750,3,18,6797.19,5,5,5,555,15,Champions (Top Tier),0,2.921006655714191,-0.5864752891311675
15751,461,11,1380.44,1,5,4,154,10,At Risk (High Frequency),2,0.341130539973636,1.387815378743785
15752,40,9,4207.54,4,5,5,455,14,Champions (Top Tier),0,1.4701093453627914,0.3186709194061492
15753,305,1,79.2,2,1,1,211,4,Hibernating / Churned,1,-2.130674016646739,-0.3473120282172158
15754,51,9,3037.61,4,5,5,455,14,Champions (Top Tier),0,1.2515198424425658,0.3522594763235807
15755,10,17,5993.12,5,5,5,555,15,Champions (Top Tier),0,2.4978217756769427,-0.08598689348174951
15756,61,4,532.96,3,3,2,332,8,Loyal Customers,3,-0.09061024420376645,-0.3249568717558002
15757,66,6,2940.36,3,4,4,344,11,Loyal Customers,2,0.8833567678617817,0.35175929307540416
15758,25,1,205.25,4,1,1,411,6,New / Promising,3,-0.9222869711750096,-1.4244274248249629
15759,218,7,830.93,2,4,3,243,9,At Risk (High Frequency),2,0.05265878029675382,0.6758553704589082
15760,631,2,13916.34,1,2,5,125,8,Cant Lose Them (High Spend),2,0.1875544013864476,1.7446942710951976
15761,443,1,143.05,1,1,1,111,3,Hibernating / Churned,1,-1.9962523867406674,0.03330938961611147
15762,65,2,583.75,3,2,2,322,7,Need Attention,3,-0.46090550391575,-0.450253553427725
15763,32,2,1086.92,4,2,3,423,9,New / Promising,3,0.03340580214271265,-0.6467206961297591
15764,88,8,4503.08,3,4,5,345,12,Loyal Customers,2,1.1686042464930146,0.7279167497705473
15765,667,1,370.63,1,1,2,112,4,Hibernating / Churned,1,-1.7159945762616107,0.5423045172795476
15766,64,3,831.06,3,3,3,333,9,Loyal Customers,3,-0.08308060352348492,-0.24778707865286043
15768,116,34,15601.09,3,5,5,355,13,Loyal Customers,0,2.656567296871781,1.747825346789862
15769,7,46,88704.32,5,5,5,555,15,Champions (Top Tier),0,4.505252004510409,0.8962803043058931
15770,613,1,321.45,1,1,2,112,4,Hibernating / Churned,1,-1.7504953809854102,0.45331915445902776
15771,604,3,1006.54,1,3,3,133,7,Need Attention,2,-0.7213290608404561,1.0399422966758234
15772,418,1,280.88,1,1,1,111,3,Hibernating / Churned,1,-1.6854137617002607,0.20230218737583275
15773,6,2,774.52,5,2,3,523,10,New / Promising,3,0.38763049082797035,-1.6032958374230997
15774,69,6,1329.94,3,4,4,344,11,Loyal Customers,2,0.5241576619308703,0.13854112966568735
15775,245,2,150.5,2,2,1,221,5,Hibernating / Churned,1,-1.4740809768338037,-0.12887457607187083
15776,133,1,241.62,3,1,1,311,5,Need Attention,1,-1.3819576962854245,-0.47139238028089836
15777,241,7,1762.61,2,4,4,244,10,At Risk (High Frequency),2,0.34728411915849733,0.955857733385815
15778,431,1,307.95,1,1,2,112,4,Hibernating / Churned,1,-1.6553976894039166,0.2466044626418959
15779,463,2,124.08,1,2,1,121,4,Hibernating / Churned,1,-1.7626916984963341,0.1637558518384858
15780,184,3,475.28,3,3,2,332,8,Loyal Customers,1,-0.6641179486193926,0.16212351939999625
15781,25,3,345.46,4,3,2,432,9,Loyal Customers,3,-0.16794014690887582,-1.015446430616509
15782,10,4,4014.1,5,3,5,535,13,Loyal Customers,3,1.3464922649012698,-0.6748070912688238
15783,11,1,246.3,5,1,1,511,7,New / Promising,3,-0.5932403353284618,-1.7965536577293877
15784,468,2,848.33,1,2,3,123,6,Need Attention,1,-0.9327176367725644,0.74306466923517
15785,33,16,5969.93,4,5,5,455,14,Champions (Top Tier),0,2.0875655674896616,0.5143485058419215
15786,46,5,8514.82,4,4,5,445,13,Champions (Top Tier),0,1.3429936982648762,0.41800307437164796
15787,26,3,948.05,4,3,3,433,10,Loyal Customers,3,0.2583061340255617,-0.6929803272097643
15788,509,1,221.83,1,1,1,111,3,Hibernating / Churned,1,-1.8512608353736413,0.24033779743689082
15789,358,6,1962.01,2,4,4,244,10,At Risk (High Frequency),2,0.16449159343383507,1.1565727310832885
15790,10,1,220.85,5,1,1,511,7,New / Promising,3,-0.6123513043646613,-1.8770550351432895
15791,44,5,3608.34,4,4,5,445,13,Champions (Top Tier),2,0.9835637053667702,0.13705888051932136
15792,400,2,933.84,2,2,3,223,7,Need Attention,1,-0.8403172694385445,0.6853829849031929
15793,15,8,2399.57,5,4,4,544,13,Champions (Top Tier),0,1.4498164054292262,-0.40696088724384644
15794,736,2,777.0,1,2,3,123,6,Need Attention,1,-1.1170691416718965,0.9661030834414771
15795,150,8,1979.87,3,4,4,344,11,Loyal Customers,2,0.640211720694325,0.7735983454351056
15796,1,17,5175.83,5,5,5,555,15,Champions (Top Tier),0,2.985400658078584,-1.0701400249004438
15797,113,6,2821.08,3,4,4,344,11,Loyal Customers,2,0.6934417703437923,0.6325250176127241
15798,493,3,1535.37,1,3,4,134,8,Need Attention,2,-0.4721976023972331,1.05444235363474
15799,76,4,1424.29,3,3,4,334,10,Loyal Customers,2,0.2665028126030618,0.08845205366124512
15800,107,7,1242.58,3,4,3,343,10,Loyal Customers,2,0.45621410164865417,0.40627215247916765
15801,46,3,1063.95,4,3,3,433,10,Loyal Customers,3,0.12916133112374986,-0.3527527534640045
15802,143,1,451.42,3,1,2,312,6,Need Attention,1,-1.1341156978652085,-0.24516725209562745
15803,51,4,1929.66,4,3,4,434,11,Loyal Customers,2,0.5255157773580267,-0.03722204213929652
15804,1,13,4206.39,5,5,5,555,15,Champions (Top Tier),0,2.7035025304617486,-1.2241996382603146
15805,23,30,10189.23,4,5,5,455,14,Champions (Top Tier),0,2.8910057250331933,0.7021492810275399
15806,46,3,784.58,4,3,3,433,10,Loyal Customers,3,-0.0032239936339263802,-0.44383225679122335
15807,50,5,1817.52,4,4,4,444,12,Champions (Top Tier),2,0.6448176044267275,0.0008912166860522572
15808,306,21,18409.93,2,5,5,255,12,At Risk (High Frequency),0,2.0624655471959565,2.159503620970619
15809,36,7,1274.44,4,4,4,444,12,Champions (Top Tier),2,0.8136787163053291,-0.1769950986141023
15810,79,8,2999.04,3,4,5,345,12,Loyal Customers,2,1.0262762654119288,0.5474729740914636
15811,22,7,3890.52,4,4,5,445,13,Champions (Top Tier),0,1.4528059792884616,-0.10529648254598861
15812,107,12,5201.47,3,5,5,355,13,Loyal Customers,0,1.4492091897170205,1.0123920494783192
15813,208,2,1303.91,2,2,4,224,8,Cant Lose Them (High Spend),2,-0.48445085651864805,0.4258069937350348
15814,17,6,2634.44,5,4,4,544,13,Champions (Top Tier),0,1.2606577557540197,-0.4060440520418492
15815,64,5,2100.6,3,4,4,344,11,Loyal Customers,2,0.6293161609694355,0.17798711527903013
15816,542,2,144.15,1,2,1,121,4,Hibernating / Churned,1,-1.7487924708429248,0.2950219881586616
15817,421,3,2766.4,1,3,4,134,8,Need Attention,2,-0.16519536659089784,1.1437161158285938
15818,588,1,340.5,1,1,2,112,4,Hibernating / Churned,1,-1.7120761503194448,0.4475738283105149
15819,49,10,3934.79,4,5,5,455,14,Champions (Top Tier),0,1.449465033402844,0.44295817636612633
15820,320,1,206.98,2,1,1,211,4,Hibernating / Churned,1,-1.731532578398159,-0.03566343189027479
15821,44,2,570.96,4,2,2,422,8,New / Promising,3,-0.3466584950057158,-0.6681174119984391
15822,3,6,1840.06,5,4,4,544,13,Champions (Top Tier),3,1.5910390650224724,-1.343013206474173
15823,372,3,3897.17,2,3,5,235,10,Need Attention,2,0.023790477930796368,1.1781945185682
15824,453,2,890.94,1,2,3,123,6,Need Attention,1,-0.900905664498517,0.7397891983726846
15825,172,1,532.94,3,1,2,312,6,Need Attention,1,-1.1213723796052586,-0.09437418949050905
15826,56,4,2598.28,4,3,4,434,11,Loyal Customers,2,0.6252110755360345,0.10243297291275315
15827,73,28,3794.07,3,5,5,355,13,Loyal Customers,0,2.046194454846724,1.0031293344931
15828,375,1,1108.82,2,1,3,213,6,Need Attention,1,-1.0540939638006814,0.552824448601332
15829,99,2,636.14,3,2,3,323,8,Need Attention,3,-0.557959673967816,-0.19538586604964062
15830,38,1,576.0,4,1,2,412,7,New / Promising,3,-0.6058093730663244,-0.8928345848479644
15831,58,3,801.76,4,3,3,433,10,Loyal Customers,3,-0.0673548563949063,-0.31193690590953305
15832,254,1,836.79,2,1,3,213,6,Need Attention,1,-1.0508447257843943,0.25446705975703127
15833,738,1,80.4,1,1,1,111,3,Hibernating / Churned,1,-2.409380447987577,0.14345245734098935
15834,70,7,3772.99,3,4,5,345,12,Loyal Customers,2,1.0749019060042726,0.5072354172882728
15835,44,4,954.09,4,3,3,433,10,Loyal Customers,3,0.26604528951826056,-0.3276512001045764
15836,50,1,137.37,4,1,1,411,6,New / Promising,1,-1.3138636418710814,-1.1723111339218777
15837,65,2,777.01,3,2,3,323,8,Need Attention,3,-0.3366591864027933,-0.3647735887108664
15838,11,34,74163.0,5,5,5,555,15,Champions (Top Tier),0,4.071367277932404,0.9584167902036508
15839,33,3,1048.49,4,3,3,433,10,Loyal Customers,3,0.22751960056774265,-0.5357186743680196
15840,59,2,355.56,4,2,2,422,8,New / Promising,3,-0.6453181732107647,-0.6509043917806521
15841,73,9,2742.41,3,5,4,354,12,Loyal Customers,2,1.0929413250702504,0.5162692950417274
15842,393,2,548.8,2,2,2,222,6,Hibernating / Churned,1,-1.0655842219629705,0.5167701967351368
15843,304,1,118.95,2,1,1,211,4,Hibernating / Churned,1,-1.9544632909805215,-0.22861497545624435
15844,46,1,130.74,4,1,1,411,6,New / Promising,1,-1.3088109408581392,-1.232059792902697
15845,18,11,4426.28,5,5,5,555,15,Champions (Top Tier),0,1.8799709860535894,-0.02364921924350708
15846,385,1,107.01,2,1,1,211,4,Hibernating / Churned,1,-2.0762595393557133,-0.13009503823678392
15847,38,5,822.57,4,4,3,443,11,Loyal Customers,3,0.38692166560777,-0.3841943019029804
15848,622,1,139.94,1,1,1,111,3,Hibernating / Churned,1,-2.115300420201423,0.2136017076082633
15850,19,6,1058.72,5,4,3,543,12,Loyal Customers,3,0.8301812968809955,-0.6206497962202195
15851,527,1,109.73,1,1,1,111,3,Hibernating / Churned,1,-2.166754007680187,0.05013150359198741
15852,187,3,257.26,3,3,1,331,7,Loyal Customers,1,-0.9356217159502476,-0.01221592677956503
15853,52,1,110.8,4,1,1,411,6,New / Promising,1,-1.4190775191043419,-1.2149212543525665
15854,4,21,5583.81,5,5,5,555,15,Champions (Top Tier),0,2.875107454133598,-0.46858927794052496
15855,137,6,1052.72,3,4,3,343,10,Loyal Customers,2,0.2030073085966902,0.44300296451383214
15856,4,52,34220.34,5,5,5,555,15,Champions (Top Tier),0,4.334473596532181,0.39590257868109685
15857,19,2,570.48,5,2,2,522,9,New / Promising,3,-0.08474820130838864,-1.115646450891297
15858,16,13,3960.37,5,5,5,555,15,Champions (Top Tier),0,1.9851341565466458,-0.06185840139831814
15859,432,1,438.46,1,1,2,112,4,Hibernating / Churned,1,-1.5028288397625362,0.35335975486126875
15860,41,17,2505.21,4,5,4,454,13,Champions (Top Tier),0,1.685089935887057,0.3919481736273152
15861,12,12,4401.79,5,5,5,555,15,Champions (Top Tier),0,2.0613431770700505,-0.20532301995618485
15862,8,13,2928.29,5,5,4,554,14,Champions (Top Tier),0,2.0595016131443997,-0.5029969835291915
15863,26,5,358.7,4,4,2,442,10,Loyal Customers,3,0.14542200700144367,-0.8349894116918798
15864,22,7,2180.76,4,4,4,444,12,Champions (Top Tier),0,1.201024826199877,-0.27851887265938413
15865,41,5,2248.92,4,4,4,444,12,Champions (Top Tier),2,0.8002341029861374,-0.042475271604524883
15866,101,1,230.53,3,1,1,311,5,Need Attention,1,-1.31406276160861,-0.6359007792330675
15867,5,31,9063.95,5,5,5,555,15,Champions (Top Tier),0,3.312670352171909,-0.08588367428214948
15868,583,1,94.53,1,1,1,111,3,Hibernating / Churned,1,-2.263601986565911,0.06153158114337794
15869,277,3,323.66,2,3,2,232,7,Need Attention,1,-0.9625820386731788,0.27203738383397696
15870,33,4,862.61,4,3,3,433,10,Loyal Customers,3,0.312893907901956,-0.5123944352819253
15871,437,1,33.1,1,1,1,111,3,Hibernating / Churned,1,-2.6187783030020104,-0.4055127006464809
15872,15,4,795.68,5,3,3,533,11,Loyal Customers,3,0.5215839001008358,-0.9522935450951647
15873,500,4,313.92,1,3,2,132,6,Need Attention,1,-0.9961351886935161,0.6694590504136958
15874,64,21,11284.76,3,5,5,355,13,Loyal Customers,0,2.351629564268671,1.1567253732193636
15875,646,1,111.72,1,1,1,111,3,Hibernating / Churned,1,-2.224740153005036,0.1675683252112866
15876,409,2,1449.14,2,2,4,224,8,Cant Lose Them (High Spend),2,-0.6564675632791005,0.8290505043095178
15877,2,2,493.28,5,2,2,522,9,New / Promising,3,0.4656833901825219,-2.205467796318942
15878,562,2,330.77,1,2,2,122,5,Hibernating / Churned,1,-1.4008009951851168,0.5624344195829972
15879,404,4,1157.3,2,3,3,233,8,Need Attention,2,-0.3606603408544794,0.9419977496624465
15880,369,1,686.56,2,1,3,213,6,Need Attention,1,-1.2572211864972453,0.4006235103800392
15881,312,5,501.39,2,4,2,242,8,At Risk (High Frequency),2,-0.5017179470601085,0.6165514648574248
15882,199,8,1495.98,2,4,4,244,10,At Risk (High Frequency),2,0.4274500731725717,0.8447648034721709
15883,2,2,396.48,5,2,2,522,9,New / Promising,3,0.3708490348076301,-2.2707126865793428
15884,432,2,249.7,1,2,1,121,4,Hibernating / Churned,1,-1.4377980190800395,0.3337540039908496
15885,93,15,1951.82,3,5,4,354,12,Loyal Customers,2,1.2261389197615191,0.718500908709065
15886,60,4,1052.87,3,3,3,333,9,Loyal Customers,2,0.21047802889047176,-0.13039862866462137
15887,407,3,1027.15,2,3,3,233,8,Need Attention,2,-0.5851013047205375,0.828710082368482
15888,81,3,429.16,3,3,2,332,8,Loyal Customers,3,-0.4452818902447372,-0.31713499744656404
15889,157,8,1806.28,3,4,4,344,11,Loyal Customers,2,0.5856507838690184,0.7711384044476395
15890,395,5,535.65,2,4,2,242,8,At Risk (High Frequency),2,-0.5490876149380246,0.7660324877059908
15891,227,1,524.52,2,1,2,212,5,Hibernating / Churned,1,-1.217571409857938,0.053128345265918205
15892,669,1,128.2,1,1,1,111,3,Hibernating / Churned,1,-2.1766657729401873,0.2276824268555527
15893,482,1,305.28,1,1,2,112,4,Hibernating / Churned,1,-1.6952656910113366,0.3055555236724615
15894,253,2,420.29,2,2,2,222,6,Hibernating / Churned,1,-1.0394342974676891,0.1949295742164073
15895,150,1,179.17,3,1,1,311,5,Need Attention,1,-1.550072906922887,-0.49459816270254486
15897,194,2,222.05,2,2,1,221,5,Hibernating / Churned,1,-1.2306358615951698,-0.1412294678840813
15898,1,25,5596.31,5,5,5,555,15,Champions (Top Tier),0,3.299845238632499,-0.9121628399309031
15899,369,1,112.5,2,1,1,211,4,Hibernating / Churned,1,-2.0409954556491607,-0.13860371352622083
15900,24,4,900.4,4,3,3,433,10,Loyal Customers,3,0.43097692494938566,-0.669170718601827
15901,17,7,703.22,5,4,3,543,12,Loyal Customers,3,0.7882888655514896,-0.7522191946361325
15902,380,1,145.01,2,1,1,211,4,Hibernating / Churned,1,-1.9408798345384344,-0.04704781260857866
15903,10,12,8939.84,5,5,5,555,15,Champions (Top Tier),0,2.4235970658322277,-0.08540897926650566
15904,8,1,164.68,5,1,1,511,7,New / Promising,3,-0.6744751554610775,-2.0751295011201503
15905,543,1,114.69,1,1,1,111,3,Hibernating / Churned,1,-2.1573431948276087,0.07971443754377402
15906,20,10,2555.64,4,5,4,454,13,Champions (Top Tier),0,1.5423250372872903,-0.1646650680111587
15907,4,3,967.45,5,3,3,533,11,Loyal Customers,3,0.8125352405443432,-1.6170753152532136
15908,491,2,764.57,1,2,3,123,6,Need Attention,1,-0.9933776272673651,0.7383908649583637
15909,174,1,191.94,3,1,1,311,5,Need Attention,1,-1.5679848887056151,-0.39274069515029325
15910,1,15,2681.8,5,5,4,554,14,Champions (Top Tier),0,2.609558640807075,-1.3100229543995834
15911,624,8,1702.34,1,4,4,144,9,At Risk (High Frequency),2,0.11511783422742913,1.5118906750710153
15912,178,9,1074.7,3,5,3,353,11,Loyal Customers,2,0.3998946672687923,0.7232173417922783
15913,534,1,6.3,1,1,1,111,3,Hibernating / Churned,1,-3.3541593411853245,-0.7565940983008299
15914,378,2,205.99,2,2,1,221,5,Hibernating / Churned,1,-1.4780774370204803,0.2029343895033384
15915,402,1,429.21,2,1,2,212,5,Hibernating / Churned,1,-1.488862590983187,0.30738893531206535
15916,16,13,3427.17,5,5,5,555,15,Champions (Top Tier),0,1.922233966941506,-0.10513297158886223
15917,248,5,560.63,2,4,2,242,8,At Risk (High Frequency),2,-0.3792346182000471,0.5237488146658753
15918,191,3,582.88,2,3,2,232,7,Need Attention,2,-0.5875035366502762,0.24358207377008712
15919,20,2,910.61,4,2,3,423,9,New / Promising,3,0.10265822428309083,-0.9489458881023544
15920,154,9,571.64,3,5,2,352,10,Loyal Customers,2,0.1721349190621404,0.4550851333316115
15921,173,4,802.11,3,3,3,333,9,Loyal Customers,2,-0.24676286304559225,0.36639536606538914
15922,373,1,739.0,2,1,3,213,6,Need Attention,1,-1.228718244134613,0.4285566488695253
15923,373,1,254.16,2,1,1,211,4,Hibernating / Churned,1,-1.692000083972682,0.1098243426247968
15924,731,1,102.82,1,1,1,111,3,Hibernating / Churned,1,-2.300448536646752,0.21102911654898046
15925,194,1,207.15,2,1,1,211,4,Hibernating / Churned,1,-1.5699683107090845,-0.3103399219639564
15926,542,1,134.44,1,1,1,111,3,Hibernating / Churned,1,-2.0881692852849842,0.12588101126925477
15927,647,1,123.39,1,1,1,111,3,Hibernating / Churned,1,-2.182375343385407,0.19791028379921147
15928,656,1,293.53,1,1,2,112,4,Hibernating / Churned,1,-1.8117939912589116,0.46354282968735255
15929,644,1,594.0,1,1,2,112,4,Hibernating / Churned,1,-1.4998748848706067,0.6638703519812323
15930,67,1,426.63,3,1,2,312,6,Need Attention,1,-0.9159669470012072,-0.6758757481193854
15931,428,1,239.9,1,1,1,111,3,Hibernating / Churned,1,-1.761396829277381,0.16828406849259245
15932,4,8,2495.87,5,4,4,544,13,Champions (Top Tier),0,1.8431225843792463,-1.0367360181084042
15933,21,3,1107.46,4,3,3,433,10,Loyal Customers,3,0.3920986256711551,-0.7594587804332117
15934,418,2,2190.66,1,2,4,124,7,Cant Lose Them (High Spend),2,-0.4837924704380683,0.9646569425987912
15935,239,2,416.86,2,2,2,222,6,Hibernating / Churned,1,-1.0246545460270409,0.16121146198221936
15936,379,2,282.79,2,2,1,221,5,Hibernating / Churned,1,-1.3416262719368588,0.2988508642144999
15937,64,1,145.35,3,1,1,311,5,Need Attention,1,-1.3679180700556486,-1.0217392228416353
15938,112,9,734.81,3,5,3,353,11,Loyal Customers,2,0.38343661779074195,0.355821830521256
15939,90,16,9060.39,3,5,5,355,13,Loyal Customers,0,1.9506442004306812,1.1822235183420653
15940,311,1,35.8,2,1,1,211,4,Hibernating / Churned,1,-2.4759120723234727,-0.569800598520462
15941,637,1,405.0,1,1,2,112,4,Hibernating / Churned,1,-1.6626462674713192,0.5434388846033581
15942,134,1,337.44,3,1,2,312,6,Need Attention,1,-1.2395375810913236,-0.3676538374245325
15943,650,2,271.29,1,2,1,121,4,Hibernating / Churned,1,-1.5337376042605446,0.5833944457173335
15944,277,4,2164.24,2,3,4,234,9,Need Attention,2,0.033225557638219196,0.9217287215723724
15945,365,4,827.27,2,4,3,243,9,At Risk (High Frequency),2,-0.473833146413975,0.7857583247937976
15946,503,3,2304.18,1,3,4,134,8,Need Attention,2,-0.30214152485436974,1.1869519076938035
15947,83,1,1708.24,3,1,4,314,8,Need Attention,3,-0.3814522073550302,-0.14456715094303094
15948,8,3,1509.09,5,3,4,534,12,Loyal Customers,3,0.8157155435242328,-1.1598968150532845
15949,17,2,364.72,5,2,2,522,9,New / Promising,3,-0.24488589895711263,-1.307376107804323
15950,32,10,7180.71,4,5,5,455,14,Champions (Top Tier),0,1.8455366142560157,0.39381085347562156
15951,9,3,1013.17,5,3,3,533,11,Loyal Customers,3,0.6084246264446012,-1.2209536040618354
15952,34,4,806.57,4,4,3,443,11,Loyal Customers,3,0.2743267505043168,-0.5164896691146997
15953,15,18,3669.55,5,5,5,555,15,Champions (Top Tier),0,2.2044820453186924,-0.006340867318631362
15954,589,1,190.75,1,1,1,111,3,Hibernating / Churned,1,-1.9637477656449625,0.27573990213126265
15955,24,22,8658.36,4,5,5,455,14,Champions (Top Tier),0,2.579310401989731,0.5666759144622772
15956,551,2,617.6,1,2,2,122,5,Hibernating / Churned,1,-1.1233416985719509,0.7380493537057929
15957,32,3,930.1,4,3,3,433,10,Loyal Customers,3,0.1850958547500281,-0.5880141071813169
15958,74,4,492.99,3,4,2,342,9,Loyal Customers,3,-0.18602912231821883,-0.2432559972146896
15959,682,3,579.49,1,3,2,132,6,Need Attention,1,-1.000464037709489,0.9417699987216677
15960,374,4,410.95,2,4,2,242,8,At Risk (High Frequency),1,-0.7855833531549188,0.5900822970721769
15961,379,1,451.29,2,1,2,212,5,Hibernating / Churned,1,-1.4480793479702996,0.2899586040632068
15962,449,1,295.83,1,1,2,112,4,Hibernating / Churned,1,-1.6860134009378045,0.2571404757473097
15963,20,2,470.76,4,2,2,422,8,New / Promising,3,-0.18396348236382778,-1.1461381579554182
15964,663,1,272.96,1,1,1,111,3,Hibernating / Churned,1,-1.8467227386052876,0.44771601341652983
15965,17,13,3013.09,5,5,5,555,15,Champions (Top Tier),0,1.8477370369780144,-0.11214110572826849
15966,451,1,426.53,1,1,2,112,4,Hibernating / Churned,1,-1.5286932313279769,0.3688075581129146
15967,23,12,3041.6,4,5,5,455,14,Champions (Top Tier),0,1.7022669760609672,0.022225245862704815
15968,388,1,418.05,2,1,2,212,5,Hibernating / Churned,1,-1.4888631131772514,0.2800194656904773
15969,3,5,1127.05,5,4,3,543,12,Loyal Customers,3,1.2603309455475202,-1.5460731172155446
15970,304,2,1017.32,2,2,3,223,7,Need Attention,2,-0.7145956756199763,0.5600527884732764
15971,18,18,5902.83,5,5,5,555,15,Champions (Top Tier),0,2.355689047047835,0.2307125717749183
15972,456,5,1810.27,1,4,4,144,9,At Risk (High Frequency),2,-0.06614686607397101,1.2091908608228665
15973,367,3,988.44,2,3,3,233,8,Need Attention,2,-0.5684269918966802,0.7603095533258644
15974,39,7,3442.15,4,4,5,445,13,Champions (Top Tier),0,1.2205645160565672,0.16328543124483502
15975,84,1,371.01,3,1,2,312,6,Need Attention,1,-1.0487637330945958,-0.5945086667447381
15976,165,6,1746.64,3,4,4,344,11,Loyal Customers,2,0.3633962565395328,0.6963465245705606
15977,17,2,1054.73,5,2,3,523,10,New / Promising,3,0.21637720708642796,-0.9900326660103336
15978,77,3,3279.42,3,3,5,335,11,Loyal Customers,2,0.45483825231072306,0.2634250050103461
15979,603,1,329.22,1,1,2,112,4,Hibernating / Churned,1,-1.7348242118967483,0.4513898658381633
15980,89,7,6593.68,3,4,5,345,12,Loyal Customers,2,1.241053262067039,0.8051015961748899
15981,25,21,9362.77,4,5,5,455,14,Champions (Top Tier),0,2.566750108091753,0.5954486954759507
15982,605,1,324.51,1,1,2,112,4,Hibernating / Churned,1,-1.7421440662876346,0.44891281978348024
15983,22,8,3958.82,4,4,5,445,13,Champions (Top Tier),0,1.5502100674840693,-0.05697548284618674
15984,3,30,8759.32,5,5,5,555,15,Champions (Top Tier),0,3.404720092313401,-0.33137621439350107
15985,123,7,2715.28,3,4,4,344,11,Loyal Customers,2,0.7514665695350637,0.7163408939658346
15986,30,2,354.42,4,2,2,422,8,New / Promising,3,-0.43313504881364584,-1.016090557711457
15987,12,8,1682.13,5,4,4,544,13,Champions (Top Tier),0,1.3624879014459008,-0.6277701168646452
15988,19,3,770.09,5,3,3,533,11,Loyal Customers,3,0.2650153685985916,-0.9206676761023866
15989,376,2,372.51,2,2,2,222,6,Hibernating / Churned,1,-1.219535051816664,0.37671278536820374
15990,44,7,2010.05,4,4,4,444,12,Champions (Top Tier),2,0.9485017002757911,0.06728231099357984
15991,534,1,150.55,1,1,1,111,3,Hibernating / Churned,1,-2.034468760880795,0.15133707020111029
15992,4,3,896.6,5,3,3,533,11,Loyal Customers,3,0.7794793249424543,-1.63981738564929
15993,9,7,2797.57,5,4,4,544,13,Champions (Top Tier),0,1.5787398934051324,-0.6633889316325209
15994,55,3,1202.18,4,3,3,433,10,Loyal Customers,3,0.1255961112239655,-0.21958461727476403
15995,414,1,696.19,1,1,3,113,5,Need Attention,1,-1.2882907107652228,0.46809281741781233
15996,88,7,1686.9,3,4,4,344,11,Loyal Customers,2,0.6517157989445997,0.3909955810314278
15998,37,16,8308.34,4,5,5,455,14,Champions (Top Tier),0,2.1953846661491228,0.6746236366371788
15999,736,1,20.4,1,1,1,111,3,Hibernating / Churned,1,-2.9897970584874107,-0.25796491867562577
16000,3,3,12393.7,5,3,5,535,13,Loyal Customers,0,1.993929968699773,-0.9770196866124389
16001,381,1,583.39,2,1,2,212,5,Hibernating / Churned,1,-1.3382837134020935,0.36956006451391793
16002,625,1,169.21,1,1,1,111,3,Hibernating / Churned,1,-2.0347504127307885,0.27273767727935494
16003,30,10,5613.83,4,5,5,455,14,Champions (Top Tier),0,1.758666624030272,0.2856499550962971
16004,475,5,2146.39,1,4,4,144,9,At Risk (High Frequency),2,-0.005255778640166926,1.282614689969657
16005,12,10,2436.22,5,5,4,554,14,Champions (Top Tier),0,1.6766176459306439,-0.44349852306103044
16006,211,2,347.17,2,2,2,222,6,Hibernating / Churned,1,-1.0639200288906125,0.03817133005398163
16007,48,7,3075.14,4,4,5,445,13,Champions (Top Tier),2,1.1058870814448223,0.24148001300659813
16008,24,15,5384.13,4,5,5,455,14,Champions (Top Tier),0,2.095845782725404,0.2916501785901331
16009,22,4,992.71,4,4,3,443,11,Loyal Customers,3,0.5003657744403269,-0.6859755807564696
16010,246,11,1724.06,2,5,4,254,11,At Risk (High Frequency),2,0.6403042322834734,1.1089361499331276
16011,8,29,5880.46,5,5,5,555,15,Champions (Top Tier),0,2.9440778607856717,-0.015368694273611878
16012,35,5,2989.79,4,4,5,445,13,Champions (Top Tier),2,0.9739398532627888,-0.04229187853490096
16013,4,84,57446.44,5,5,5,555,15,Champions (Top Tier),0,4.920138233137869,0.7238706739378064
16014,38,5,1130.27,4,4,3,443,11,Loyal Customers,3,0.5250446272418768,-0.2891673737540617
16015,4,3,705.39,5,3,3,533,11,Loyal Customers,3,0.6752469242006868,-1.711528017530437
16016,3,11,2533.94,5,5,4,554,14,Champions (Top Tier),0,2.141293742082415,-1.0499818644596224
16017,47,5,1553.83,4,4,4,444,12,Champions (Top Tier),2,0.5962630592322732,-0.07944167894626006
16018,39,4,698.13,4,4,3,443,11,Loyal Customers,3,0.16840020888459833,-0.4860026440258539
16019,47,27,17465.85,4,5,5,455,14,Champions (Top Tier),0,2.823661144625247,1.2085169969655571
16020,17,3,851.01,5,3,3,533,11,Loyal Customers,3,0.34251213489888876,-0.9489076940427834
16021,395,2,532.25,2,2,2,222,6,Hibernating / Churned,1,-1.0805204592816862,0.510413617382459
16022,260,1,628.28,2,1,3,213,6,Need Attention,1,-1.1828897179869657,0.18162423800086996
16023,46,3,719.81,4,3,3,433,10,Loyal Customers,3,-0.04066332752389261,-0.46959006598829084
16024,12,3,484.2,5,3,2,532,10,Loyal Customers,3,0.20278197485679011,-1.2969414383225255
16025,30,1,439.66,4,1,2,412,7,New / Promising,3,-0.6488497195988262,-1.1001534744362331
16026,43,1,236.09,4,1,1,411,6,New / Promising,3,-1.0318067613301556,-1.0925406263664257
16027,92,15,2048.36,3,5,4,354,12,Loyal Customers,2,1.2505931877742302,0.7270462022031029
16028,596,1,82.2,1,1,1,111,3,Hibernating / Churned,1,-2.330850988224296,0.03230719939386008
16029,39,107,122209.14,4,5,5,455,14,Champions (Top Tier),0,4.75869456606208,2.184436626150133
16030,310,1,331.24,2,1,2,212,5,Hibernating / Churned,1,-1.5174868619961863,0.0870993704270101
16031,92,2,548.94,3,2,2,322,7,Need Attention,3,-0.5985272673398457,-0.27947098068596204
16032,456,6,1970.45,1,4,4,144,9,At Risk (High Frequency),2,0.08829599647331789,1.2909824052690886
16033,6,27,10836.13,5,5,5,555,15,Champions (Top Tier),0,3.238662447461787,0.003714900908323722
16034,196,6,928.72,2,4,3,243,9,At Risk (High Frequency),2,0.03340945968072645,0.6018534382266335
16035,560,1,217.73,1,1,1,111,3,Hibernating / Churned,1,-1.8901669422785126,0.2873480169586996
16036,87,4,2556.84,3,4,4,344,11,Loyal Customers,2,0.47775929792348426,0.3371571675783757
16037,270,5,1509.34,2,4,4,244,10,At Risk (High Frequency),2,0.023808210527822685,0.8665751167492914
16038,8,3,471.78,5,3,2,532,10,Loyal Customers,3,0.31043087786039186,-1.5075265577892065
16039,424,2,456.4,1,2,2,122,5,Hibernating / Churned,1,-1.1701375712682465,0.5034657885657985
16040,65,7,2416.9,3,4,4,344,11,Loyal Customers,2,0.9047969474816127,0.3336783891465937
16041,31,3,3166.4,4,3,5,435,12,Loyal Customers,3,0.7277467627274267,-0.23849638831861114
16042,22,8,2265.12,4,4,4,444,12,Champions (Top Tier),0,1.307365306061048,-0.2240497435054539
16043,38,8,1856.59,4,4,4,444,12,Champions (Top Tier),2,1.0500806714598612,0.007704909207657607
16044,435,1,340.84,1,1,2,112,4,Hibernating / Churned,1,-1.6143619445303248,0.28197093401911777
16045,120,8,3434.93,3,4,5,345,12,Loyal Customers,2,0.9514816036835245,0.8162991176223097
16046,562,1,235.78,1,1,1,111,3,Hibernating / Churned,1,-1.8568170141617295,0.31304707976073054
16047,682,1,107.14,1,1,1,111,3,Hibernating / Churned,1,-2.2603014092755593,0.18501761770009387
16048,373,4,1075.23,2,4,3,243,9,At Risk (High Frequency),2,-0.3668810558956347,0.8760774618205822
16049,40,6,1899.68,4,4,4,444,12,Champions (Top Tier),2,0.8522047513798937,-0.04983666481133887
16050,174,3,300.7,3,3,2,332,8,Loyal Customers,1,-0.8448022054798664,-0.005200253304974643
16051,682,1,188.44,1,1,1,111,3,Hibernating / Churned,1,-2.016361830378495,0.35284509954873633
16052,54,1,362.06,4,1,2,412,7,New / Promising,3,-0.9185666652805969,-0.8419031438595119
16053,33,6,3634.84,4,4,5,445,13,Champions (Top Tier),0,1.194975062464371,0.04106954227458599
16054,145,4,2111.88,3,4,4,344,11,Loyal Customers,2,0.23086529055203808,0.5591874687562858
16055,221,1,134.8,2,1,1,211,4,Hibernating / Churned,1,-1.7977321194224465,-0.3666584125919251
16056,45,1,664.85,4,1,3,413,8,New / Promising,3,-0.5968837554779663,-0.7589098927552733
16057,16,10,3854.85,5,5,5,555,15,Champions (Top Tier),0,1.789451286691117,-0.1582141122069822
16058,406,1,62.7,2,1,1,211,4,Hibernating / Churned,1,-2.3231456483862476,-0.2589424850306775
16059,66,12,3217.77,3,5,5,355,13,Loyal Customers,0,1.3947163951319976,0.6053287589130493
16060,401,3,541.95,2,3,2,232,7,Need Attention,1,-0.8581237083208655,0.629405993019107
16061,431,1,89.65,1,1,1,111,3,Hibernating / Churned,1,-2.188911578736837,-0.12044664477926632
16062,10,8,2863.45,5,5,4,554,14,Champions (Top Tier),0,1.6478718780076074,-0.5607416466627917
16063,260,1,335.32,2,1,2,212,5,Hibernating / Churned,1,-1.45548858050655,-0.005920484582959533
16064,725,1,111.0,1,1,1,111,3,Hibernating / Churned,1,-2.2647881353546837,0.22919202461650193
16065,365,8,2382.62,2,5,4,254,11,At Risk (High Frequency),2,0.43439674004621137,1.3173294226301033
16066,17,5,1521.87,5,4,4,544,13,Champions (Top Tier),3,0.9044514446400208,-0.6266464104410524
16067,563,3,3395.29,1,3,5,135,9,Need Attention,2,-0.16990587194964868,1.3649947432098992
16068,594,1,122.93,1,1,1,111,3,Hibernating / Churned,1,-2.1563896859177163,0.14973689985919175
16069,418,1,457.7,1,1,2,112,4,Hibernating / Churned,1,-1.4735547650774394,0.3480586163692256
16070,22,2,852.15,4,2,3,423,9,New / Promising,3,0.04439823609848559,-0.9186091497061694
16071,45,4,1076.8,4,4,3,443,11,Loyal Customers,3,0.3115285650176153,-0.2793459517528576
16072,288,4,4328.89,2,4,5,245,11,At Risk (High Frequency),2,0.3222071701683441,1.150582971979352
16073,297,1,122.4,2,1,1,211,4,Hibernating / Churned,1,-1.9346160187328134,-0.23293297128706283
16074,390,1,265.25,2,1,1,211,4,Hibernating / Churned,1,-1.6878654274731364,0.1470778987050516
16075,503,2,736.93,1,2,3,123,6,Need Attention,1,-1.0171709264462285,0.740674655576248
16076,3,10,2234.73,5,5,4,554,14,Champions (Top Tier),0,2.020279555653142,-1.1194297018481387
16077,626,1,2300.4,1,1,4,114,6,Cant Lose Them (High Spend),2,-0.9021495512200471,1.0531889342027991
16078,284,2,362.99,2,2,2,222,6,Hibernating / Churned,1,-1.1402884966161388,0.21468155111614196
16079,17,3,1352.0,5,3,4,534,12,Loyal Customers,3,0.5437399615842484,-0.8104653814702523
16080,82,4,602.56,3,4,2,342,9,Loyal Customers,2,-0.131644505544308,-0.1273856876760664
16081,56,8,4460.18,4,5,5,455,14,Champions (Top Tier),0,1.308553773953921,0.47928440352733487
16082,670,1,106.75,1,1,1,111,3,Hibernating / Churned,1,-2.2561404705062658,0.17415926880769936
16083,101,4,2351.42,3,4,4,344,11,Loyal Customers,2,0.3935836918026494,0.3935265850858326
16084,299,1,436.18,2,1,2,212,5,Hibernating / Churned,1,-1.3864093953987033,0.14940433266619021
16085,23,12,2343.53,4,5,4,454,13,Champions (Top Tier),0,1.588866737848899,-0.05579274738880632
16086,59,10,2864.99,4,5,4,454,13,Champions (Top Tier),0,1.252483319259777,0.4485675504318766
16087,389,5,1739.92,2,4,4,244,10,At Risk (High Frequency),2,-0.0321085304502864,1.1098896930273223
16088,576,2,1437.43,1,2,4,124,7,Cant Lose Them (High Spend),2,-0.7705050447642405,1.0150837198060811
16089,386,2,271.44,2,2,1,221,5,Hibernating / Churned,1,-1.3652891892755472,0.29670058022874984
16090,624,1,205.91,1,1,1,111,3,Hibernating / Churned,1,-1.9492787356456192,0.3303036290860182
16091,155,2,315.06,3,2,2,322,7,Need Attention,1,-1.0068158165732588,-0.1599736472897251
16092,115,6,1587.94,3,4,4,344,11,Loyal Customers,2,0.43788960346002004,0.47017071484821715
16093,107,1,17.0,3,1,1,311,5,Need Attention,1,-2.4439536564519475,-1.3690072049448325
16094,12,11,3695.56,5,5,5,555,15,Champions (Top Tier),0,1.9242222628238592,-0.28695799957804474
16095,456,1,447.05,1,1,2,112,4,Hibernating / Churned,1,-1.5118534333246658,0.388908889211413
16096,264,4,1584.97,2,4,4,244,10,At Risk (High Frequency),2,-0.08674850413609728,0.8021166071298356
16097,240,1,185.05,2,1,1,211,4,Hibernating / Churned,1,-1.6873066900893112,-0.22712042597957924
16098,88,14,4448.1,3,5,5,355,13,Loyal Customers,0,1.5528700698120823,0.9112204054240578
16099,50,7,1573.2,4,4,4,444,12,Champions (Top Tier),2,0.8014593383639593,0.06300450253982721
16100,463,1,582.64,1,1,2,112,4,Hibernating / Churned,1,-1.401737099397377,0.4764344227465502
16101,71,4,3229.16,3,4,5,345,12,Loyal Customers,2,0.6442010842334206,0.2963330975252721
16102,42,3,1842.14,4,3,4,434,11,Loyal Customers,3,0.3966027848201632,-0.23760821955925515
16103,7,22,6191.71,5,5,5,555,15,Champions (Top Tier),0,2.801955922957639,-0.16215333508549837
16104,62,9,2778.61,3,5,4,354,12,Loyal Customers,2,1.1506940957665484,0.43143045889885995
16105,249,5,2386.19,2,4,4,244,10,At Risk (High Frequency),2,0.24907821832123786,0.9591229578848517
16106,66,1,108.38,3,1,1,311,5,Need Attention,1,-1.504410324546024,-1.0921856551335012
16107,18,7,3204.16,5,4,5,545,14,Champions (Top Tier),0,1.4301713643615344,-0.2687597528699318
16108,85,4,2235.92,3,4,4,344,11,Loyal Customers,2,0.4268631508238545,0.2843456407004514
16109,219,3,939.48,2,3,3,233,8,Need Attention,2,-0.42411996378785677,0.461364400547262
16110,45,4,1819.27,4,4,4,444,12,Champions (Top Tier),2,0.5395508154498234,-0.12246939949953828
16111,428,1,562.48,1,1,2,112,4,Hibernating / Churned,1,-1.3916666196155685,0.4226539839096241
16112,143,4,195.74,3,4,1,341,8,Loyal Customers,1,-0.7975792159233451,-0.1590469759076479
16113,183,1,161.38,3,1,1,311,5,Need Attention,1,-1.6592340681837672,-0.4166993742293254
16114,171,1,135.75,3,1,1,311,5,Need Attention,1,-1.7121662206502761,-0.505320610574066
16115,10,12,2575.14,5,5,4,554,14,Champions (Top Tier),0,1.8821799884051402,-0.45789738457273055
16116,212,1,612.78,2,1,2,212,5,Hibernating / Churned,1,-1.1280119045551704,0.06206577257030007
16117,190,3,654.4,2,3,3,233,8,Need Attention,2,-0.5355381648089437,0.27529144941538175
16118,653,1,4376.25,1,1,5,115,7,Cant Lose Them (High Spend),2,-0.6360552867779133,1.2688941676799201
16119,8,8,1720.81,5,5,4,554,14,Champions (Top Tier),0,1.4913054851029601,-0.8237914399019368
16120,59,6,3056.91,4,4,5,445,13,Champions (Top Tier),2,0.9359541577587412,0.3025280779352985
16121,57,5,1477.09,4,4,4,444,12,Champions (Top Tier),2,0.5130343074224138,0.009785294535536651
16122,73,6,1001.34,3,4,3,343,10,Loyal Customers,2,0.38281179076530625,0.08431206658089319
16123,52,1,307.78,4,1,2,412,7,New / Promising,3,-0.9770470199919634,-0.9108096136678335
16124,317,4,1772.49,2,4,4,244,10,At Risk (High Frequency),2,-0.09709164067446853,0.9361310667369774
16125,367,14,4587.65,2,5,5,255,12,At Risk (High Frequency),2,1.1072224947510005,1.7033772217603977
16126,29,15,14646.8,4,5,5,455,14,Champions (Top Tier),0,2.472265301014534,0.6917526700216851
16127,39,2,801.31,4,2,3,423,9,New / Promising,3,-0.16131369047657723,-0.6317752353508697
16128,18,11,3801.05,5,5,5,555,15,Champions (Top Tier),0,1.8137284650513659,-0.06922327303737781
16129,407,3,1396.05,2,3,4,234,9,Need Attention,2,-0.45169741302406546,0.9204903474384457
16130,422,4,987.48,1,4,3,143,8,At Risk (High Frequency),2,-0.4437061653085166,0.9185239292635248
16131,52,12,9957.42,4,5,5,455,14,Champions (Top Tier),0,1.9619431827312204,0.8141303948945157
16132,544,2,664.2,1,2,3,123,6,Need Attention,1,-1.0876128877186972,0.7527514140681515
16133,4,56,22992.26,5,5,5,555,15,Champions (Top Tier),0,4.2169489307205215,0.3035003247047773
16134,22,5,2145.34,4,4,4,444,12,Champions (Top Tier),3,0.9744863023475586,-0.3887203051509073
16135,263,2,819.45,2,2,3,223,7,Need Attention,1,-0.7619123030490138,0.4157521002804225
16136,60,4,946.8,3,4,3,343,10,Loyal Customers,2,0.16432174015517256,-0.16215359743577287
16137,680,1,422.7,1,1,2,112,4,Hibernating / Churned,1,-1.6651743809681585,0.5921878061016642
16138,379,3,910.35,2,3,3,233,8,Need Attention,2,-0.6145760518472434,0.7533982941660897
16139,19,5,1111.15,5,4,3,543,12,Loyal Customers,3,0.7336210304217521,-0.6626188141693458
16140,66,3,1557.6,3,3,4,334,10,Loyal Customers,2,0.1802064376442226,-0.04319018755753704
16141,88,2,955.94,3,2,3,323,8,Need Attention,2,-0.3432902494748257,-0.13790171680248592
16142,250,1,535.34,2,1,2,212,5,Hibernating / Churned,1,-1.2397875231672202,0.11223811670678206
16143,3,12,4910.83,5,5,5,555,15,Champions (Top Tier),0,2.4901543848412446,-0.8226725108626138
16144,247,1,175.2,2,1,1,211,4,Hibernating / Churned,1,-1.720234795448456,-0.2276114170909473
16145,9,19,6805.44,5,5,5,555,15,Champions (Top Tier),0,2.664304173529874,-0.06194658359366479
16146,157,4,946.38,3,4,3,343,10,Loyal Customers,2,-0.1436821055180551,0.36264627831741203
16147,134,5,2398.91,3,4,4,344,11,Loyal Customers,2,0.45068086765254234,0.6208493533044164
16148,296,2,386.62,2,2,2,222,6,Hibernating / Churned,1,-1.1262598369855852,0.2562582093587212
16149,5,3,422.22,5,3,2,532,10,Loyal Customers,3,0.3933860374109962,-1.764314488333674
16150,43,10,4395.59,4,5,5,455,14,Champions (Top Tier),0,1.5389833768349062,0.40559320036010094
16152,269,1,1829.04,2,1,4,214,7,Cant Lose Them (High Spend),2,-0.7293727467390466,0.5198807490452609
16153,50,11,5133.49,4,5,5,455,14,Champions (Top Tier),0,1.625105257659665,0.5653167703372126
16155,382,5,796.9,2,4,3,243,9,At Risk (High Frequency),2,-0.36571321609416513,0.8663538632155735
16156,9,20,6218.18,5,5,5,555,15,Champions (Top Tier),0,2.662256715289554,-0.07109807161078971
16157,16,3,656.69,5,3,3,533,11,Loyal Customers,3,0.24836543279314624,-1.0579243404164715
16158,522,9,628.32,1,5,3,153,9,At Risk (High Frequency),2,-0.1801348568919519,1.1541230321735587
16159,282,4,1232.79,2,4,3,243,9,At Risk (High Frequency),2,-0.21726026623869255,0.7631959816856014
16160,65,2,1025.44,3,2,3,323,8,Need Attention,3,-0.2160862692293889,-0.28182087902821096
16161,2,43,12831.8,5,5,5,555,15,Champions (Top Tier),0,3.930976073224217,-0.24758186743693808
16162,252,1,37.4,2,1,1,211,4,Hibernating / Churned,1,-2.389599745673782,-0.6726753166553304
16163,232,6,2849.58,2,4,4,244,10,At Risk (High Frequency),2,0.466616263930274,1.029811013215995
16164,17,3,822.48,5,3,3,533,11,Loyal Customers,3,0.327692902599218,-0.959103146748854
16165,505,1,79.9,1,1,1,111,3,Hibernating / Churned,1,-2.2895602367559618,-0.06730199700917254
16166,428,2,435.83,1,2,2,122,5,Hibernating / Churned,1,-1.1931883278113193,0.494858480227029
16167,414,5,1386.12,1,4,4,144,9,At Risk (High Frequency),2,-0.15105239452172808,1.0761523607096755
16168,11,66,10636.47,5,5,5,555,15,Champions (Top Tier),0,3.7216979811961677,0.6147993898293852
16169,8,4,1822.97,5,4,4,544,13,Champions (Top Tier),3,1.0680763110733429,-1.0216879096600866
16170,51,20,6869.0,4,5,5,455,14,Champions (Top Tier),0,2.1723425533555396,0.868031006900616
16171,59,1,73.2,4,1,1,411,6,New / Promising,1,-1.6375693771829476,-1.26921505754841
16172,95,8,1884.55,3,5,4,354,12,Loyal Customers,2,0.7652435320472184,0.5090160211002859
16173,16,6,1418.32,5,4,4,544,13,Champions (Top Tier),3,1.009870002837063,-0.6228278480951076
16174,126,7,2246.75,3,4,4,344,11,Loyal Customers,2,0.6613549762481327,0.6728498537793779
16175,94,7,1836.44,3,4,4,344,11,Loyal Customers,2,0.667550577026297,0.4523907214878568
16176,421,4,2052.69,1,4,4,144,9,At Risk (High Frequency),2,-0.12478118897498472,1.1361083290895773
16177,50,8,2247.31,4,5,4,454,13,Champions (Top Tier),2,1.0463782315386578,0.21281390509319473
16178,138,2,612.6,3,2,2,322,7,Need Attention,1,-0.680844960223754,-0.025023924326922617
16179,61,1,215.83,3,1,1,311,5,Need Attention,1,-1.1815901175125298,-0.930125082448435
16180,100,13,16249.87,3,5,5,355,13,Loyal Customers,0,2.02299466335201,1.3435175322052588
16181,73,1,305.54,3,1,2,312,6,Need Attention,1,-1.0881657214041014,-0.7288927314147906
16182,72,9,9971.65,3,5,5,355,13,Loyal Customers,0,1.6589073367793248,0.8951152862382753
16183,67,4,1077.81,3,4,3,343,10,Loyal Customers,2,0.1855199359920607,-0.0634788417592314
16184,64,6,1158.79,3,4,3,343,10,Loyal Customers,2,0.488235432849589,0.05646200126097369
16185,17,3,644.72,5,3,3,533,11,Loyal Customers,3,0.22188705544657034,-1.0318962907428602
16186,23,26,9026.11,4,5,5,455,14,Champions (Top Tier),0,2.7329041996605725,0.6153014117183979
16187,32,15,6911.44,4,5,5,455,14,Champions (Top Tier),0,2.1146900556859967,0.5195223739767763
16188,45,5,1087.66,4,4,3,443,11,Loyal Customers,3,0.4549484971921167,-0.20960868892163778
16189,16,2,215.48,5,2,1,521,8,New / Promising,3,-0.4545552031254215,-1.4958709081062196
16190,40,8,2723.55,4,5,4,454,13,Champions (Top Tier),0,1.2005612807139878,0.14994552566505456
16191,3,24,15688.02,5,5,5,555,15,Champions (Top Tier),0,3.4942013776600382,-0.23567660215049602
16192,736,1,351.3,1,1,2,112,4,Hibernating / Churned,1,-1.7710286240067818,0.5805330333184928
16193,237,2,630.43,2,2,3,223,7,Need Attention,1,-0.8423191267067951,0.2801783804974712
16194,375,1,308.6,2,1,2,212,5,Hibernating / Churned,1,-1.6095799729613622,0.17065678830981498
16195,723,1,323.25,1,1,2,112,4,Hibernating / Churned,1,-1.801372663158823,0.545880889860978
16196,489,1,93.3,1,1,1,111,3,Hibernating / Churned,1,-2.21248080378794,-0.03914427209890462
16197,469,9,2016.71,1,5,4,154,10,At Risk (High Frequency),2,0.361353979864699,1.4439519317699714
16198,75,2,1030.04,3,2,3,323,8,Need Attention,3,-0.2597691307493715,-0.20266885721748684
16199,392,7,942.75,2,4,3,243,9,At Risk (High Frequency),2,-0.08158806145119694,1.0361256719976775
16200,4,12,5643.45,5,5,5,555,15,Champions (Top Tier),0,2.4784749948010076,-0.6579781249170154
16201,3,5,2112.12,5,4,4,544,13,Champions (Top Tier),3,1.533435325347217,-1.35818060485305
16202,361,9,2501.99,2,5,4,254,11,At Risk (High Frequency),2,0.5395716741587969,1.3644616938454976
16203,59,6,1114.54,4,4,3,443,11,Loyal Customers,2,0.4971975628237685,0.0006688437538154254
16204,23,3,944.24,4,3,3,433,10,Loyal Customers,3,0.2946499222348361,-0.7591490488547727
16205,31,7,1830.61,4,4,4,444,12,Champions (Top Tier),2,1.0181004986949385,-0.14873703069907582
16206,55,13,2602.32,4,5,4,454,13,Champions (Top Tier),0,1.4169080958641633,0.470012469350069
16207,25,1,394.38,4,1,2,412,7,New / Promising,3,-0.6391389591196279,-1.2296250148652579
16208,45,10,3440.45,4,5,5,455,14,Champions (Top Tier),0,1.4180335771572468,0.35679016245285294
16209,89,9,4146.78,3,5,5,355,13,Loyal Customers,2,1.2094924440317638,0.7479758823704048
16210,2,35,38489.51,5,5,5,555,15,Champions (Top Tier),0,4.2558455716869785,0.007770294494146677
16211,89,3,1090.59,3,3,3,333,9,Loyal Customers,2,-0.07020566648251939,0.012971805467301825
16212,19,4,1293.71,5,4,4,544,13,Champions (Top Tier),3,0.6606955947302348,-0.6838567154684235
16213,79,1,159.0,3,1,1,311,5,Need Attention,1,-1.3962744496226691,-0.8805197948511844
16214,171,4,2038.25,3,4,4,344,11,Loyal Customers,2,0.16242666152590338,0.6389638788982034
16215,81,1,242.35,3,1,1,311,5,Need Attention,1,-1.221809548250367,-0.741376137173978
16216,267,1,914.93,2,1,3,213,6,Need Attention,1,-1.0281271948611002,0.30858607470579136
16217,235,2,304.25,2,2,2,222,6,Hibernating / Churned,1,-1.155848249589754,0.05794182303262128
16218,30,13,4439.97,4,5,5,455,14,Champions (Top Tier),0,1.8405535355786657,0.3037154220110072
16219,501,1,40.8,1,1,1,111,3,Hibernating / Churned,1,-2.574300610704476,-0.2693434109540649
16221,37,9,2235.51,4,5,4,454,13,Champions (Top Tier),0,1.2196122835286236,0.08751323868652774
16222,318,2,1345.22,2,2,4,224,8,Cant Lose Them (High Spend),2,-0.6076528575756721,0.6683680830366506
16223,375,2,1102.35,2,2,3,223,7,Need Attention,2,-0.7473873297377577,0.699488736265638
16224,57,5,1616.54,4,4,4,444,12,Champions (Top Tier),2,0.5522615057885709,0.036773132882783006
16225,45,15,2867.41,4,5,4,454,13,Champions (Top Tier),0,1.624566661534512,0.43941963417727015
16226,203,5,672.17,2,4,3,243,9,At Risk (High Frequency),2,-0.2359440191558472,0.4680325585147935
16227,225,3,1027.22,2,3,3,233,8,Need Attention,2,-0.3940137714606547,0.5029054619744774
16228,385,3,890.81,2,3,3,233,8,Need Attention,2,-0.6290732963182883,0.7555511019213103
16229,87,6,2867.86,3,4,4,344,11,Loyal Customers,2,0.7843176059248257,0.4946683828918021
16230,190,2,542.03,2,2,2,222,6,Hibernating / Churned,1,-0.8367899762134836,0.11368817812748208
16231,379,4,1078.22,2,4,3,243,9,At Risk (High Frequency),2,-0.3708213825722745,0.8856863079662898
16232,44,7,2712.97,4,4,4,444,12,Champions (Top Tier),2,1.0789267492864296,0.15701316830016615
16233,71,9,1965.71,3,5,4,354,12,Loyal Customers,2,0.9569827826699767,0.40152262224271773
16234,476,3,333.18,1,3,2,132,6,Need Attention,1,-1.124622939978786,0.5784742824338043
16235,41,9,2053.71,4,5,4,454,13,Champions (Top Tier),0,1.1503537267619828,0.11733621147924266
16236,78,1,432.2,3,1,2,312,6,Need Attention,1,-0.9588306614730028,-0.5893006665967833
16237,437,1,136.65,1,1,1,111,3,Hibernating / Churned,1,-2.0116258398658813,0.01220085550151464
16238,423,1,63.66,1,1,1,111,3,Hibernating / Churned,1,-2.329871923657671,-0.2318947561719789
16239,57,6,1492.2,4,4,4,444,12,Champions (Top Tier),2,0.6350312794078873,0.06925445844004306
16240,24,2,3718.8,4,2,5,425,11,New / Promising,3,0.6581177580010629,-0.4318339845812237
16241,10,16,4329.31,5,5,5,555,15,Champions (Top Tier),0,2.312756830378723,-0.20423845989219677
16242,8,14,7474.4,5,5,5,555,15,Champions (Top Tier),0,2.519754030642547,-0.19729785742522188
16243,34,2,409.1,4,2,2,422,8,New / Promising,3,-0.41012240418086066,-0.9063158285123417
16244,212,2,2579.38,2,2,4,224,8,Cant Lose Them (High Spend),2,-0.1939267977995819,0.6403588664911226
16245,24,3,1413.66,4,3,4,434,11,Loyal Customers,3,0.4568837207871981,-0.61593490373054
16246,460,2,827.25,1,2,3,123,6,Need Attention,1,-0.9380885716163321,0.7260517969559199
16247,170,1,114.56,3,1,1,311,5,Need Attention,1,-1.7835365697278922,-0.5589361130579803
16248,62,1,152.94,3,1,1,311,5,Need Attention,1,-1.3358104744112844,-1.0238413726073508
16249,53,5,1800.07,4,4,4,444,12,Champions (Top Tier),2,0.6221358080524851,0.029531268180369056
16250,261,3,791.38,2,3,3,233,8,Need Attention,2,-0.5551827950508839,0.5064386451337778
16251,512,1,128.31,1,1,1,111,3,Hibernating / Churned,1,-2.0899402450437115,0.08066928606407164
16252,383,1,295.09,2,1,2,212,5,Hibernating / Churned,1,-1.6358025477347324,0.1689128746137222
16253,67,7,7310.15,3,4,5,345,12,Loyal Customers,0,1.3765856283933549,0.6813717076852883
16254,378,3,985.14,2,3,3,233,8,Need Attention,2,-0.5794065278783173,0.7755547791896494
16255,17,15,4906.8,5,5,5,555,15,Champions (Top Tier),0,2.1617078703507033,0.0826759772189786
16256,267,3,1629.37,2,3,4,234,9,Need Attention,2,-0.24856867429407373,0.7349124112422202
16257,177,1,46.95,3,1,1,311,5,Need Attention,1,-2.1792440393474686,-0.8001222174004206
16258,45,15,11942.52,4,5,5,455,14,Champions (Top Tier),0,2.2452135301748934,0.866417178208916
16259,410,3,361.94,2,3,2,232,7,Need Attention,1,-1.0405360672536421,0.5210473690598665
16260,51,1,1035.45,4,1,3,413,8,New / Promising,3,-0.4440060076572875,-0.558828556117512
16261,17,6,1059.45,5,4,3,543,12,Loyal Customers,3,0.8645572089264375,-0.6785564406977082
16262,378,1,755.15,2,1,3,213,6,Need Attention,1,-1.2236197384463556,0.4423443800499109
16263,423,1,351.01,1,1,2,112,4,Hibernating / Churned,1,-1.5925796527383909,0.2753534147657261
16264,438,2,837.53,1,2,3,123,6,Need Attention,1,-0.9169063476988976,0.7027737433339816
16265,9,12,6935.17,5,5,5,555,15,Champions (Top Tier),0,2.3439585198219306,-0.21397648717639178
16266,74,14,1757.95,3,5,4,354,12,Loyal Customers,0,1.2044532321712629,0.5390323834973596
16267,591,1,186.66,1,1,1,111,3,Hibernating / Churned,1,-1.9742233995531215,0.2711523355457556
16268,71,2,667.65,3,2,3,323,8,Need Attention,3,-0.43070995826428093,-0.36212612127883453
16269,438,1,717.57,1,1,3,113,5,Need Attention,1,-1.2933315811477448,0.5081439019622501
16270,353,1,1141.24,2,1,3,213,6,Need Attention,1,-1.0220657654633958,0.5281888022666421
16271,3,10,3463.02,5,5,5,555,15,Champions (Top Tier),0,2.210795366548268,-0.9883571266660146
16272,117,1,411.7,3,1,2,312,6,Need Attention,1,-1.109694165495656,-0.38250590213443386
16273,648,2,336.04,1,2,2,122,5,Hibernating / Churned,1,-1.4399198412967122,0.6455581640494654
16274,373,1,715.9,2,1,3,213,6,Need Attention,1,-1.2425170793769618,0.4190632170056254
16275,197,3,2151.11,2,3,4,234,9,Need Attention,2,-0.029858044200273853,0.6510549794127126
16276,177,3,2629.39,3,3,4,334,10,Loyal Customers,2,0.09189972136756329,0.6523967359654165
16277,734,1,188.69,1,1,1,111,3,Hibernating / Churned,1,-2.0395195709394525,0.39371104322305434
16278,100,3,1117.84,3,3,3,333,9,Loyal Customers,2,-0.09677173238657381,0.0839538240519366
16279,21,9,5705.08,4,5,5,455,14,Champions (Top Tier),0,1.8039044100777983,0.06643377935766434
16280,725,1,238.05,1,1,1,111,3,Hibernating / Churned,1,-1.9349031051082568,0.45614893819379015
16281,72,3,3424.02,3,3,5,335,11,Loyal Customers,2,0.49503361120245604,0.2397969862337076
16282,340,3,1307.58,2,3,4,234,9,Need Attention,2,-0.42214448653104625,0.8019653384275611
16283,6,8,4403.82,5,5,5,555,15,Champions (Top Tier),0,1.9812910260756165,-0.6812233241098387
16284,31,3,1029.77,4,3,3,433,10,Loyal Customers,3,0.23929603795347545,-0.5745445831896365
16285,646,1,176.9,1,1,1,111,3,Hibernating / Churned,1,-2.026195459317998,0.3041646747112843
16286,477,2,328.95,1,2,2,122,5,Hibernating / Churned,1,-1.3502597207632858,0.4705143366594567
16287,170,5,1006.98,3,4,3,343,10,Loyal Customers,2,-0.003219227829035828,0.49155402716034435
16288,470,1,129.85,1,1,1,111,3,Hibernating / Churned,1,-2.0571627495051943,0.03710012975309769
16289,462,1,136.31,1,1,1,111,3,Hibernating / Churned,1,-2.030654647183901,0.042076687789241514
16290,465,4,2069.3,1,4,4,144,9,At Risk (High Frequency),2,-0.1533537234492532,1.1932236972751613
16291,682,1,117.72,1,1,1,111,3,Hibernating / Churned,1,-2.219688257633297,0.21295897514965356
16292,122,5,1253.76,3,4,4,344,11,Loyal Customers,2,0.19862897235533575,0.3753818014122771
16293,22,15,4657.95,4,5,5,455,14,Champions (Top Tier),0,2.0597880229848893,0.2022993237892514
16294,477,1,126.05,1,1,1,111,3,Hibernating / Churned,1,-2.0747570667103563,0.036415088943606885
16295,10,4,1328.55,5,4,4,544,13,Champions (Top Tier),3,0.8656050750894644,-1.00565166550432
16296,626,4,1313.67,1,4,4,144,9,At Risk (High Frequency),2,-0.4469182660430264,1.2209698003841816
16297,269,1,301.9,2,1,2,212,5,Hibernating / Churned,1,-1.5119914316727847,-0.01855144688613101
16298,23,7,1085.7,4,4,3,443,11,Loyal Customers,3,0.8839979209153439,-0.463685252352493
16299,477,1,193.65,1,1,1,111,3,Hibernating / Churned,1,-1.8891316603601633,0.16412312490783088
16300,430,3,1392.43,1,3,4,134,8,Need Attention,2,-0.4705632647130579,0.9499618072436425
16301,737,1,107.33,1,1,1,111,3,Hibernating / Churned,1,-2.2845865873684175,0.22826095405492075
16302,127,1,233.22,3,1,1,311,5,Need Attention,1,-1.382472890535056,-0.5072068074807553
16303,26,7,7928.27,4,4,5,445,13,Champions (Top Tier),0,1.7106376995732275,0.19620573264523633
16304,695,1,381.66,1,1,2,112,4,Hibernating / Churned,1,-1.7165489125493996,0.5737077780026888
16305,139,1,361.22,3,1,2,312,6,Need Attention,1,-1.221754049048197,-0.3272677273932898
16306,214,7,1192.82,2,4,3,243,9,At Risk (High Frequency),2,0.21576540769216795,0.7738017058623667
16307,429,3,1194.92,1,3,3,133,7,Need Attention,2,-0.5363188606810375,0.9029246694228614
16308,38,7,5120.0,4,4,5,445,13,Champions (Top Tier),0,1.4014734125744757,0.268150703585879
16309,106,2,706.57,3,2,3,323,8,Need Attention,2,-0.5342227216516509,-0.1266823158228981
16310,414,2,460.08,1,2,2,122,5,Hibernating / Churned,1,-1.1589499809000638,0.49273150676836874
16311,18,2,616.26,5,2,2,522,9,New / Promising,3,-0.03462910012885758,-1.120869930681038
16312,432,1,171.15,1,1,1,111,3,Hibernating / Churned,1,-1.910600507824775,0.07281777586169115
16313,3,2,274.15,5,2,1,521,8,New / Promising,3,0.11776149247299972,-2.222146587700942
16314,390,3,1491.4,2,3,4,234,9,Need Attention,2,-0.40920575888814004,0.9167797925755694
16315,331,2,402.71,2,2,2,222,6,Hibernating / Churned,1,-1.1445940811025281,0.3298785271855334
16316,64,13,5744.91,3,5,5,355,13,Loyal Customers,0,1.7131789077448565,0.7892078031262444
16317,120,5,2192.51,3,4,4,344,11,Loyal Customers,2,0.4469626714286546,0.5335423597063604
16318,35,1,328.15,4,1,2,412,7,New / Promising,3,-0.8241582781889535,-1.105014987053957
16319,218,1,404.4,2,1,2,212,5,Hibernating / Churned,1,-1.3174615735382733,-0.04676986610470085
16320,172,6,5628.99,3,4,5,345,12,Loyal Customers,2,0.8590410507335766,1.06931636278986
16321,72,7,604.55,3,4,2,342,9,Loyal Customers,2,0.26978400462871327,-0.025172523855248236
16322,1,2,326.75,5,2,2,522,9,New / Promising,3,0.41805796115493854,-2.5520935935125038
16323,196,2,353.66,2,2,2,222,6,Hibernating / Churned,1,-1.0321504082292599,0.003224909816829865
16324,128,3,428.68,3,3,2,332,8,Loyal Customers,1,-0.5923096071989197,-0.06756056822847603
16325,47,12,3597.5,4,5,5,455,14,Champions (Top Tier),0,1.5510980388021984,0.4547701908287646
16326,6,24,4826.99,5,5,5,555,15,Champions (Top Tier),0,2.8004229523103605,-0.2798036320324156
16327,14,16,10731.34,5,5,5,555,15,Champions (Top Tier),0,2.6073556144775862,0.2385248696647883
16328,563,1,310.83,1,1,2,112,4,Hibernating / Churned,1,-1.7375950128175015,0.39644406583081265
16329,428,4,1703.07,1,4,4,144,9,At Risk (High Frequency),2,-0.21130072326596183,1.089318698069372
16330,18,7,634.33,5,4,3,543,12,Loyal Customers,3,0.7260097384134586,-0.7532144405087051
16331,432,6,2037.7,1,4,4,144,9,At Risk (High Frequency),2,0.1203381390723402,1.2712690664493589
16332,28,11,2010.41,4,5,4,454,13,Champions (Top Tier),0,1.3999326283725155,-0.026587230313499986
16333,8,22,26626.8,5,5,5,555,15,Champions (Top Tier),0,3.3984982232900234,0.3394333659510531
16334,492,1,277.48,1,1,1,111,3,Hibernating / Churned,1,-1.7432952223643061,0.28837451787145785
16335,552,7,2774.0,1,4,4,144,9,At Risk (High Frequency),2,0.2772263500386326,1.5473694454033187
16336,421,4,3517.69,1,4,5,145,10,At Risk (High Frequency),2,0.10950120506110869,1.297291784477686
16337,37,1,151.05,4,1,1,411,6,New / Promising,3,-1.1776781907145035,-1.3063803731235555
16338,157,1,214.8,3,1,1,311,5,Need Attention,1,-1.486213830568475,-0.41558656593343585
16339,284,1,109.95,2,1,1,211,4,Hibernating / Churned,1,-1.9664638676565684,-0.289370948908806
16340,107,3,1526.06,3,3,4,334,10,Loyal Customers,2,0.016895432431712674,0.2140267212833867
16341,25,7,3850.79,4,4,5,445,13,Champions (Top Tier),0,1.4086882690840208,-0.04074563999802301
16342,75,4,322.41,3,4,2,342,9,Loyal Customers,3,-0.37462089515399355,-0.36275206921689823
16343,16,3,687.07,5,3,3,533,11,Loyal Customers,3,0.26801340517726857,-1.04440677289599
16344,158,4,842.42,3,4,3,343,10,Loyal Customers,2,-0.19629714807334334,0.3313315300555004
16345,44,2,1198.74,4,2,3,423,9,New / Promising,3,-0.024336793163192882,-0.4463639769471066
16346,385,1,224.51,2,1,1,211,4,Hibernating / Churned,1,-1.7559612478033928,0.0902663149913092
16347,11,11,3509.41,5,5,5,555,15,Champions (Top Tier),0,1.927628342143205,-0.34657365278122815
16348,32,8,1798.22,4,5,4,454,13,Champions (Top Tier),0,1.0902187769747127,-0.09399281564938315
16349,291,1,53.5,2,1,1,211,4,Hibernating / Churned,1,-2.2836184565074635,-0.48878685490420715
16350,21,9,2253.89,4,5,4,454,13,Champions (Top Tier),0,1.3999396598850842,-0.21148908616087983
16351,333,13,3330.03,2,5,5,255,12,At Risk (High Frequency),2,0.9465888204828974,1.5287719112812552
16352,18,2,494.44,5,2,2,522,9,New / Promising,3,-0.13028429470010544,-1.1866795483872676
16353,4,38,9999.46,5,5,5,555,15,Champions (Top Tier),0,3.5652548107638014,-0.08463341993985858
16354,63,5,1129.51,3,4,3,343,10,Loyal Customers,2,0.3645525854715343,-0.01616841526794139
16355,375,1,416.35,2,1,2,212,5,Hibernating / Churned,1,-1.4796385329499577,0.26005492847018113
16356,198,6,415.87,2,4,2,242,8,At Risk (High Frequency),2,-0.3188589276788969,0.3673160432539275
16357,33,4,868.37,4,4,3,443,11,Loyal Customers,3,0.31578628108928736,-0.5104045174883836
16358,1,5,2919.65,5,4,4,544,13,Champions (Top Tier),0,1.8984344540658742,-1.6436129626031202
16359,7,16,2697.75,5,5,4,554,14,Champions (Top Tier),0,2.2100134646569067,-0.5214314696294368
16360,5,6,3512.53,5,4,5,545,14,Champions (Top Tier),0,1.7411006345304207,-0.9259125827483908
16361,10,4,896.66,5,4,3,543,12,Loyal Customers,3,0.6946940070956482,-1.1232364145276343
16362,32,6,946.94,4,4,3,443,11,Loyal Customers,3,0.6197171485516908,-0.37780935796376913
16363,53,1,109.36,4,1,1,411,6,New / Promising,1,-1.43076364910069,-1.2084920727057025
16364,12,2,707.04,5,2,3,523,10,New / Promising,3,0.1478083926945963,-1.289108264590871
16365,18,15,3307.2,5,5,5,555,15,Champions (Top Tier),0,1.972606470457093,-0.005571459442494076
16366,19,4,1548.13,5,4,4,544,13,Champions (Top Tier),3,0.7387563198038328,-0.6301518801169231
16367,37,3,1362.4,4,3,4,434,11,Loyal Customers,3,0.3054033892649683,-0.39603867500668394
16368,2,3,640.21,5,3,3,533,11,Loyal Customers,3,0.7983383146228671,-2.022259562823448
16369,18,7,2664.81,5,4,4,544,13,Champions (Top Tier),0,1.3500015524372206,-0.32391561448275497
16370,82,4,1320.56,3,4,4,344,11,Loyal Customers,2,0.20935693548929407,0.10721918216171002
16371,449,1,157.2,1,1,1,111,3,Hibernating / Churned,1,-1.9598245992429233,0.06876168079621135
16372,33,5,1328.61,4,4,4,444,12,Champions (Top Tier),3,0.6397078758882292,-0.3164842924469358
16373,382,2,309.49,2,2,2,222,6,Hibernating / Churned,1,-1.3050462215901193,0.33010461219956855
16374,66,5,1771.45,3,4,4,344,11,Loyal Customers,2,0.5454005543273973,0.14371278122692027
16375,470,2,104.0,1,2,1,121,4,Hibernating / Churned,1,-1.8436748857615297,0.11963103014813332
16376,9,2,987.01,5,2,3,523,10,New / Promising,3,0.3776372269708447,-1.3340782116258831
16377,267,2,1308.48,2,2,4,224,8,Cant Lose Them (High Spend),2,-0.5633503724869604,0.564000741376066
16378,247,3,362.95,2,3,2,232,7,Need Attention,1,-0.875943803253162,0.24325007752163388
16379,4,4,2157.4,5,4,4,544,13,Champions (Top Tier),3,1.3314322156761311,-1.2954927205950868
16380,61,1,1780.59,3,1,4,314,8,Need Attention,3,-0.2651952299047662,-0.2996564759945459
16381,396,2,258.7,2,2,1,221,5,Hibernating / Churned,1,-1.3943780154857435,0.2964356810954861
16382,408,2,353.1,2,2,2,222,6,Hibernating / Churned,1,-1.269104071536633,0.40567369938532166
16383,75,7,2974.84,3,4,5,345,12,Loyal Customers,2,0.9495079866209086,0.47364434621743284
16384,90,4,1358.95,3,4,4,344,11,Loyal Customers,2,0.19205492500636281,0.16654506313914677
16385,60,5,1030.61,3,4,3,343,10,Loyal Customers,2,0.34024695504502267,-0.07005309297906379
16386,29,3,1102.59,4,3,3,433,10,Loyal Customers,3,0.2898707436646848,-0.5897074008187688
16387,323,5,918.55,2,4,3,243,9,At Risk (High Frequency),2,-0.24986501215754017,0.8165600144983591
16388,654,1,186.05,1,1,1,111,3,Hibernating / Churned,1,-2.0083476158706,0.32595632751207626
16389,53,4,1382.07,4,4,4,444,12,Champions (Top Tier),2,0.36817768979734633,-0.1162549306287971
16390,537,3,467.5,1,3,2,132,6,Need Attention,1,-1.0165417602939464,0.7459865182542027
16391,401,4,1103.61,2,4,3,243,9,At Risk (High Frequency),2,-0.3789062192242394,0.9236895808803924
16392,270,3,763.05,2,3,3,233,8,Need Attention,2,-0.5819474983448748,0.5141686801421572
16393,2,23,5561.66,5,5,5,555,15,Champions (Top Tier),0,3.104956521824748,-0.7196812918326899
16394,57,5,1555.34,4,4,4,444,12,Champions (Top Tier),2,0.5354797055138056,0.025227457130882296
16395,61,14,3537.85,3,5,5,355,13,Loyal Customers,0,1.570193590637886,0.6433094201350081
16396,476,1,137.8,1,1,1,111,3,Hibernating / Churned,1,-2.0355932699444006,0.06173820937058886
16397,628,1,127.88,1,1,1,111,3,Hibernating / Churned,1,-2.1573215878690633,0.19211095044763526
16398,154,2,1705.8,3,2,4,324,9,Need Attention,2,-0.2709563749382527,0.34131076815515676
16399,19,3,641.82,5,3,3,533,11,Loyal Customers,3,0.18585226226612017,-0.975130936435804
16400,95,9,3159.44,3,5,5,355,13,Loyal Customers,2,1.0703305962346443,0.7021918169735571
16401,1,23,6849.15,5,5,5,555,15,Champions (Top Tier),0,3.3266805729215023,-0.8809979022559351
16402,265,2,511.4,2,2,2,222,6,Hibernating / Churned,1,-0.9691776805437667,0.27899812286129017
16403,312,1,177.5,2,1,1,211,4,Hibernating / Churned,1,-1.7898771865120875,-0.09533984946098506
16404,70,1,443.05,3,1,2,312,6,Need Attention,1,-0.9135356945313959,-0.6407846115699593
16405,302,2,167.25,2,2,1,221,5,Hibernating / Churned,1,-1.4958558769812178,0.017462601055391463
16406,19,3,552.68,5,3,2,532,10,Loyal Customers,3,0.12090076673963976,-1.0198167803066436
16407,13,14,2821.65,5,5,4,554,14,Champions (Top Tier),0,1.9530874707048032,-0.2451462689262274
16408,591,1,231.93,1,1,1,111,3,Hibernating / Churned,1,-1.8801945864016956,0.33584302249278575
16409,36,12,5709.04,4,5,5,455,14,Champions (Top Tier),0,1.8361719970768644,0.4494191984280528
16410,734,1,130.32,1,1,1,111,3,Hibernating / Churned,1,-2.199531103486588,0.28362504284728257
16411,19,4,910.19,5,4,3,543,12,Loyal Customers,3,0.5078474065581694,-0.7890144214955772
16412,54,5,647.23,4,4,3,443,11,Loyal Customers,3,0.17157178120268218,-0.2662477416791311
16413,57,2,528.98,4,2,2,422,8,New / Promising,3,-0.4619055546486384,-0.5509610434335702
16414,22,5,559.71,4,4,2,442,10,Loyal Customers,3,0.3904384832103701,-0.7905381454872927
16415,44,3,719.44,4,3,3,433,10,Loyal Customers,3,-0.02682253047166799,-0.4937284679791334
16416,27,9,2972.88,4,5,5,455,14,Champions (Top Tier),0,1.4423640033546974,0.0043756746663826136
16417,493,1,35.7,1,1,1,111,3,Hibernating / Churned,1,-2.6257205529030414,-0.3171549039584698
16418,45,5,1101.94,4,4,3,443,11,Loyal Customers,3,0.46061867733442663,-0.2057076735176815
16419,113,8,1487.42,3,5,4,354,12,Loyal Customers,2,0.6067585765904945,0.5330051368139328
16420,396,1,75.0,2,1,1,211,4,Hibernating / Churned,1,-2.2382826131131823,-0.2198143125328977
16421,376,3,526.27,2,3,2,232,7,Need Attention,1,-0.8501080716579789,0.5852197487438991
16422,17,109,63651.47,5,5,5,555,15,Champions (Top Tier),0,4.747126890983752,1.555462045804691
16423,25,1,346.12,4,1,2,412,7,New / Promising,3,-0.6957794938706784,-1.2685930181749647
16424,191,2,443.06,2,2,2,222,6,Hibernating / Churned,1,-0.9260240799018884,0.056338365428609725
16425,302,1,302.7,2,1,2,212,5,Hibernating / Churned,1,-1.5481382561850379,0.0458391255761328
16426,2,10,1908.25,5,5,4,554,14,Champions (Top Tier),0,2.0446388459704017,-1.3253580735371977
16427,263,2,241.06,2,2,1,221,5,Hibernating / Churned,1,-1.293030430322763,0.05034924819903432
16428,414,3,660.28,1,3,3,133,7,Need Attention,2,-0.7826318931731051,0.7059794688600597
16429,106,1,284.55,3,1,1,311,5,Need Attention,1,-1.238295817317982,-0.5467299262080572
16430,57,7,1117.94,4,4,3,443,11,Loyal Customers,2,0.6113314876268684,0.03175823261619899
16431,213,3,642.81,2,3,3,233,8,Need Attention,2,-0.5800756681051958,0.3326644240826643
16432,64,1,287.4,3,1,1,311,5,Need Attention,1,-1.0727659147139499,-0.8186781073918179
16433,28,2,384.52,4,2,2,422,8,New / Promising,3,-0.37619443297679944,-1.0285401743523033
16434,29,12,2741.74,4,5,4,454,13,Champions (Top Tier),0,1.5849523507245724,0.11424386670942183
16435,512,3,1011.57,1,3,3,133,7,Need Attention,2,-0.6658123681403588,0.950451549022237
16436,668,3,329.34,1,3,2,132,6,Need Attention,1,-1.239055987530144,0.7615899256104346
16437,381,2,301.25,2,2,2,222,6,Hibernating / Churned,1,-1.3159037650531262,0.3206110289877331
16438,6,5,798.35,5,4,3,543,12,Loyal Customers,3,0.9294664149082791,-1.340519773980001
16439,722,1,310.7,1,1,2,112,4,Hibernating / Churned,1,-1.8181007996251004,0.5333022318532156
16440,8,6,3856.97,5,4,5,545,14,Champions (Top Tier),0,1.6506537907881427,-0.674278840377809
16441,67,5,1034.43,3,4,3,343,10,Loyal Customers,2,0.30672018458609424,-0.00902845266799259
16442,2,5,899.47,5,4,3,543,12,Loyal Customers,3,1.2553330212234137,-1.772198897745051
16443,521,1,162.24,1,1,1,111,3,Hibernating / Churned,1,-1.9941819117859338,0.1600123612007661
16444,46,17,3656.58,4,5,5,455,14,Champions (Top Tier),0,1.81319434766822,0.5671487651836111
16445,34,4,602.73,4,4,2,442,10,Loyal Customers,3,0.14775362849371915,-0.6035704472024709
16446,1,2,168472.5,5,2,5,525,12,New / Promising,0,3.1341046234314494,-0.683486317996859
16447,136,3,775.14,3,3,3,333,9,Loyal Customers,2,-0.35449563050381416,0.14262747323627145
16448,198,2,367.87,2,2,2,222,6,Hibernating / Churned,1,-1.0183244051731641,0.020556030565019534
16449,198,2,707.69,2,2,3,223,7,Need Attention,1,-0.7342123688344243,0.21602167757977106
16450,150,3,1505.73,3,3,4,334,10,Loyal Customers,2,-0.09733173448345912,0.3948697017431789
16451,88,3,1013.15,3,3,3,333,9,Loyal Customers,2,-0.09860890978646579,-0.015218246303135565
16452,631,2,332.17,1,2,2,122,5,Hibernating / Churned,1,-1.4363599657310075,0.6274608143376227
16453,531,2,251.71,1,2,1,121,4,Hibernating / Churned,1,-1.5009186503607574,0.4497141092998065
16454,45,4,30.95,4,4,1,441,9,Loyal Customers,1,-1.2193895949742024,-1.3325991420283119
16455,64,11,4384.37,3,5,5,355,13,Loyal Customers,0,1.4780357619082518,0.6518954391797436
16456,99,13,6862.91,3,5,5,355,13,Loyal Customers,0,1.6512094960781156,1.0800315364314432
16457,218,1,208.36,2,1,1,211,4,Hibernating / Churned,1,-1.6049870320549922,-0.24458390632077975
16458,3,30,5715.34,5,5,5,555,15,Champions (Top Tier),0,3.2189722782916173,-0.4591684653562704
16459,730,1,71.79,1,1,1,111,3,Hibernating / Churned,1,-2.454503402512765,0.10398302946318576
16460,28,3,814.72,4,3,3,433,10,Loyal Customers,3,0.16932382953694083,-0.6988845370846287
16461,178,3,1615.22,3,3,4,334,10,Loyal Customers,2,-0.12182648193775607,0.509692252803809
16462,74,3,136.0,3,3,1,331,7,Loyal Customers,1,-0.9142587737615241,-0.7088569430269911
16463,21,4,1422.4,4,4,4,444,12,Champions (Top Tier),3,0.6711010812483075,-0.6029207156876882
16464,20,3,1314.68,4,3,4,434,11,Loyal Customers,3,0.48171349803231767,-0.7338147751109794
16465,421,2,746.24,1,2,3,123,6,Need Attention,1,-0.9542848297754792,0.6464864364794294
16466,34,15,3838.59,4,5,5,455,14,Champions (Top Tier),0,1.8398366206721195,0.3759734455283543
16467,509,7,2869.16,1,4,4,144,9,At Risk (High Frequency),2,0.31807721076691686,1.5128151463759163
16468,74,3,787.52,3,3,3,333,9,Loyal Customers,3,-0.15274855956054442,-0.18494711982728915
16469,24,5,828.91,4,4,3,443,11,Loyal Customers,3,0.5340811390421456,-0.6271701825255284
16470,52,11,2458.6,4,5,4,454,13,Champions (Top Tier),0,1.2924351256325084,0.366219495811325
16471,275,4,1189.98,2,4,3,243,9,At Risk (High Frequency),2,-0.22452512876195813,0.7388103570460923
16472,434,2,789.6,1,2,3,123,6,Need Attention,1,-0.9395553939549551,0.680106076458804
16473,165,4,470.83,3,4,2,342,9,Loyal Customers,2,-0.46296045385662427,0.18122029107396107
16474,7,7,1871.5,5,4,4,544,13,Champions (Top Tier),0,1.4760703002613813,-0.906754035903084
16475,88,4,544.3,3,4,2,342,9,Loyal Customers,2,-0.19838544143789652,-0.11927554657042437
16476,432,1,350.35,1,1,2,112,4,Hibernating / Churned,1,-1.6001895362852299,0.28637677242639087
16477,64,11,4320.02,3,5,5,355,13,Loyal Customers,0,1.4716038196455399,0.6474703406441661
16478,25,3,331.0,4,3,2,432,9,Loyal Customers,3,-0.1864897068493881,-1.0282083036520047
16479,10,2,300.83,5,2,2,522,9,New / Promising,3,-0.16914827134702773,-1.6364828747936613
16480,76,1,769.29,3,1,3,313,7,Need Attention,3,-0.700105081528573,-0.4311497386084198
16481,682,1,453.38,1,1,2,112,4,Hibernating / Churned,1,-1.6357054580151684,0.6147320828427998
16482,16,1,220.62,5,1,1,511,7,New / Promising,3,-0.7535956376651501,-1.6372609431578735
16483,192,1,139.35,2,1,1,211,4,Hibernating / Churned,1,-1.7381173274578452,-0.43400463014717644
16484,174,2,404.3,3,2,2,322,7,Need Attention,1,-0.9357785388462129,-0.02213653724613906
16485,77,5,2294.68,3,4,4,344,11,Loyal Customers,2,0.6087815609862952,0.30498997121766763
16486,538,1,134.36,1,1,1,111,3,Hibernating / Churned,1,-2.0860350356684605,0.12162603887570757
16487,577,2,209.4,1,2,1,121,4,Hibernating / Churned,1,-1.6074656131806662,0.440605353407937
16488,33,3,498.8,4,3,2,432,9,Loyal Customers,3,-0.09526353231470672,-0.7577895683976278
16489,380,2,303.7,2,2,2,222,6,Hibernating / Churned,1,-1.3115433050914884,0.3215819435385584
16490,436,1,205.41,1,1,1,111,3,Hibernating / Churned,1,-1.8346037928464292,0.13222057101385418
16491,47,2,1533.16,4,2,4,424,10,New / Promising,3,0.061772534128795895,-0.3371641966751745
16492,541,1,385.56,1,1,2,112,4,Hibernating / Churned,1,-1.6312533925152302,0.43880675759262044
16493,80,7,2132.09,3,4,4,344,11,Loyal Customers,2,0.784030489330038,0.409118595971739
16494,297,1,826.53,2,1,3,213,6,Need Attention,1,-1.106605527933133,0.33672823844146316
16495,3,3,684.41,5,3,3,533,11,Loyal Customers,3,0.7342987270003448,-1.8436307560752543
16496,9,6,2330.77,5,4,4,544,13,Champions (Top Tier),0,1.3974963984224704,-0.7668912100073192
16497,50,23,6695.28,4,5,5,455,14,Champions (Top Tier),0,2.2693241529237005,0.8985310804790874
16498,161,2,100.97,3,2,1,321,6,Need Attention,1,-1.511235711322458,-0.4777946240398235
16499,360,8,2578.34,2,5,4,254,11,At Risk (High Frequency),2,0.47318109180453355,1.3333649069637383
16500,5,9,843.91,5,5,3,553,13,Loyal Customers,3,1.3930507784568178,-1.2219699849363284
16501,383,1,1237.23,2,1,3,213,6,Need Attention,1,-1.0132656908822273,0.5972107076915265
16502,620,2,266.5,1,2,1,121,4,Hibernating / Churned,1,-1.5262011357326395,0.5520597388489874
16503,107,11,3614.34,3,5,5,355,13,Loyal Customers,2,1.2298048222961617,0.87414704861041
16504,25,1,484.38,4,1,2,412,7,New / Promising,3,-0.5499056104149924,-1.1682335494961216
16505,32,1,777.6,4,1,3,413,8,New / Promising,3,-0.4213984250929925,-0.8952743378808845
16506,20,2,90.3,4,2,1,421,7,New / Promising,3,-0.8985444971618475,-1.6377612591865829
16507,572,1,152.76,1,1,1,111,3,Hibernating / Churned,1,-2.0503627328921397,0.19351838347211564
16508,630,1,248.8,1,1,1,111,3,Hibernating / Churned,1,-1.8704052285253685,0.3919633182592375
16509,297,1,363.7,2,1,2,212,5,Hibernating / Churned,1,-1.4631174004206824,0.09145237923381344
16510,372,6,2100.0,2,4,4,244,10,At Risk (High Frequency),2,0.18167719720731257,1.1980092253293377
16511,22,6,1819.02,4,4,4,444,12,Champions (Top Tier),3,1.0203019497325825,-0.3816629717881866
16513,5,4,874.59,5,4,3,543,12,Loyal Customers,3,0.8799025956298488,-1.4650092291381958
16515,52,10,3216.3,4,5,5,455,14,Champions (Top Tier),0,1.342915697668356,0.4147579794354699
16516,30,1,101.7,4,1,1,411,6,New / Promising,3,-1.2825629934933034,-1.5361405473525465
16517,277,1,162.7,2,1,1,211,4,Hibernating / Churned,1,-1.7891843766973137,-0.1866545305068853
16518,61,4,959.37,3,4,3,343,10,Loyal Customers,2,0.1647952271659365,-0.1492409944711623
16519,25,4,556.26,4,4,2,442,10,Loyal Customers,3,0.20904259929258961,-0.7914991101830617
16520,186,6,2482.62,3,4,4,344,11,Loyal Customers,2,0.4777874632660522,0.8672546517564014
16521,415,3,1148.01,1,3,3,133,7,Need Attention,2,-0.5430242322167954,0.8726896388788943
16522,436,2,433.36,1,2,2,122,5,Hibernating / Churned,1,-1.20163125515085,0.5033518568885904
16523,2,28,11916.33,5,5,5,555,15,Champions (Top Tier),0,3.5808062937623895,-0.42233457200307706
16524,446,2,308.14,1,2,2,122,5,Hibernating / Churned,1,-1.3569190574332333,0.41402946378678035
16525,2,48,24582.64,5,5,5,555,15,Champions (Top Tier),0,4.295918094591959,-0.013586850646473395
16526,172,2,717.21,3,2,3,323,8,Need Attention,1,-0.6831225504264763,0.1427902264860412
16527,81,2,1272.44,3,2,4,324,9,Need Attention,2,-0.19247085977430367,-0.09754973033407043
16528,4,1,244.41,5,1,1,511,7,New / Promising,3,-0.31342940674785824,-2.2817248800582286
16529,190,4,2012.0,2,4,4,244,10,At Risk (High Frequency),2,0.12290127233243571,0.6928775713236387
16530,668,1,48.35,1,1,1,111,3,Hibernating / Churned,1,-2.5949378411472623,-0.061239898198257654
16531,22,11,2298.33,4,5,4,454,13,Champions (Top Tier),0,1.5331123020275315,-0.11439287263239914
16532,18,5,8756.64,5,4,5,545,14,Champions (Top Tier),0,1.6481063600667443,-0.07316877613859465
16533,19,3,1095.56,5,3,3,533,11,Loyal Customers,3,0.4182280067347344,-0.8152592329049568
16534,642,1,635.9,1,1,3,113,5,Need Attention,1,-1.4692610355288747,0.6825283512436511
16535,5,3,1001.59,5,3,3,533,11,Loyal Customers,3,0.7686420168289791,-1.5061429101129
16536,110,1,548.97,3,1,2,312,6,Need Attention,1,-0.964978072668201,-0.33028104036227507
16537,641,1,23.35,1,1,1,111,3,Hibernating / Churned,1,-2.8889746304536974,-0.2954222273500134
16538,541,3,399.62,1,3,2,132,6,Need Attention,1,-1.0870413065025268,0.7032175917251722
16539,3,10,3732.01,5,5,5,555,15,Champions (Top Tier),0,2.243334723151264,-0.9659704426176657
16540,414,1,226.7,1,1,1,111,3,Hibernating / Churned,1,-1.7751855145646083,0.13311507737128703
16541,735,1,424.03,1,1,2,112,4,Hibernating / Churned,1,-1.688930479773599,0.6359645468525119
16542,54,2,257.32,4,2,1,421,7,New / Promising,3,-0.7574121990774084,-0.7953769884325255
16543,592,1,292.21,1,1,2,112,4,Hibernating / Churned,1,-1.7806006230132356,0.40566892018816564
16544,520,4,376.7,1,4,2,142,7,At Risk (High Frequency),1,-0.9297013120904905,0.7454650689583281
16545,165,2,689.82,3,2,3,323,8,Need Attention,1,-0.6866818917417652,0.10836923214188415
16546,291,5,5606.47,2,4,5,245,11,At Risk (High Frequency),2,0.5704244288627126,1.3004134813885164
16547,546,1,111.71,1,1,1,111,3,Hibernating / Churned,1,-2.1704764073385405,0.0749360101282927
16548,599,1,30.15,1,1,1,111,3,Hibernating / Churned,1,-2.759933457198839,-0.25901627377229125
16549,10,34,13182.19,5,5,5,555,15,Champions (Top Tier),0,3.3479367894492107,0.3933520963321365
16550,109,18,9435.13,3,5,5,355,13,Loyal Customers,0,1.991780330977979,1.3396540984866796
16551,96,7,2237.12,3,4,4,344,11,Loyal Customers,2,0.7466423323911369,0.522932022291462
16552,243,2,475.02,2,2,2,222,6,Hibernating / Churned,1,-0.9733005599199355,0.20933728984413194
16553,163,33,16644.01,3,5,5,355,13,Loyal Customers,0,2.55339364244495,1.9428424050636175
16554,42,8,2841.72,4,5,4,454,13,Champions (Top Tier),0,1.2036308541822447,0.1889249988494946
16555,35,6,1915.68,4,4,4,444,12,Champions (Top Tier),2,0.8979146613916004,-0.11905956992277186
16556,67,17,8012.58,3,5,5,355,13,Loyal Customers,0,2.0350020783073752,1.0056619281427244
16557,24,2,281.85,4,2,1,421,7,New / Promising,3,-0.4629332463401995,-1.2031035257239375
16558,1,38,13873.51,5,5,5,555,15,Champions (Top Tier),0,4.004069663314014,-0.4920111170123711
16559,397,1,185.2,2,1,1,211,4,Hibernating / Churned,1,-1.8492041296620307,0.04981433888933373
16560,27,8,3048.38,4,5,5,455,14,Champions (Top Tier),0,1.372913340148906,-0.026685125405768013
16561,6,2,511.12,5,2,2,522,9,New / Promising,3,0.20707299494056233,-1.7275172122434075
16562,477,1,223.86,1,1,1,111,3,Hibernating / Churned,1,-1.8263569643830584,0.20731135699909484
16563,54,6,4422.76,4,4,5,445,13,Champions (Top Tier),2,1.1247619120654815,0.36507226912326235
16564,569,1,87.8,1,1,1,111,3,Hibernating / Churned,1,-2.287540189713837,0.026279768941066404
16565,364,4,773.05,2,4,3,243,9,At Risk (High Frequency),2,-0.5024060326137256,0.7639826730620147
16566,15,5,614.66,5,4,2,542,11,Loyal Customers,3,0.5484897986957321,-0.9627165290927084
16567,194,2,865.6,2,2,3,223,7,Need Attention,2,-0.6401197579498656,0.26503847401346053
16568,428,2,1020.9,1,2,3,123,6,Need Attention,2,-0.8234037803326817,0.7492657794052698
16569,3,5,1455.23,5,4,4,544,13,Champions (Top Tier),3,1.3714394733912798,-1.4696317929981388
16570,15,20,7434.31,5,5,5,555,15,Champions (Top Tier),0,2.58795617212514,0.24160173427682372
16571,27,10,4248.74,4,5,5,455,14,Champions (Top Tier),0,1.6703858064573758,0.14612646234464347
16572,127,3,1009.6,3,3,3,333,9,Loyal Customers,2,-0.2176655419785507,0.18416606631274463
16573,85,2,663.61,3,2,3,323,8,Need Attention,3,-0.4908134881502469,-0.26593820892965897
16574,71,3,1301.78,3,3,4,334,10,Loyal Customers,2,0.0789195094339416,-0.0571615410659586
16576,420,2,540.87,1,2,2,122,5,Hibernating / Churned,1,-1.0933428930365316,0.5489796938906859
16577,667,1,380.0,1,1,2,112,4,Hibernating / Churned,1,-1.705160190378522,0.549758443814784
16578,626,1,156.6,1,1,1,111,3,Hibernating / Churned,1,-2.0687578800338695,0.2505765044621772
16579,426,1,295.05,1,1,2,112,4,Hibernating / Churned,1,-1.6701901978388045,0.2274159528088199
16581,183,1,105.84,3,1,1,311,5,Need Attention,1,-1.8413718990974521,-0.5420080004466243
16582,113,1,313.62,3,1,2,312,6,Need Attention,1,-1.21660845903712,-0.48275650286981137
16583,374,2,531.4,2,2,2,222,6,Hibernating / Churned,1,-1.0635916948937791,0.4798825044400487
16584,80,5,3163.67,3,4,5,345,12,Loyal Customers,2,0.7362525559172128,0.42190228907107463
16585,594,2,341.59,1,2,2,122,5,Hibernating / Churned,1,-1.4047169655598202,0.6025324767081971
16586,249,3,1462.78,2,3,4,234,9,Need Attention,2,-0.2729798637633586,0.6642994768770702
16587,232,1,225.15,2,1,1,211,4,Hibernating / Churned,1,-1.5914632699421685,-0.18731287956604592
16588,386,4,1361.28,2,4,4,244,10,At Risk (High Frequency),2,-0.27537989418368936,0.9654784155377627
16589,71,4,612.36,3,4,2,342,9,Loyal Customers,3,-0.07865358494176398,-0.20098217791593137
16590,401,2,605.9,2,2,2,222,6,Hibernating / Churned,1,-1.029092996405599,0.5574355230851713
16591,69,1,213.5,3,1,1,311,5,Need Attention,1,-1.2255421531193569,-0.8664212438699678
16592,4,28,7807.91,5,5,5,555,15,Champions (Top Tier),0,3.231661147123169,-0.26712527873601366
16593,51,8,1071.14,4,5,3,453,12,Loyal Customers,2,0.7178932297378731,0.0018512333669136053
16594,75,1,181.09,3,1,1,311,5,Need Attention,1,-1.3234139851525923,-0.870097491565814
16595,61,5,1810.18,3,4,4,344,11,Loyal Customers,2,0.579890008243744,0.10740528074419342
16596,16,4,579.63,5,4,2,542,11,Loyal Customers,3,0.36433558997161264,-1.0135505264413966
16597,4,1,90.04,5,1,1,511,7,New / Promising,3,-0.7448928752302594,-2.578566531390414
16598,286,1,145.05,2,1,1,211,4,Hibernating / Churned,1,-1.8491286287209956,-0.2032325943939406
16599,386,1,172.8,2,1,1,211,4,Hibernating / Churned,1,-1.8701251225996451,0.013725729408679102
16600,4,13,2153.41,5,5,4,554,14,Champions (Top Tier),0,2.1159239162425405,-0.9191696111482165
16601,41,3,684.25,4,3,3,433,10,Loyal Customers,3,-0.02629781830826226,-0.5467730738946764
16602,36,2,763.33,4,2,3,423,9,New / Promising,3,-0.15719952415562216,-0.6892927561989565
16603,75,2,482.47,3,2,2,322,7,Need Attention,3,-0.5892887388901972,-0.42937436480288066
16604,563,2,432.45,1,2,2,122,5,Hibernating / Churned,1,-1.2850564534743611,0.6434389554563762
16605,724,1,60.48,1,1,1,111,3,Hibernating / Churned,1,-2.5253124753271905,0.04888747471754453
16606,404,2,357.66,2,2,2,222,6,Hibernating / Churned,1,-1.2603580310763223,0.40408319946713833
16607,18,25,5706.87,5,5,5,555,15,Champions (Top Tier),0,2.580230388779318,0.33541773064971436
16608,454,2,1288.72,1,2,4,124,7,Cant Lose Them (High Spend),2,-0.7411586758536471,0.8513963299732991
16609,15,7,5493.46,5,4,5,545,14,Champions (Top Tier),0,1.7202641427376562,-0.20220427712363795
16610,219,1,75.66,2,1,1,211,4,Hibernating / Churned,1,-2.043599425292247,-0.5428173914539892
16611,186,6,1785.13,3,4,4,344,11,Loyal Customers,2,0.3343482703773601,0.7685702207601953
16612,33,9,3245.43,4,5,5,455,14,Champions (Top Tier),0,1.4177226287430567,0.13771386758903012
16613,70,1,618.59,3,1,3,313,7,Need Attention,3,-0.7685932604529184,-0.5410659688044557
16614,183,3,1179.79,3,3,3,333,9,Loyal Customers,2,-0.2673189922850305,0.4309208709851862
16615,626,1,291.5,1,1,2,112,4,Hibernating / Churned,1,-1.7996871650083457,0.4356939042138698
16616,15,2,500.42,5,2,2,522,9,New / Promising,3,-0.06948321477748524,-1.2778739897894638
16617,236,1,151.85,2,1,1,211,4,Hibernating / Churned,1,-1.7674170742258204,-0.2951909210827627
16618,31,5,2647.59,4,4,4,444,12,Champions (Top Tier),2,0.9591642651825533,-0.14363011320084437
16619,264,4,1938.33,2,4,4,244,10,At Risk (High Frequency),2,0.0007712209557347614,0.8623291201654739
16620,4,6,1758.93,5,4,4,544,13,Champions (Top Tier),3,1.499259663505544,-1.2334266602770934
16621,52,4,813.48,4,4,3,443,11,Loyal Customers,3,0.14383043494376846,-0.28507222817992833
16622,544,1,225.4,1,1,1,111,3,Hibernating / Churned,1,-1.8658125917739783,0.2817055930599124
16623,246,4,1015.24,2,4,3,243,9,At Risk (High Frequency),2,-0.2576575765896045,0.63008369917748
16624,81,2,810.57,3,2,3,323,8,Need Attention,3,-0.38848838199774377,-0.23240741641235918
16625,275,5,1654.03,2,4,4,244,10,At Risk (High Frequency),2,0.057700599653614404,0.9040443299825827
16626,1,17,4413.1,5,5,5,555,15,Champions (Top Tier),0,2.916049778502832,-1.1178525918230018
16627,79,1,322.8,3,1,2,312,6,Need Attention,1,-1.0895464054231745,-0.6694946077818803
16628,30,7,2318.1,4,4,4,444,12,Champions (Top Tier),0,1.131046514745721,-0.09560738493369743
16629,74,2,417.73,3,2,2,322,7,Need Attention,3,-0.6475568298463447,-0.4797148953602731
16630,407,1,106.8,2,1,1,211,4,Hibernating / Churned,1,-2.0950337396115697,-0.10010467938843153
16631,482,7,1892.52,1,4,4,144,9,At Risk (High Frequency),2,0.15469643098273933,1.3583060970102023
16632,486,2,406.4,1,2,2,122,5,Hibernating / Churned,1,-1.264548969693339,0.543921405761433
16633,17,6,2883.1,5,4,4,544,13,Champions (Top Tier),0,1.2998879907477299,-0.3790541245315492
16634,223,6,1814.61,2,4,4,244,10,At Risk (High Frequency),2,0.28308060628758996,0.8730480574125262
16635,407,1,473.0,2,1,2,212,5,Hibernating / Churned,1,-1.4506742462488431,0.3432068638440261
16636,438,4,3802.04,1,4,5,145,10,At Risk (High Frequency),2,0.1305406543256699,1.3423380342430937
16637,32,4,1154.47,4,4,3,443,11,Loyal Customers,3,0.4492260272511451,-0.44170799343479245
16638,23,15,2430.53,4,5,4,454,13,Champions (Top Tier),0,1.7630878604933053,0.03111749745378062
16639,31,4,1747.98,4,4,4,444,12,Champions (Top Tier),3,0.6395404049749871,-0.3345935487889958
16640,398,1,179.4,2,1,1,211,4,Hibernating / Churned,1,-1.8637845210023058,0.04172567664800259
16641,106,2,554.5,3,2,2,322,7,Need Attention,1,-0.639504122295248,-0.19911464695752235
16642,5,3,1077.45,5,3,3,533,11,Loyal Customers,3,0.8003777606646277,-1.4843091019354335
16643,246,2,923.11,2,2,3,223,7,Need Attention,2,-0.6886168952061581,0.4146554831311057
16644,178,2,833.78,3,2,3,323,8,Need Attention,2,-0.6287070380152796,0.20661889056061336
16645,736,1,160.39,1,1,1,111,3,Hibernating / Churned,1,-2.110697169134113,0.34684517975387374
16646,449,1,678.8,1,1,3,113,5,Need Attention,1,-1.3254686339753663,0.5051909176091647
16647,170,4,541.9,3,4,2,342,9,Loyal Customers,2,-0.41151038405170437,0.23958856361172784
16648,43,3,672.8,4,3,3,433,10,Loyal Customers,3,-0.04867527297059838,-0.5261585485208262
16649,520,1,306.58,1,1,2,112,4,Hibernating / Churned,1,-1.7179169218784758,0.3485950121371988
16650,72,7,1916.11,3,4,4,344,11,Loyal Customers,2,0.7712147824448056,0.31980579062233594
16651,587,1,136.2,1,1,1,111,3,Hibernating / Churned,1,-2.1083020374420984,0.17365987249692255
16652,59,16,17550.39,4,5,5,455,14,Champions (Top Tier),0,2.3730081519818147,1.150391341285932
16653,16,2,1212.66,5,2,3,523,10,New / Promising,3,0.295520831884749,-0.9798276619879243
16654,141,8,1711.47,3,5,4,354,12,Loyal Customers,2,0.596736149430591,0.696118667207315
16655,18,13,6548.37,5,5,5,555,15,Champions (Top Tier),0,2.1679224291317225,0.14999461492538083
16656,22,30,16833.17,4,5,5,455,14,Champions (Top Tier),0,3.1231850429609467,0.8289415461493113
16657,10,4,933.62,5,4,3,543,12,Loyal Customers,3,0.7122498962635814,-1.1111581749734398
16658,368,6,814.07,2,4,3,243,9,At Risk (High Frequency),2,-0.22683405897951459,0.9086125243551918
16659,189,1,39.12,3,1,1,311,5,Need Attention,1,-2.2779166349180335,-0.817506765996706
16660,16,7,1879.55,5,4,4,544,13,Champions (Top Tier),0,1.2341477337939861,-0.4897185355133343
16661,540,4,986.63,1,4,3,143,8,At Risk (High Frequency),2,-0.5236584074696293,1.0539764640308162
16662,394,1,163.8,2,1,1,211,4,Hibernating / Churned,1,-1.8998784046002926,0.009094218775032883
16663,729,1,165.0,1,2,1,121,4,Hibernating / Churned,1,-2.0953563166698994,0.35001223361897066
16664,569,1,109.2,1,2,1,121,4,Hibernating / Churned,1,-2.193596621262213,0.09091180856496253
16665,362,1,135.4,2,2,1,221,5,Hibernating / Churned,1,-1.9548505487527437,-0.09412200859571593
16666,19,2,225.94,5,2,1,521,8,New / Promising,3,-0.4865864815359873,-1.3921063307759163
16667,68,2,570.13,3,2,2,322,7,Need Attention,3,-0.48553669487118595,-0.4327905527113814
16668,15,13,862.42,5,5,3,553,13,Loyal Customers,0,1.3418840480847294,-0.551334656632205
16669,24,3,1374.87,4,3,4,434,11,Loyal Customers,3,0.4447865209948756,-0.624257630972035
16670,17,20,8030.15,5,5,5,555,15,Champions (Top Tier),0,2.5834032393394466,0.3296421802056773
16671,28,3,1692.27,4,3,4,434,11,Loyal Customers,3,0.4871006902449058,-0.48025789780159117
16672,2,20,8134.94,5,5,5,555,15,Champions (Top Tier),0,3.1685446321321233,-0.654742384982165
16673,679,1,188.83,1,2,1,121,4,Hibernating / Churned,1,-2.014043261982528,0.3510327244407876
16674,55,2,319.61,4,2,2,422,8,New / Promising,3,-0.6692457792610808,-0.7207718970785961
16675,442,2,608.86,1,2,2,122,5,Hibernating / Churned,1,-1.0583863871440666,0.6124583155082055
16676,34,6,2361.9,4,4,4,444,12,Champions (Top Tier),2,0.9980911553479965,-0.07194570183240813
16677,411,2,880.62,1,2,3,123,6,Need Attention,1,-0.8745731326491747,0.682763300609609
16678,3,12,3109.99,5,5,5,555,15,Champions (Top Tier),0,2.2914396302401263,-0.9593858602160177
16679,366,3,793.06,2,3,3,233,8,Need Attention,2,-0.6632613031224912,0.6929583677963523
16680,43,3,821.45,4,3,3,433,10,Loyal Customers,3,0.038064750750183195,-0.46648246060442844
16681,73,7,1921.84,3,4,4,344,11,Loyal Customers,2,0.7681128997385598,0.32820351699133865
16682,5,5,1028.0,5,4,3,543,12,Loyal Customers,3,1.089205708997634,-1.3499451339584116
16683,534,1,320.25,1,2,2,122,5,Hibernating / Churned,1,-1.7075728265911805,0.37623752188851617
16684,4,55,147142.77,5,5,5,555,15,Champions (Top Tier),0,5.011094668032103,0.8526718663312696
16685,61,2,324.24,3,2,2,322,7,Need Attention,3,-0.69592640320091,-0.6603404865794585
16686,47,16,5070.92,4,5,5,455,14,Champions (Top Tier),0,1.905033521683375,0.6557007867973607
16687,391,1,157.63,2,2,1,221,5,Hibernating / Churned,1,-1.9140154325233323,-0.006533369267694845
16688,1,4,1260.86,5,4,4,544,13,Champions (Top Tier),3,1.3942284185454095,-1.9615667038110915
16689,76,2,422.6,3,2,2,322,7,Need Attention,3,-0.6510372778142886,-0.46173785221224645
16690,72,4,353.03,3,4,2,342,9,Loyal Customers,3,-0.32223536908044986,-0.3578864465524402
16691,418,2,178.83,1,2,1,121,4,Hibernating / Churned,1,-1.5717294406290392,0.2161694567109916
16692,256,4,1914.7,2,4,4,244,10,At Risk (High Frequency),2,0.005351276072962003,0.8417518727317418
16693,69,5,1199.46,3,4,3,343,10,Loyal Customers,2,0.36169164799783265,0.051229754039758116
16694,723,1,98.3,1,2,1,121,4,Hibernating / Churned,1,-2.3162622157898496,0.19164310098333556
16695,562,2,193.15,1,2,1,121,4,Hibernating / Churned,1,-1.6339348499882551,0.4020411453050748
16696,135,4,657.9,3,4,3,343,10,Loyal Customers,2,-0.2531865495965316,0.1712437453454599
16697,241,1,112.75,2,2,1,221,5,Hibernating / Churned,1,-1.9027228469718398,-0.372118857482488
16698,227,2,1998.0,2,2,4,224,8,Cant Lose Them (High Spend),2,-0.3270147498425703,0.6014743939461789
16699,380,7,994.6,2,4,3,243,9,At Risk (High Frequency),2,-0.04828729834532134,1.0350319704356692
16700,9,25,9167.71,5,5,5,555,15,Champions (Top Tier),0,2.994040548277224,0.12327158773494354
16701,9,26,9916.73,5,5,5,555,15,Champions (Top Tier),0,3.0569929887509244,0.16059282224558963
16702,415,4,1110.83,1,4,3,143,8,At Risk (High Frequency),2,-0.387143407075184,0.9445215100230288
16704,618,2,695.66,1,2,3,123,6,Need Attention,1,-1.1086851908589084,0.8368086468168779
16705,1,42,43515.05,5,5,5,555,15,Champions (Top Tier),0,4.575897079688638,-0.11409571591010892
16706,37,3,531.35,4,3,2,432,9,Loyal Customers,3,-0.10378462320526866,-0.6775550818399877
16707,400,4,551.11,2,4,2,242,8,At Risk (High Frequency),2,-0.6798459364510067,0.7147187361528436
16708,46,1,656.63,4,2,3,423,9,New / Promising,3,-0.6092442649990557,-0.7507663753872156
16709,85,14,9087.46,3,5,5,355,13,Loyal Customers,0,1.874756926377081,1.1061323851878442
16710,19,22,6349.09,5,5,5,555,15,Champions (Top Tier),0,2.5165235109202557,0.35074962716724806
16711,3,9,2868.48,5,5,4,554,14,Champions (Top Tier),0,2.0561719761513655,-1.0796106935497125
16712,9,13,4266.99,5,5,5,555,15,Champions (Top Tier),0,2.1891913103969847,-0.33221518287186064
16713,19,32,14560.69,5,5,5,555,15,Champions (Top Tier),0,3.1529748510345295,0.7313286564515329
16714,219,4,1529.8,2,4,4,244,10,At Risk (High Frequency),2,-0.04196346353580289,0.6888712012337306
16715,78,2,625.52,3,2,3,323,8,Need Attention,3,-0.4890345868210933,-0.330432815025765
16716,267,3,2149.68,2,3,4,234,9,Need Attention,2,-0.12805463456002653,0.8178246139582337
16717,24,14,6986.23,4,5,5,455,14,Champions (Top Tier),0,2.159941742882873,0.34598950581256527
16718,369,5,3647.53,2,4,5,245,11,At Risk (High Frequency),2,0.30685641513294076,1.3023433229255053
16719,15,14,3973.3,5,5,5,555,15,Champions (Top Tier),0,2.0587808585279883,-0.06906729017423109
16720,26,3,795.48,4,3,3,433,10,Loyal Customers,3,0.18204991272632962,-0.745443685775056
16721,262,1,292.47,2,2,2,222,6,Hibernating / Churned,1,-1.5172568986286483,-0.04250734884978341
16722,17,22,8989.08,5,5,5,555,15,Champions (Top Tier),0,2.701865158322323,0.3967055839325947
16723,91,4,1301.63,3,4,4,344,11,Loyal Customers,2,0.1697834271043743,0.15968245325997973
16724,405,1,147.35,2,2,1,221,5,Hibernating / Churned,1,-1.9545169237711364,-0.007234620537892561
16725,302,14,1882.11,2,5,4,254,11,At Risk (High Frequency),2,0.7825494086624549,1.3295646400425722
16726,26,7,2088.41,4,4,4,444,12,Champions (Top Tier),0,1.1303475582555305,-0.20302687076938727
16727,364,4,1437.42,2,4,4,244,10,At Risk (High Frequency),2,-0.2327872563161617,0.9494771323446003
16728,46,4,1054.67,4,4,3,443,11,Loyal Customers,3,0.2955460987642523,-0.27369429683898044
16729,38,21,7239.92,4,5,5,455,14,Champions (Top Tier),0,2.3237470088119543,0.742125577943433
16730,52,3,743.11,4,3,3,433,10,Loyal Customers,3,-0.065678959814314,-0.3937999070259973
16731,648,1,174.05,1,2,1,121,4,Hibernating / Churned,1,-2.0342206056455363,0.3010325908219006
16732,32,4,4387.64,4,4,5,445,13,Champions (Top Tier),2,1.029878589067705,-0.04222604909743104
16733,530,1,259.68,1,2,1,121,4,Hibernating / Churned,1,-1.796050310982991,0.3095568675520693
16734,52,3,650.51,4,3,3,433,10,Loyal Customers,3,-0.12350269287729404,-0.4335819364733099
16735,79,14,6270.56,3,5,5,355,13,Loyal Customers,0,1.7367319772979204,0.9551913305089549
16736,506,5,2956.56,1,4,4,144,9,At Risk (High Frequency),2,0.11362028694575059,1.4132387651478366
16737,53,2,835.2,4,2,3,423,9,New / Promising,3,-0.2403737198015818,-0.45386435876287334
16738,298,1,3.75,2,2,1,221,5,Hibernating / Churned,1,-3.3529602654833672,-1.2061434540903224
16739,177,2,786.43,3,2,3,323,8,Need Attention,2,-0.6523025169541329,0.1860489247820186
16740,395,1,236.81,2,2,1,221,5,Hibernating / Churned,1,-1.74112611537991,0.12027108004082514
16741,625,1,173.06,1,2,1,121,4,Hibernating / Churned,1,-2.0250183824783545,0.2794331964645793
16742,47,14,2852.61,4,5,4,454,13,Champions (Top Tier),0,1.5593270824045216,0.43772197293716875
16743,29,14,4253.26,4,5,5,455,14,Champions (Top Tier),0,1.8850912595225455,0.29802610783585703
16744,11,7,1304.76,5,4,4,544,13,Champions (Top Tier),3,1.188081952953512,-0.7910264603542355
16745,87,17,7194.3,3,5,5,355,13,Loyal Customers,0,1.9047486010800119,1.115627970697192
16746,5,42,18066.4,5,5,5,555,15,Champions (Top Tier),0,3.8381117085820806,0.22872429050325768
16747,38,2,836.06,4,2,3,423,9,New / Promising,3,-0.13467652446480793,-0.6330470489568462
16748,18,14,3637.33,5,5,5,555,15,Champions (Top Tier),0,1.9647699622525323,-0.0007208010246050959
16749,591,2,4387.08,1,2,5,125,8,Cant Lose Them (High Spend),2,-0.293516058310339,1.3631125025702302
16750,45,5,623.93,4,4,3,443,11,Loyal Customers,3,0.21343786869174314,-0.3757650822554317
16751,31,1,1764.72,4,2,4,424,10,New / Promising,3,-0.05517520590244313,-0.6671367364691777
16752,373,1,415.0,2,2,2,222,6,Hibernating / Churned,1,-1.4793233046507492,0.2561433962308574
16753,58,1,223.92,4,2,1,421,7,New / Promising,1,-1.149610811692981,-0.9465154189178749
16754,372,29,67502.47,2,5,5,255,12,At Risk (High Frequency),0,2.8013447138231573,2.769358832756615
16755,114,7,2900.58,3,4,4,344,11,Loyal Customers,2,0.8045499896116788,0.6945355903040523
16756,215,7,1312.37,2,4,4,244,10,At Risk (High Frequency),2,0.25579015974289016,0.8049302495801809
16757,319,2,270.48,2,2,1,221,5,Hibernating / Churned,1,-1.3053406772751575,0.19079006526491407
16758,65,1,369.34,3,2,2,322,7,Need Attention,1,-0.9688958200142876,-0.7353985814704281
16759,8,3,789.79,5,3,3,533,11,Loyal Customers,3,0.5342497410416229,-1.3535418851593406
16760,430,1,228.0,1,2,1,121,4,Hibernating / Churned,1,-1.78494350160713,0.15568459412144947
16761,97,1,316.62,3,2,2,322,7,Need Attention,1,-1.1635672872287892,-0.5633288090943938
16762,20,3,1501.38,4,3,4,434,11,Loyal Customers,3,0.539450535340324,-0.6940923912952203
16763,199,2,964.7,2,2,3,223,7,Need Attention,2,-0.6011969089783268,0.31141478552156177
16764,4,13,2799.25,5,5,4,554,14,Champions (Top Tier),0,2.2300048049028693,-0.8406833386151422
16765,294,2,454.75,2,2,2,222,6,Hibernating / Churned,1,-1.0536228267774437,0.30100134348372115
16766,273,2,1145.6,2,2,3,223,7,Need Attention,2,-0.6283059355908983,0.5364509732781466
16767,31,15,8073.8,4,5,5,455,14,Champions (Top Tier),0,2.1922687300068615,0.5490760172876618
16768,48,9,1708.12,4,5,4,454,13,Champions (Top Tier),2,1.0203702605089093,0.1472332213582706
16769,260,4,1141.75,2,4,3,243,9,At Risk (High Frequency),2,-0.22443869075957695,0.6956142044302854
16770,58,9,1932.13,4,5,4,454,13,Champions (Top Tier),2,1.0138928757015382,0.2865357092588179
16771,33,10,3967.6,4,5,5,455,14,Champions (Top Tier),0,1.5778102909391942,0.23272678742540776
16772,423,3,3723.55,1,3,5,135,9,Need Attention,2,-0.03748202359110538,1.2352412842713014
16773,57,3,421.24,4,3,2,432,9,Loyal Customers,3,-0.3413729966875503,-0.5136904342094163
16774,68,8,1594.45,3,5,4,354,12,Loyal Customers,2,0.7993619321312405,0.2768574996518882
16775,10,16,3056.89,5,5,5,555,15,Champions (Top Tier),0,2.1613778063555973,-0.30838539874227455
16776,60,2,619.85,3,2,3,323,8,Need Attention,3,-0.4093607582233855,-0.47577363610145157
16777,80,5,1307.76,3,4,4,344,11,Loyal Customers,2,0.3520687199138184,0.15758845342815575
16778,74,2,245.94,3,2,1,321,6,Need Attention,1,-0.8773273369136592,-0.6377942270478345
16779,2,53,33268.24,5,5,5,555,15,Champions (Top Tier),0,4.501667289200064,0.11254649547188893
16780,100,3,605.55,3,3,2,332,8,Loyal Customers,2,-0.36316918957474814,-0.09932440661861276
16781,372,2,934.25,2,2,3,223,7,Need Attention,2,-0.8167159660239777,0.6455905779124568
16782,10,38,10438.41,5,5,5,555,15,Champions (Top Tier),0,3.3289382953711955,0.3631081712507941
16783,437,1,391.95,1,2,2,122,5,Hibernating / Churned,1,-1.555214843639125,0.3262061043877115
16784,20,5,896.53,4,4,3,443,11,Loyal Customers,3,0.624552930576307,-0.6998891414726018
16785,410,1,533.78,2,2,2,222,6,Hibernating / Churned,1,-1.400549105690825,0.3833632532945813
16786,394,1,51.84,2,2,1,221,5,Hibernating / Churned,1,-2.39479442510261,-0.33140202141280606
16787,398,4,1035.43,2,4,3,243,9,At Risk (High Frequency),2,-0.40420416012014637,0.9004865676154878
16788,123,5,1950.3,3,4,4,344,11,Loyal Customers,2,0.38813127015246734,0.5120249333355696
16789,8,1,80.8,5,2,1,521,8,New / Promising,3,-0.9815637915998525,-2.2864027710853008
16790,4,6,1545.62,5,4,4,544,13,Champions (Top Tier),3,1.443043205944372,-1.2721029036058715
16791,29,15,4038.69,4,5,5,455,14,Champions (Top Tier),0,1.911797247075507,0.30615742313931055
16792,282,5,623.46,2,4,3,243,9,At Risk (High Frequency),2,-0.37449090728962053,0.6260892840209055
16793,57,1,243.84,4,2,1,421,7,New / Promising,1,-1.1071589809361333,-0.930541432223724
16794,1,15,2090.91,5,5,4,554,14,Champions (Top Tier),0,2.5013117641039933,-1.384495497220216
16795,365,3,2492.39,2,3,4,234,9,Need Attention,2,-0.1645148259105748,1.0339778431156046
16796,89,1,305.62,3,2,2,322,7,Need Attention,1,-1.1513609919201546,-0.6208494875000768
16797,393,5,1827.77,2,4,4,244,10,At Risk (High Frequency),2,-0.0139886580126712,1.1302547310801705
16798,554,3,848.71,1,3,3,133,7,Need Attention,2,-0.7675598669870286,0.941364154157851
16799,432,2,495.98,1,2,2,122,5,Hibernating / Churned,1,-1.1400589980252749,0.5385948517845015
16800,11,1,1201.49,5,2,3,523,10,New / Promising,3,0.09489845916706688,-1.3231224844662823
16801,163,4,1619.73,3,4,4,344,11,Loyal Customers,2,0.07788487498434846,0.5439325078522141
16802,679,2,582.61,1,2,2,122,5,Hibernating / Churned,1,-1.2161247790015748,0.8356448270142752
16803,65,1,332.3,3,2,2,322,7,Need Attention,1,-1.0147465107678932,-0.7669433025238556
16804,23,3,536.99,4,3,2,432,9,Loyal Customers,3,0.04942538199961138,-0.9278605685730851
16805,174,5,1097.24,3,4,3,343,10,Loyal Customers,2,0.02661721964702013,0.5299796090786578
16806,103,4,801.49,3,4,3,343,10,Loyal Customers,2,-0.08064324841259664,0.08229522127428637
16807,143,6,2123.88,3,4,4,344,11,Loyal Customers,2,0.49441992021567416,0.6764356184044064
16808,99,2,288.42,3,2,1,321,6,Need Attention,1,-0.9013053770294517,-0.4316035598282351
16809,23,9,1727.43,4,5,4,454,13,Champions (Top Tier),0,1.2561089541555304,-0.2430896115533126
16810,192,2,842.04,2,2,3,223,7,Need Attention,2,-0.6487782801101754,0.251101298388084
16811,5,2,547.07,5,2,2,522,9,New / Promising,3,0.2864485355876023,-1.7922318632549068
16812,361,4,2392.0,2,4,4,244,10,At Risk (High Frequency),2,-0.008648577658391396,1.09729329008509
16813,8,10,1692.98,5,5,4,554,14,Champions (Top Tier),0,1.6372680525450174,-0.7552168313119354
16814,14,36,12499.71,5,5,5,555,15,Champions (Top Tier),0,3.266879294864149,0.5688496679068711
16815,454,2,410.97,1,2,2,122,5,Hibernating / Churned,1,-1.2377131922108082,0.5097728244413898
16816,103,4,417.06,3,4,2,342,9,Loyal Customers,2,-0.36437261625658474,-0.11290715444128784
16817,3,13,2804.9,5,5,4,554,14,Champions (Top Tier),0,2.3030521591979585,-0.9631573068915956
16818,11,11,3349.57,5,5,5,555,15,Champions (Top Tier),0,1.9073514354939383,-0.3605239194743687
16819,465,2,182.59,1,2,1,121,4,Hibernating / Churned,1,-1.5971106973860283,0.2810029357832328
16820,96,1,497.61,3,2,2,322,7,Need Attention,1,-0.9640315355315938,-0.4339899157851188
16821,382,1,113.35,2,2,1,221,5,Hibernating / Churned,1,-2.0489176305982317,-0.11732375673315205
16822,686,1,181.39,1,2,1,121,4,Hibernating / Churned,1,-2.034751842659204,0.34471314751097454
16823,227,7,2260.09,2,4,4,244,10,At Risk (High Frequency),2,0.47467435827819193,0.9973719734248379
16824,16,3,686.24,5,3,3,533,11,Loyal Customers,3,0.2674882334482547,-1.044768084697941
16825,39,5,1826.89,4,4,4,444,12,Champions (Top Tier),2,0.7256287583440296,-0.13157005409683786
16826,51,1,341.7,4,2,2,422,8,New / Promising,3,-0.925536955791333,-0.8901160282977744
16827,393,5,392.13,2,4,2,242,8,At Risk (High Frequency),2,-0.6828571129859293,0.6700813184929403
16828,93,2,128.5,3,2,1,321,6,Need Attention,1,-1.2312036535873152,-0.7064657401072166
16829,157,2,513.32,3,2,2,322,7,Need Attention,1,-0.7990775485048964,-0.007191278596228123
16830,39,4,1207.5,4,4,3,443,11,Loyal Customers,3,0.40653236996108066,-0.32217059544506377
16831,565,1,91.8,1,2,1,121,4,Hibernating / Churned,1,-2.2660918254706357,0.03558473503684263
16832,184,5,417.61,3,4,2,342,9,Loyal Customers,2,-0.4110246507210575,0.2719024797931401
16833,1,6,2409.04,5,4,4,544,13,Champions (Top Tier),0,1.9323951191405937,-1.6447117137818839
16834,228,2,898.96,2,3,3,233,8,Need Attention,2,-0.6756663843971803,0.3649939220825387
16835,128,6,1538.41,3,4,4,344,11,Loyal Customers,2,0.3897557665338612,0.5192790911713003
16836,40,4,782.37,4,4,3,443,11,Loyal Customers,3,0.20991516321357975,-0.4383269429839514
16837,31,11,3170.98,4,5,5,455,14,Champions (Top Tier),0,1.5662935055072367,0.16406696263550966
16838,197,4,1159.61,2,4,3,243,9,At Risk (High Frequency),2,-0.12834363187789313,0.547885832996111
16839,9,44,22310.49,5,5,5,555,15,Champions (Top Tier),0,3.7993759118599524,0.5902767140888553
16840,603,2,139.85,1,3,1,131,5,Need Attention,1,-1.7963104929930689,0.3447418781223365
16841,37,12,4006.06,4,5,5,455,14,Champions (Top Tier),0,1.673446535746718,0.3581092497771078
16842,101,3,1264.19,3,3,4,334,10,Loyal Customers,2,-0.04647084823911361,0.12618663282218753
16843,43,35,19571.43,4,5,5,455,14,Champions (Top Tier),0,3.0930042194454392,1.2865856240447326
16844,563,2,614.34,1,3,2,132,6,Need Attention,1,-1.1325964057108433,0.7483296255737988
16845,618,1,253.88,1,2,1,121,4,Hibernating / Churned,1,-1.8554356297167889,0.3873995401455816
16846,50,3,842.41,4,3,3,433,10,Loyal Customers,3,0.0012651198003054119,-0.377518944800111
16847,43,2,614.89,4,3,2,432,9,Loyal Customers,3,-0.30719274544023095,-0.6583611111400507
16848,53,4,1411.62,4,4,4,444,12,Champions (Top Tier),2,0.3773760082518807,-0.10992659870969587
16849,187,1,124.57,3,2,1,321,6,Need Attention,1,-1.7780446623081776,-0.481792228434611
16850,334,1,332.41,2,2,2,222,6,Hibernating / Churned,1,-1.539999999844215,0.12915343687490247
16851,4,3,342.45,5,3,2,532,10,Loyal Customers,3,0.36148161530110745,-1.9273947576558605
16852,10,2,144.91,5,3,1,531,9,Loyal Customers,3,-0.4854145619654845,-1.8540702601129746
16854,417,2,1408.96,1,3,4,134,8,Need Attention,2,-0.6749434347450686,0.831297749009696
16855,24,2,328.4,4,3,2,432,9,Loyal Customers,3,-0.3966423891590315,-1.1574962172231793
16856,15,3,358.49,5,3,2,532,10,Loyal Customers,3,0.005149138229031343,-1.272182166790537
16857,443,1,352.8,1,2,2,122,5,Hibernating / Churned,1,-1.605279759875851,0.30229383131738663
16858,369,10,4668.28,2,5,5,255,12,At Risk (High Frequency),2,0.8764916193304264,1.598053415295421
16859,145,7,1932.41,3,4,4,344,11,Loyal Customers,2,0.5507170244074622,0.7046533448516767
16860,453,3,1610.62,1,3,4,134,8,Need Attention,2,-0.4240825143033197,1.0221834286646767
16861,60,5,946.59,3,4,3,343,10,Loyal Customers,2,0.30328304721250837,-0.09548381479495212
16862,547,4,662.33,1,4,3,143,8,At Risk (High Frequency),2,-0.7010035092477055,0.94191668166831
16863,31,3,998.52,4,3,3,433,10,Loyal Customers,3,0.22590081209260646,-0.583760336677397
16864,434,2,409.25,1,3,2,132,6,Need Attention,1,-1.224995154085169,0.48372697152336125
16865,402,1,130.95,2,2,1,221,5,Hibernating / Churned,1,-2.0030912832676875,-0.04639418963480958
16866,141,3,207.74,3,3,1,331,7,Loyal Customers,1,-0.9374876205039402,-0.23071640377506958
16867,690,1,76.74,1,2,1,121,4,Hibernating / Churned,1,-2.407676943903985,0.09263909746529801
16868,394,3,393.39,2,3,2,232,7,Need Attention,1,-0.9915352682598065,0.5240228143783474
16869,23,4,825.42,4,4,3,443,11,Loyal Customers,3,0.40639270203244066,-0.7176836194225494
16870,469,1,450.16,1,2,2,122,5,Hibernating / Churned,1,-1.5179155854204789,0.40645044414258574
16871,22,6,2812.34,4,4,4,444,12,Champions (Top Tier),0,1.2098008912426763,-0.251289990452336
16872,77,6,1213.13,3,4,3,343,10,Loyal Customers,2,0.4491909036039331,0.1707302495915718
16873,5,12,14617.39,5,5,5,555,15,Champions (Top Tier),0,2.8335564820479653,-0.2725559409353965
16874,379,1,217.74,2,2,1,221,5,Hibernating / Churned,1,-1.7641567184741054,0.07250119349934663
16875,67,11,4234.53,3,5,5,355,13,Loyal Customers,0,1.4483160101999366,0.6663751738924336
16876,404,1,136.01,2,2,1,221,5,Hibernating / Churned,1,-1.988319041494809,-0.03239900754065834
16877,12,6,853.72,5,4,3,543,12,Loyal Customers,3,0.8759660665444867,-0.9226083676042083
16878,84,1,13.3,3,2,1,321,6,Need Attention,1,-2.466622616584304,-1.56997844130402
16880,31,8,1840.86,4,5,4,454,13,Champions (Top Tier),0,1.1103624436467177,-0.10395376339931574
16881,67,1,432.0,3,2,2,322,7,Need Attention,3,-0.9105371044568455,-0.6721400820779213
16882,67,3,705.12,3,3,3,333,9,Loyal Customers,3,-0.16908281603874054,-0.2720289967042737
16883,187,19,2396.59,3,5,4,354,12,Loyal Customers,2,1.2614292284996964,1.2439153087745238
16884,38,4,1073.92,4,4,3,443,11,Loyal Customers,3,0.363755379311784,-0.37119850984348157
16885,15,4,710.74,5,4,3,543,12,Loyal Customers,3,0.4725300122921153,-0.986042027006324
16886,456,1,134.0,1,2,1,121,4,Hibernating / Churned,1,-2.0338181380574745,0.029803481203218202
16887,35,3,660.72,4,3,3,433,10,Loyal Customers,3,0.008355364481602047,-0.6422561665647175
16888,401,3,437.15,2,3,2,232,7,Need Attention,1,-0.9514344911098709,0.5652093022827811
16889,195,6,2530.9,2,4,4,244,10,At Risk (High Frequency),2,0.4709615053843246,0.8989446397074374
16890,477,3,285.41,1,3,1,131,5,Need Attention,1,-1.1924175330725033,0.5334535201861107
16891,2,11,2056.82,5,5,4,554,14,Champions (Top Tier),0,2.143608235616733,-1.2710767898857744
16892,1,7,762.1,5,4,3,543,12,Loyal Customers,3,1.5338657123751724,-1.9400861842495514
16893,367,2,401.77,2,3,2,232,7,Need Attention,1,-1.178904371180388,0.385962828863947
16894,502,3,1324.06,1,3,4,134,8,Need Attention,2,-0.5424171011083666,1.0201078281867455
16895,65,5,1121.42,3,4,3,343,10,Loyal Customers,2,0.3514754125212863,-0.001345805248262074
16896,555,1,103.95,1,2,1,121,4,Hibernating / Churned,1,-2.206792353652654,0.06258357552544452
16897,299,2,289.78,2,3,1,231,6,Need Attention,1,-1.2545849291151079,0.17575180265237234
16898,26,5,1016.37,4,4,3,443,11,Loyal Customers,3,0.5978029103731276,-0.5237568179793166
16899,8,8,1721.02,5,5,4,554,14,Champions (Top Tier),0,1.491358549274126,-0.8237549323935474
16900,17,3,887.11,5,3,3,533,11,Loyal Customers,3,0.36056782591938435,-0.9364855968549974
16901,729,1,204.26,1,2,1,121,4,Hibernating / Churned,1,-2.0029880739648793,0.41356046816974495
16902,116,1,1706.88,3,2,4,324,9,Need Attention,2,-0.4889679292300592,0.037958340600009355
16903,29,3,1062.28,4,3,3,433,10,Loyal Customers,3,0.27368048296488773,-0.6008461044928722
16904,4,21,5132.37,5,5,5,555,15,Champions (Top Tier),0,2.8384333259272543,-0.4938206348760969
16905,5,17,5034.15,5,5,5,555,15,Champions (Top Tier),0,2.6180073399940325,-0.47249476283775604
16906,82,7,1448.8,3,4,4,344,11,Loyal Customers,2,0.6081277125356598,0.3069804060990717
16907,29,9,1707.9,4,5,4,454,13,Champions (Top Tier),0,1.1789942630277157,-0.12341392185696046
16908,722,1,252.59,1,2,1,121,4,Hibernating / Churned,1,-1.9078726494353873,0.47154028423211025
16909,72,1,379.14,3,2,2,322,7,Need Attention,1,-0.9901345306130555,-0.6719802412066436
16910,4,8,1510.06,5,5,4,554,14,Champions (Top Tier),0,1.6246014369407957,-1.1870759263393125
16911,636,2,255.25,1,3,1,131,5,Need Attention,1,-1.5531233470022265,0.553228926339709
16912,29,15,4480.31,4,5,5,455,14,Champions (Top Tier),0,1.9569382562414175,0.33721389183813566
16913,290,3,423.91,2,3,2,232,7,Need Attention,1,-0.8602770821013231,0.3777988151444337
16914,36,1,208.46,4,2,1,421,7,New / Promising,3,-1.0296787823666385,-1.2252017709345508
16915,9,11,1543.18,5,5,4,554,14,Champions (Top Tier),0,1.6292704784232634,-0.6929706693795481
16916,24,4,1123.4,4,4,3,443,11,Loyal Customers,3,0.527159316953876,-0.6029983954336209
16917,277,2,1857.83,2,3,4,234,9,Need Attention,2,-0.4227741439311409,0.6890730247108882
16918,50,16,3213.29,4,5,5,455,14,Champions (Top Tier),0,1.6869690669156134,0.5526030330083114
16919,156,24,5125.91,3,5,5,355,13,Loyal Customers,0,1.8205987679489892,1.4537197451529011
16920,411,1,355.45,1,2,2,122,5,Hibernating / Churned,1,-1.5778402956520978,0.2632701621557817
16921,61,3,446.67,3,3,2,332,8,Loyal Customers,3,-0.33749669096761675,-0.4593995106153927
16922,573,1,611.08,1,2,2,122,5,Hibernating / Churned,1,-1.4498425387850813,0.6080187560791651
16923,12,32,13378.36,5,5,5,555,15,Champions (Top Tier),0,3.2554560222770834,0.46837652407967634
16924,21,3,846.75,4,3,3,433,10,Loyal Customers,3,0.2754291389467795,-0.8397259771466566
16925,540,1,125.65,1,2,1,121,4,Hibernating / Churned,1,-2.11617195088229,0.10375915021021916
16926,371,5,1421.35,2,4,4,244,10,At Risk (High Frequency),2,-0.1047618277843016,1.0233278637422514
16927,116,3,543.05,3,3,2,332,8,Loyal Customers,2,-0.45804593326664267,-0.05076820322112137
16928,80,29,4113.23,3,5,5,355,13,Loyal Customers,0,2.0779530496145866,1.089562752899843
16929,4,7,1295.39,5,4,4,544,13,Champions (Top Tier),3,1.468097435200514,-1.2760569522329799
16930,26,3,380.55,4,3,2,432,9,Loyal Customers,3,-0.1381698106677153,-0.9657509850598878
16931,5,23,5233.62,5,5,5,555,15,Champions (Top Tier),0,2.8543283719207335,-0.3555630830296199
16932,53,3,440.71,4,3,2,432,9,Loyal Customers,3,-0.2986469539645582,-0.5396099733422225
16933,1,9,3181.25,5,5,5,555,15,Champions (Top Tier),0,2.3253684409083397,-1.4309541261642087
16934,55,6,2110.99,4,4,4,444,12,Champions (Top Tier),2,0.7972355056039484,0.15368572036619005
16935,382,3,535.1,2,3,2,232,7,Need Attention,1,-0.8479886961720706,0.5989003315467103
16936,26,2,551.17,4,3,2,432,9,Loyal Customers,3,-0.19676579023527874,-0.9604099769601776
16937,499,1,202.1,1,2,1,121,4,Hibernating / Churned,1,-1.885195013700604,0.2016627900937439
16938,9,9,7043.18,5,5,5,555,15,Champions (Top Tier),0,2.1505749906246265,-0.3053855488269955
16939,489,3,449.0,1,3,2,132,6,Need Attention,1,-1.003846337528864,0.6823811289472981
16940,52,8,6427.66,4,5,5,455,14,Champions (Top Tier),0,1.4910527473614479,0.5485203527309281
16941,612,1,33.0,1,2,1,121,4,Hibernating / Churned,1,-2.7287743760370624,-0.22098670485011668
16942,13,9,1920.59,5,5,4,554,14,Champions (Top Tier),0,1.4765289942503224,-0.5086665712020703
16943,212,5,1299.49,2,4,4,244,10,At Risk (High Frequency),2,0.03660880249269914,0.6889640697719287
16944,610,1,101.36,1,2,1,121,4,Hibernating / Churned,1,-2.248173071203736,0.10713152748823002
16945,22,33,8548.16,4,5,5,455,14,Champions (Top Tier),0,2.898821450755263,0.6599227210668493
16946,383,5,1222.04,2,4,3,243,9,At Risk (High Frequency),2,-0.18071830884556953,0.9956465709670295
16947,236,5,955.21,2,4,3,243,9,At Risk (High Frequency),2,-0.13172559527675337,0.6557983734802852
16948,139,7,868.77,3,4,3,343,10,Loyal Customers,2,0.21672255285893172,0.4423857816402116
16949,4,6,1286.27,5,4,4,544,13,Champions (Top Tier),3,1.3631805134920287,-1.32704747073405
16950,57,10,3784.37,4,5,5,455,14,Champions (Top Tier),0,1.3845070479679282,0.5131559636832103
16951,135,3,1277.75,3,3,4,334,10,Loyal Customers,2,-0.13487606253996526,0.28805218291651313
16952,109,5,798.78,3,4,3,343,10,Loyal Customers,2,0.03880187346451448,0.17895551321294664
16953,30,1,20.8,4,2,1,421,7,New / Promising,1,-1.9569327404811507,-2.0000987823531666
16954,1,20,6081.88,5,5,5,555,15,Champions (Top Tier),0,3.173148312545764,-0.9654351861594612
16955,185,6,1309.41,3,4,4,344,11,Loyal Customers,2,0.20132565245325582,0.6729017256098638
16956,18,1,308.74,5,2,2,522,9,New / Promising,3,-0.6439092682763065,-1.4757011526700032
16957,239,2,416.64,2,3,2,232,7,Need Attention,1,-1.0248836855641767,0.16105381675021835
16958,435,1,809.44,1,2,3,123,6,Need Attention,1,-1.2387645269409233,0.5403774175749557
16959,87,1,117.35,3,2,1,321,6,Need Attention,1,-1.5582962329886696,-0.9182116726683327
16960,39,8,2043.43,4,5,4,454,13,Champions (Top Tier),2,1.0835922777429703,0.0503583511503647
16961,116,3,794.56,3,3,3,333,9,Loyal Customers,2,-0.292703912421393,0.06298510867556463
16962,410,1,251.04,2,2,1,221,5,Hibernating / Churned,1,-1.7278643110663063,0.15817434816771686
16963,187,1,110.55,3,2,1,321,6,Need Attention,1,-1.829556906946651,-0.5172320301311378
16964,733,2,207.85,1,3,1,131,5,Need Attention,1,-1.687960608689665,0.5701793113027238
16965,227,1,201.19,2,2,1,221,5,Hibernating / Churned,1,-1.6331749144588439,-0.23280184261094586
16966,8,7,2154.97,5,4,4,544,13,Champions (Top Tier),0,1.4993113547230321,-0.799591662686558
16967,189,1,319.02,3,2,2,322,7,Need Attention,1,-1.374417962384131,-0.19591059964052587
16968,4,2,439.43,5,3,2,532,10,Loyal Customers,3,0.2502796973872717,-1.958245999304459
16969,39,3,650.41,4,3,3,433,10,Loyal Customers,3,-0.032553487240647536,-0.5888441056229755
16970,626,1,71.4,1,2,1,121,4,Hibernating / Churned,1,-2.4072057774641484,0.017728441759487564
16971,38,1,357.21,4,2,2,422,8,New / Promising,3,-0.8132337417671877,-1.0355400434312136
16972,383,2,786.25,2,3,3,233,8,Need Attention,1,-0.9010706772628757,0.6100533515006603
16973,386,1,127.0,2,2,1,221,5,Hibernating / Churned,1,-2.00321275802759,-0.07783695517104312
16974,523,2,365.5,1,3,2,132,6,Need Attention,1,-1.3342654048788276,0.552640906605339
16975,423,3,926.12,1,3,3,133,7,Need Attention,2,-0.6425466209645815,0.8189641545325356
16976,267,1,251.52,2,2,1,221,5,Hibernating / Churned,1,-1.5887376550340842,-0.0771071459443195
16977,395,4,496.0,2,4,2,242,8,At Risk (High Frequency),2,-0.7215422730002126,0.6763196843990198
16978,78,3,768.88,3,3,3,333,9,Loyal Customers,3,-0.1799627286591642,-0.16344944608759815
16979,4,9,2859.74,5,5,4,554,14,Champions (Top Tier),0,1.982674352928278,-0.9574465048534413
16980,255,3,1473.33,2,3,4,234,9,Need Attention,2,-0.27752568318559634,0.6795303593373594
16982,61,1,384.06,3,2,2,322,7,Need Attention,3,-0.9317157701357486,-0.7582145516177088
16983,13,11,3710.22,5,5,5,555,15,Champions (Top Tier),0,1.9019759942775971,-0.2448980944739867
16984,88,9,10754.8,3,5,5,355,13,Loyal Customers,0,1.6277052380057837,1.0270522661184496
16985,17,23,10923.16,5,5,5,555,15,Champions (Top Tier),0,2.8191080020787207,0.4706131525382272
16986,30,11,4888.75,4,5,5,455,14,Champions (Top Tier),0,1.764868723535245,0.27610846438392495
16987,3,11,2535.9,5,5,4,554,14,Champions (Top Tier),0,2.141630032384474,-1.0497505007964574
16988,5,2,382.67,5,3,2,532,10,Loyal Customers,3,0.13128139821810558,-1.8989849783013737
16989,7,6,1133.25,5,4,3,543,12,Loyal Customers,3,1.1561059075586517,-1.1056946152268483
16990,219,2,344.0,2,3,2,232,7,Need Attention,1,-1.079879787840362,0.05586390140122773
16991,421,1,1041.21,1,2,3,123,6,Need Attention,1,-1.1187707469074748,0.5976682830797811
16992,11,13,5476.5,5,5,5,555,15,Champions (Top Tier),0,2.238785003989482,-0.15696490857513884
16993,464,2,1950.95,1,3,4,134,8,Need Attention,2,-0.5678809223055599,0.9874376927340979
16996,30,9,2123.61,4,5,4,454,13,Champions (Top Tier),0,1.2631281871782172,-0.04014904319943166
16997,288,3,702.0,2,3,3,233,8,Need Attention,2,-0.6389802382698985,0.5247099050527235
16998,150,5,402.0,3,4,2,342,9,Loyal Customers,2,-0.3618800208905284,0.1485175087297805
16999,23,2,484.82,4,3,2,432,9,Loyal Customers,3,-0.21437288380252353,-1.0636962531775327
17000,396,2,406.3,2,3,2,232,7,Need Attention,1,-1.1985709272352352,0.4311485911438571
17001,1,19,6640.8,5,5,5,555,15,Champions (Top Tier),0,3.1741835368403617,-0.956980102862392
17002,86,7,2571.55,3,4,4,344,11,Loyal Customers,2,0.8424252549623293,0.5046080290327775
17003,402,4,830.16,2,4,3,243,9,At Risk (High Frequency),2,-0.5034645512003648,0.8399181206782754
17004,46,4,2425.16,4,4,4,444,12,Champions (Top Tier),2,0.657611587708527,-0.024597616634182373
17005,471,2,742.36,1,3,3,133,7,Need Attention,1,-0.9927651239316548,0.7066883890047326
17006,5,8,1636.32,5,5,4,554,14,Champions (Top Tier),0,1.6005508561799677,-1.0624920226790038
17007,51,7,1120.1,4,4,3,443,11,Loyal Customers,2,0.647488450457448,-0.027894568132678616
17008,429,1,81.36,1,2,1,121,4,Hibernating / Churned,1,-2.2291399388460644,-0.15171526838037588
17009,551,1,242.06,1,2,1,121,4,Hibernating / Churned,1,-1.8390456283947763,0.30999986999975176
17010,18,1,195.36,5,2,1,521,8,New / Promising,3,-0.8422228341668756,-1.6121384890396102
17011,30,3,671.7,4,3,3,433,10,Loyal Customers,3,0.06387825667434463,-0.7198057446110375
17012,725,1,384.16,1,2,2,122,5,Hibernating / Churned,1,-1.7273642005738168,0.5989331960461761
17014,8,3,586.33,5,3,2,532,10,Loyal Customers,3,0.4048297536928956,-1.4425812721904439
17015,29,3,1842.56,4,3,4,434,11,Loyal Customers,3,0.5131360235838421,-0.43610358678219646
17016,577,1,552.4,1,2,2,122,5,Hibernating / Churned,1,-1.49593925093031,0.5816803121366444
17017,3,29,14110.61,5,5,5,555,15,Champions (Top Tier),0,3.587153992547251,-0.20066024362794616
17018,41,6,2287.7,4,4,4,444,12,Champions (Top Tier),2,0.9252413715778631,0.019064939980431992
17019,11,11,4012.2,5,5,5,555,15,Champions (Top Tier),0,1.9858697585860565,-0.30650426221699145
17020,542,2,935.62,1,3,3,133,7,Need Attention,1,-0.9375353781136823,0.8531570625085744
17021,442,6,1182.22,1,4,3,143,8,At Risk (High Frequency),2,-0.12377497996283983,1.1209958856756932
17022,31,2,260.0,4,3,1,431,8,Loyal Customers,3,-0.5777549325410416,-1.0910114416047663
17023,417,3,800.18,1,3,3,133,7,Need Attention,2,-0.7014612956848427,0.7673994473891951
17024,45,3,95.85,4,3,1,431,8,Loyal Customers,3,-0.9070551772939871,-1.0823045853036168
17025,61,5,1510.64,3,4,4,344,11,Loyal Customers,2,0.5012302913706631,0.05328834627450281
17026,185,3,208.98,3,3,1,331,7,Loyal Customers,1,-1.022209484326583,-0.08006621218575516
17027,79,9,1327.11,3,5,4,354,12,Loyal Customers,2,0.7520821093805697,0.3421102920716029
17028,581,3,1593.83,1,3,4,134,8,Need Attention,2,-0.5089695199872091,1.1560415183797925
17029,111,7,2137.3,3,4,4,344,11,Loyal Customers,2,0.6802859466521244,0.5885821284753846
17030,64,1,146.87,3,2,1,321,6,Need Attention,1,-1.363422352120784,-1.0186462232409905
17031,12,6,2773.85,5,4,4,544,13,Champions (Top Tier),0,1.3883358357331843,-0.5701041592789388
17032,548,8,3004.6,1,5,5,155,11,At Risk (High Frequency),2,0.40414096400514116,1.6103738920657569
17033,86,4,1332.79,3,4,4,344,11,Loyal Customers,2,0.1981421327463668,0.13593727906087685
17034,16,5,1283.92,5,4,4,544,13,Champions (Top Tier),3,0.849013536462974,-0.7090318744546517
17035,246,4,613.59,2,4,2,242,8,At Risk (High Frequency),2,-0.47647585083704985,0.4795393712932755
17036,383,1,176.9,2,2,1,221,5,Hibernating / Churned,1,-1.857463111222023,0.016413086086495273
17037,88,1,1267.32,3,2,4,324,9,Need Attention,3,-0.5299684843837916,-0.20198791660007182
17038,30,2,743.17,4,3,3,433,10,Loyal Customers,3,-0.11160600864984706,-0.7948824643143966
17039,604,1,1954.99,1,2,4,124,7,Cant Lose Them (High Spend),2,-0.9613546500236515,0.9848080957410293
17040,138,2,463.25,3,3,2,332,8,Loyal Customers,1,-0.8022043917041601,-0.10851774634640692
17041,27,6,1686.28,4,4,4,444,12,Champions (Top Tier),3,0.9237304426977819,-0.29583463848529573
17042,3,5,1044.38,5,4,3,543,12,Loyal Customers,3,1.2272151150964994,-1.568856408303649
17043,32,8,2616.55,4,5,4,454,13,Champions (Top Tier),0,1.2533332414698088,0.018227964402275844
17044,25,12,11962.3,4,5,5,455,14,Champions (Top Tier),0,2.2720945762132776,0.47621874202000514
17045,113,5,827.68,3,4,3,343,10,Loyal Customers,2,0.042694810294282716,0.20928225278004595
17046,157,5,1906.07,3,4,4,344,11,Loyal Customers,2,0.2997849031969645,0.638812303219632
17047,85,6,2289.23,3,4,4,344,11,Loyal Customers,2,0.6937402314504554,0.41455665119645335
17048,118,7,2071.68,3,4,4,344,11,Loyal Customers,2,0.647116758321703,0.6126900832155232
17049,3,19,9947.48,5,5,5,555,15,Champions (Top Tier),0,3.125800296175681,-0.45371984098286217
17050,96,11,4691.79,3,5,5,355,13,Loyal Customers,0,1.3780405999549614,0.8929802293433335
17051,194,4,714.39,2,4,3,243,9,At Risk (High Frequency),2,-0.3339412382764302,0.39461900857915944
17052,28,1,413.75,4,2,2,422,8,New / Promising,3,-0.6536463557329948,-1.1550775742314623
17053,131,1,498.48,3,2,2,322,7,Need Attention,1,-1.0629175041540424,-0.26353701708207194
17054,28,5,1356.33,4,4,4,444,12,Champions (Top Tier),3,0.7001313646325236,-0.39804153815759036
17055,446,1,239.55,1,2,1,121,4,Hibernating / Churned,1,-1.7753227803870857,0.19051892901839623
17056,738,1,128.6,1,2,1,121,4,Hibernating / Churned,1,-2.207023025655627,0.28267191806525377
17057,596,1,294.74,1,2,2,122,5,Hibernating / Churned,1,-1.779036669091782,0.4119487813247351
17058,82,3,1179.89,3,3,3,333,9,Loyal Customers,2,-0.009804590169137392,-0.008149046081070865
17059,30,9,5602.53,4,5,5,455,14,Champions (Top Tier),0,1.6850964476224313,0.25016001976852453
17060,266,1,234.24,2,2,1,221,5,Hibernating / Churned,1,-1.6183706292678666,-0.10038801273433631
17061,74,11,5232.23,3,5,5,355,13,Loyal Customers,0,1.5086600803108123,0.7837352706138386
17062,314,6,1208.22,2,4,3,243,9,At Risk (High Frequency),2,-0.00403034556547211,0.9394216665539534
17063,21,13,3638.53,4,5,5,455,14,Champions (Top Tier),0,1.864876860049805,0.0549848926775824
17064,59,3,859.35,4,3,3,433,10,Loyal Customers,3,-0.042645133594671286,-0.28192695868108447
17065,638,2,194.7,1,3,1,131,5,Need Attention,1,-1.6714286872793132,0.47426284901973664
17066,726,1,228.34,1,2,1,121,4,Hibernating / Churned,1,-1.9533908266826958,0.44449509347162575
17067,725,3,454.54,1,3,2,132,6,Need Attention,1,-1.1256754573392072,0.9028872756423946
17068,12,47,9161.08,5,5,5,555,15,Champions (Top Tier),0,3.3764888662624917,0.4921828638330658
17069,28,14,5794.28,4,5,5,455,14,Champions (Top Tier),0,2.030556749452573,0.37186229034086354
17070,114,2,445.32,3,3,2,332,8,Loyal Customers,1,-0.7580391959746958,-0.22485204567493583
17071,28,13,3801.2,4,5,5,455,14,Champions (Top Tier),0,1.7945545267886642,0.22044458783063897
17072,625,1,282.05,1,2,1,121,4,Hibernating / Churned,1,-1.8134602433784588,0.4249826391185841
17073,18,4,1446.09,5,4,4,544,13,Champions (Top Tier),3,0.7256983534781745,-0.6788404187458931
17074,563,1,203.05,1,2,1,121,4,Hibernating / Churned,1,-1.9221199267904616,0.2694931553207677
17075,18,10,2241.73,5,5,4,554,14,Champions (Top Tier),0,1.5176958616002263,-0.2590816659360763
17076,36,6,1242.75,4,4,3,443,11,Loyal Customers,3,0.7008862137865837,-0.23340392152258968
17077,578,1,306.0,1,2,2,122,5,Hibernating / Churned,1,-1.7528765286686303,0.4062486421302751
17078,36,2,378.2,4,3,2,432,9,Loyal Customers,3,-0.4621800297032775,-0.8991156577978281
17079,78,1,118.8,3,2,1,321,6,Need Attention,1,-1.5181037578341279,-0.9740737971086944
17080,22,7,957.53,4,4,3,443,11,Loyal Customers,3,0.8431571473523172,-0.5247275102554517
17081,25,6,964.39,4,4,3,443,11,Loyal Customers,3,0.7047621039175865,-0.5038472779334222
17082,33,6,4732.03,4,4,5,445,13,Champions (Top Tier),0,1.3097232380382215,0.12001490013884446
17083,109,9,4049.79,3,5,5,355,13,Loyal Customers,2,1.1342952476482957,0.8515751274439302
17084,35,3,5202.97,4,3,5,435,12,Loyal Customers,2,0.9056868793272687,-0.02490293015725611
17085,123,28,7891.41,3,5,5,355,13,Loyal Customers,0,2.19781993620795,1.5070356839676806
17086,7,6,2050.08,5,4,4,544,13,Champions (Top Tier),3,1.4138597031068048,-0.9283631192910039
17087,738,1,221.53,1,2,1,121,4,Hibernating / Churned,1,-1.9718014346188395,0.4445015296380166
17088,28,4,1991.01,4,4,4,444,12,Champions (Top Tier),3,0.7279905378945369,-0.34994084665328956
17089,386,1,128.45,2,2,1,221,5,Hibernating / Churned,1,-1.9983115459717538,-0.07446498051626883
17090,4,13,3149.48,5,5,5,555,15,Champions (Top Tier),0,2.2812802099216416,-0.8054064797143524
17091,3,19,7811.1,5,5,5,555,15,Champions (Top Tier),0,3.0206154859713727,-0.5260857190627185
17092,50,11,5594.96,4,5,5,455,14,Champions (Top Tier),0,1.6625522798387795,0.5910798689842878
17093,593,1,235.88,1,2,1,121,4,Hibernating / Churned,1,-1.8739688064196762,0.3427369918980181
17094,322,2,402.2,2,3,2,232,7,Need Attention,1,-1.1362554977103996,0.3143417648973412
17095,23,7,2572.25,4,4,4,444,12,Champions (Top Tier),0,1.259068684097955,-0.20564110066299582
17096,15,11,3759.18,5,5,5,555,15,Champions (Top Tier),0,1.864491077240005,-0.16732405890827468
17097,2,9,1340.45,5,5,4,554,14,Champions (Top Tier),0,1.818370919886051,-1.465902215025492
17098,382,3,591.07,2,3,2,232,7,Need Attention,1,-0.804780986845156,0.628626713323585
17099,533,1,582.17,1,2,2,122,5,Hibernating / Churned,1,-1.4475325742944332,0.5536938508749666
17100,18,2,971.74,5,3,3,533,11,Loyal Customers,3,0.16326806009547543,-0.9847190763768173
17101,10,7,2507.05,5,4,4,544,13,Champions (Top Tier),0,1.5002253518062296,-0.6436288364436343
17102,262,1,25.5,2,2,1,221,5,Hibernating / Churned,1,-2.5635230713546413,-0.7623258297454778
17103,722,1,424.3,1,2,2,122,5,Hibernating / Churned,1,-1.6828904333204753,0.6263253296192126
17104,424,1,474.03,1,2,2,122,5,Hibernating / Churned,1,-1.4629326695495513,0.3663724693742287
17105,159,2,665.78,3,3,3,333,9,Loyal Customers,1,-0.6901863459832551,0.07746146332611545
17106,389,1,491.23,2,2,2,222,6,Hibernating / Churned,1,-1.4196608271353321,0.329617156669899
17107,33,10,16075.42,4,5,5,455,14,Champions (Top Tier),0,2.186495787781845,0.651495052234121
17108,664,1,174.95,1,2,1,121,4,Hibernating / Churned,1,-2.039866106421374,0.3160006082614885
17109,29,8,1295.46,4,5,4,454,13,Champions (Top Tier),3,0.9784538520434441,-0.24466288395393593
17110,165,3,510.7,3,3,2,332,8,Loyal Customers,2,-0.5978577579980402,0.12382482875574705
17111,47,2,476.58,4,3,2,432,9,Loyal Customers,3,-0.44599754855267687,-0.6865038762786555
17112,503,1,205.17,1,2,1,121,4,Hibernating / Churned,1,-1.8812444205142727,0.21054870497279224
17113,574,6,2322.59,1,4,4,144,9,At Risk (High Frequency),2,0.08551634328166628,1.46686454637886
17114,6,8,808.62,5,5,3,553,13,Loyal Customers,3,1.2442716262522526,-1.1882837630316734
17115,8,7,2761.49,5,4,4,544,13,Champions (Top Tier),0,1.607170208355093,-0.7253860750488568
17116,648,1,389.78,1,2,2,122,5,Hibernating / Churned,1,-1.6847997080274804,0.5414299450260585
17117,288,1,116.2,2,2,1,221,5,Hibernating / Churned,1,-1.9471269063337235,-0.26527868805774124
17118,318,1,157.02,2,2,1,221,5,Hibernating / Churned,1,-1.8490432683453983,-0.12134734572876543
17119,3,2,606.91,5,3,2,532,10,Loyal Customers,3,0.4626735507245224,-1.9848512604838222
17120,233,1,307.46,2,2,2,222,6,Hibernating / Churned,1,-1.4577946360205476,-0.09203537706067651
17121,403,1,314.74,2,2,2,222,6,Hibernating / Churned,1,-1.6242656904570858,0.21615163993202735
17122,119,4,570.5,3,4,2,342,9,Loyal Customers,2,-0.27462416069765105,0.059609368738737366
17123,162,3,977.17,3,3,3,333,9,Loyal Customers,2,-0.3100353403880864,0.3077259273149221
17124,185,1,298.89,3,2,2,322,7,Need Attention,1,-1.3958040832494443,-0.22709427740849275
17125,50,1,259.35,4,2,1,421,7,New / Promising,3,-1.038835849895603,-0.9830953372302145
17126,152,9,2070.44,3,5,4,354,12,Loyal Customers,2,0.7357677510901027,0.8328046563486385
17127,429,5,1155.03,1,4,3,143,8,At Risk (High Frequency),2,-0.241828752701925,1.041184134799393
17128,335,1,157.09,2,2,1,221,5,Hibernating / Churned,1,-1.8656428433840293,-0.09257767619212204
17129,520,1,31.85,1,2,1,121,4,Hibernating / Churned,1,-2.6911519781970745,-0.32097894337780714
17131,5,5,2463.17,5,4,4,544,13,Champions (Top Tier),3,1.4691685589283279,-1.0885352857155794
17132,452,2,1272.8,1,3,4,134,8,Need Attention,2,-0.7451381448859562,0.8452484793775126
17133,16,12,14622.33,5,5,5,555,15,Champions (Top Tier),0,2.4968706433508276,0.3019708425417496
17134,107,3,637.1,3,3,3,333,9,Loyal Customers,2,-0.36277894583263043,-0.047184661939676166
17135,16,10,1954.16,5,5,4,554,14,Champions (Top Tier),0,1.4939632079709082,-0.3615063388809984
17136,662,1,231.68,1,2,1,121,4,Hibernating / Churned,1,-1.917295714332395,0.3979960059965483
17137,416,6,1133.63,1,4,3,143,8,At Risk (High Frequency),2,-0.12245826733064577,1.0750830140579264
17138,276,7,4417.27,2,4,5,245,11,At Risk (High Frequency),2,0.7031896740889981,1.3052782255968616
17139,16,25,19584.46,5,5,5,555,15,Champions (Top Tier),0,3.152662291945587,0.6431470670983842
17140,247,1,465.32,2,2,2,222,6,Hibernating / Churned,1,-1.296768086517262,0.06372856032470446
17141,418,4,754.33,1,4,3,143,8,At Risk (High Frequency),2,-0.5576823335981206,0.8327550235600837
17142,239,4,1283.75,2,4,4,244,10,At Risk (High Frequency),2,-0.1463469737954955,0.684409869536846
17143,417,2,924.11,1,3,3,133,7,Need Attention,1,-0.858298290828131,0.7051518241857233
17144,1,2,984.57,5,3,3,533,11,Loyal Customers,3,0.8970947884090571,-2.222522046351858
17145,513,4,3120.91,1,4,5,145,10,At Risk (High Frequency),2,-0.0063416985001114356,1.3702545942168507
17146,106,13,5860.24,3,5,5,355,13,Loyal Customers,0,1.5606169308524476,1.0700777604597476
17147,23,9,3199.95,4,5,5,455,14,Champions (Top Tier),0,1.524235348117985,-0.05862189327925546
17148,52,1,124.88,4,2,1,421,7,New / Promising,1,-1.367466479433548,-1.1794134828679124
17149,451,1,143.1,1,2,1,121,4,Hibernating / Churned,1,-2.0018769980577185,0.04326284584866098
17150,377,6,1375.65,2,4,4,244,10,At Risk (High Frequency),2,-0.006574517552497423,1.0788017195084196
17151,735,1,231.9,1,2,1,121,4,Hibernating / Churned,1,-1.9506679782894727,0.4558923114248293
17152,195,4,2016.5,2,4,4,244,10,At Risk (High Frequency),2,0.11551513427275377,0.7077990278711349
17153,24,1,213.78,4,2,1,421,7,New / Promising,3,-0.891969272225607,-1.4339289563994255
17154,75,1,329.34,3,2,2,322,7,Need Attention,1,-1.0642563187200116,-0.6918001494296957
17155,18,7,892.46,5,4,3,543,12,Loyal Customers,3,0.8743617473687303,-0.6511500514385881
17156,492,1,591.87,1,2,2,122,5,Hibernating / Churned,1,-1.4145175147581421,0.5145696068561579
17157,8,19,5151.9,5,5,5,555,15,Champions (Top Tier),0,2.5772866575901032,-0.20337043927503787
17158,32,5,1980.0,4,4,4,444,12,Champions (Top Tier),3,0.8228463481323317,-0.21359564554398866
17159,22,5,2099.59,4,4,4,444,12,Champions (Top Tier),3,0.9651116193573905,-0.39516997373885343
17160,31,17,10209.16,4,5,5,455,14,Champions (Top Tier),0,2.384193427920659,0.6624260540282139
17161,444,1,856.01,1,2,3,123,6,Need Attention,1,-1.2210624797098075,0.5683721261348297
17162,29,10,1715.46,4,5,4,454,13,Champions (Top Tier),0,1.2536085107922066,-0.08720567805522401
17163,22,4,699.78,4,4,3,443,11,Loyal Customers,3,0.348404834468283,-0.7905228707459407
17164,33,7,2467.35,4,4,4,444,12,Champions (Top Tier),0,1.1283084179492928,-0.02598735890141762
17165,284,6,1794.32,2,4,4,244,10,At Risk (High Frequency),2,0.20029596911017122,1.002523678674717
17166,39,2,206.34,4,3,1,431,8,Loyal Customers,3,-0.7500691694910544,-1.0368318887826022
17167,380,3,867.11,2,3,3,233,8,Need Attention,2,-0.6365758775818637,0.7402970417059179
17168,499,1,400.2,1,2,2,122,5,Hibernating / Churned,1,-1.5889924306087042,0.40544658713945997
17169,58,3,1156.73,4,3,3,433,10,Loyal Customers,3,0.09196338557016386,-0.20232788107460406
17170,374,2,178.68,2,3,1,231,6,Need Attention,1,-1.5362101027228212,0.15472675226613447
17171,289,2,384.59,2,3,2,232,7,Need Attention,1,-1.1208304125086537,0.2415309770581672
17172,79,3,956.57,3,3,3,333,9,Loyal Customers,2,-0.08910676913397853,-0.09120473335965094
17173,5,8,3766.6,5,5,5,555,15,Champions (Top Tier),0,1.9631573156404243,-0.8130231612976389
17174,218,1,59.9,2,2,1,221,5,Hibernating / Churned,1,-2.1422639547083806,-0.614223935183645
17175,44,4,1443.69,4,4,4,444,12,Champions (Top Tier),3,0.4461109727260122,-0.20376818646346356
17176,202,3,902.32,2,3,3,233,8,Need Attention,2,-0.4156501720380389,0.4049392548234788
17177,505,1,119.5,1,2,1,121,4,Hibernating / Churned,1,-2.1161988816302104,0.05196851994494686
17178,731,1,436.71,1,2,2,122,5,Hibernating / Churned,1,-1.6743772358383773,0.6417586043485431
17179,178,6,1507.26,3,4,4,344,11,Loyal Customers,2,0.27491548774033703,0.6938364848616145
17180,56,11,2256.98,4,5,4,454,13,Champions (Top Tier),0,1.2316891954265032,0.38074816873386386
17181,57,3,465.37,4,3,2,432,9,Loyal Customers,3,-0.29812122106845473,-0.48393373535613865
17182,423,2,321.3,1,3,2,132,6,Need Attention,1,-1.3216951740355012,0.3973724925151529
17183,8,6,3347.31,5,4,5,545,14,Champions (Top Tier),0,1.5890058049329325,-0.7166919095234539
17184,569,2,198.41,1,3,1,131,5,Need Attention,1,-1.6263001357466011,0.41685876434878316
17185,592,3,229.46,1,3,1,131,5,Need Attention,1,-1.3567115343325309,0.5872989864682349
17186,47,2,144.0,4,3,1,431,8,Loyal Customers,3,-0.9646414852264985,-1.0433246359995036
17187,227,2,467.71,2,3,2,232,7,Need Attention,1,-0.958098515363433,0.1672963910087469
17188,11,13,4592.93,5,5,5,555,15,Champions (Top Tier),0,2.162244458930229,-0.2096238784507794
17189,106,5,957.63,3,4,3,343,10,Loyal Customers,2,0.12657235354150564,0.21793620575835249
17190,59,7,1743.04,4,4,4,444,12,Champions (Top Tier),2,0.7934761037404141,0.18331384333331827
17191,28,15,4836.05,4,5,5,455,14,Champions (Top Tier),0,2.0011403690858165,0.3413820948516229
17192,536,1,77.83,1,2,1,121,4,Hibernating / Churned,1,-2.32006958084726,-0.04226450205070483
17193,36,9,2310.04,4,5,4,454,13,Champions (Top Tier),0,1.242500656107418,0.08261696045008593
17194,274,3,812.5,2,3,3,233,8,Need Attention,2,-0.5593998301016082,0.5410231527426275
17195,655,1,562.98,1,2,2,122,5,Hibernating / Churned,1,-1.528640809596058,0.657169703592261
17196,428,1,352.9,1,2,2,122,5,Hibernating / Churned,1,-1.5940414209574343,0.2834225666365933
17197,30,1,1013.01,4,2,3,423,9,New / Promising,3,-0.286235859940751,-0.8506795218083507
17198,24,3,1213.88,4,3,3,433,10,Loyal Customers,3,0.3906416749158391,-0.6615086306401188
17199,582,1,145.12,1,2,1,121,4,Hibernating / Churned,1,-2.0781334717666664,0.1878050719858498
17200,387,4,356.71,2,4,2,242,8,At Risk (High Frequency),1,-0.8580332912543606,0.5666175326667467
17201,54,4,1242.04,4,4,3,443,11,Loyal Customers,2,0.3157975615290972,-0.13808823100662188
17202,421,1,160.65,1,2,1,121,4,Hibernating / Churned,1,-1.929660295128605,0.03978607490903739
17203,36,10,5575.88,4,5,5,455,14,Champions (Top Tier),0,1.6984918958823512,0.3812079651531637
17204,175,9,5504.69,3,5,5,355,13,Loyal Customers,2,1.1158047045270572,1.2026715388006832
17205,54,3,999.35,4,3,3,433,10,Loyal Customers,3,0.05109554404616192,-0.2847877671888998
17206,53,1,204.24,4,2,1,421,7,New / Promising,1,-1.1608106341635056,-1.022767661278911
17207,652,1,303.22,1,2,2,122,5,Hibernating / Churned,1,-1.7957344145532625,0.46986443899773384
17208,396,1,115.35,2,2,1,221,5,Hibernating / Churned,1,-2.052984760051589,-0.09233162927218154
17209,649,3,611.6,1,3,2,132,6,Need Attention,1,-0.9610213212751206,0.9305720240811681
17210,393,1,253.37,2,2,1,221,5,Hibernating / Churned,1,-1.7101981930000278,0.13762974542835918
17211,27,13,4046.65,4,5,5,455,14,Champions (Top Tier),0,1.8331226386933046,0.21981569748097993
17212,253,3,794.41,2,3,3,233,8,Need Attention,2,-0.5434926566296361,0.49047709499059405
17213,40,13,5182.3,4,5,5,455,14,Champions (Top Tier),0,1.817382377341633,0.5041933727081015
17214,60,6,1069.12,3,4,3,343,10,Loyal Customers,2,0.4737652167876805,-0.002657420976366611
17215,464,1,186.15,1,2,1,121,4,Hibernating / Churned,1,-1.8973101536188723,0.1371526195364045
17216,554,1,65.05,1,2,1,121,4,Hibernating / Churned,1,-2.4076949509010475,-0.07702845640223364
17217,234,2,218.0,2,3,1,231,6,Need Attention,1,-1.2989554968828383,-0.04380117760696584
17218,4,18,4192.68,5,5,5,555,15,Champions (Top Tier),0,2.6386468975524093,-0.6080057248118771
17219,32,2,259.13,4,3,1,431,8,Loyal Customers,3,-0.5891600465624874,-1.0750384752518007
17220,24,21,4481.75,4,5,5,455,14,Champions (Top Tier),0,2.258932038526079,0.3533138421198386
17221,7,5,978.52,5,4,3,543,12,Loyal Customers,3,0.9747199651389776,-1.206022672971461
17222,65,6,1605.01,3,4,4,344,11,Loyal Customers,2,0.6249301720194047,0.1623244858351184
17223,310,3,873.53,2,3,3,233,8,Need Attention,2,-0.567712466423995,0.6305321716131729
17224,501,1,100.86,1,2,1,121,4,Hibernating / Churned,1,-2.186751534995933,-0.0027143310687572837
17225,582,1,131.15,1,2,1,121,4,Hibernating / Churned,1,-2.121857389588328,0.15772354500386335
17226,309,3,900.12,2,3,3,233,8,Need Attention,2,-0.5536386522895578,0.6377217908959295
17227,19,12,2022.03,5,5,4,554,14,Champions (Top Tier),0,1.5836612248689956,-0.20050448993214728
17228,16,13,3177.24,5,5,5,555,15,Champions (Top Tier),0,1.8892969714970156,-0.1277932263540046
17229,96,2,318.76,3,3,2,332,8,Loyal Customers,1,-0.8480777188160186,-0.41856126087743223
17230,264,18,9924.95,2,5,5,255,12,At Risk (High Frequency),0,1.7294277141814465,1.8397629883024806
17231,12,25,7197.04,5,5,5,555,15,Champions (Top Tier),0,2.8038951777704146,0.19554327819990192
17232,3,2,421.52,5,3,2,532,10,Loyal Customers,3,0.30438677607618175,-2.0937506482719113
17233,35,3,560.86,4,3,2,432,9,Loyal Customers,3,-0.0628233291863698,-0.6912262474904225
17234,183,1,149.89,3,2,1,321,6,Need Attention,1,-1.6911656089508467,-0.4386678883290712
17235,25,8,1904.88,4,5,4,454,13,Champions (Top Tier),0,1.1923849513442848,-0.20825154388410808
17236,13,12,1929.26,5,5,4,554,14,Champions (Top Tier),0,1.6785944880490122,-0.4112844228423009
17237,11,4,1002.08,5,4,3,543,12,Loyal Customers,3,0.7148659665338922,-1.0420050885410337
17238,3,32,7783.1,5,5,5,555,15,Champions (Top Tier),0,3.400997442190754,-0.34385915706645953
17239,313,4,1189.45,2,4,3,243,9,At Risk (High Frequency),2,-0.2664381529864189,0.8098241747282164
17240,596,1,130.6,1,2,1,121,4,Hibernating / Churned,1,-2.1313469129927696,0.1695635918006772
17241,385,12,2744.14,2,5,4,254,11,At Risk (High Frequency),2,0.7590969348143216,1.5235462176741972
17242,108,5,2889.28,3,4,4,344,11,Loyal Customers,2,0.600765907779556,0.5585107566386731
17243,1,69,20889.86,5,5,5,555,15,Champions (Top Tier),0,4.628272214932553,-0.15539461858100673
17244,53,5,1826.04,4,4,4,444,12,Champions (Top Tier),2,0.6283648709487153,0.033816788163955835
17245,205,2,371.63,2,3,2,232,7,Need Attention,1,-1.0250929650159981,0.04266012857272405
17246,547,2,38.92,1,3,1,131,5,Need Attention,1,-2.3134294212891815,-0.08634627058324708
17247,15,1,282.19,5,2,1,521,8,New / Promising,3,-0.6273204856277336,-1.5973131202145152
17248,120,2,546.16,3,3,2,332,8,Loyal Customers,1,-0.685855067268402,-0.13582204915370927
17249,429,1,68.03,1,2,1,121,4,Hibernating / Churned,1,-2.3059614588037887,-0.20456754559009613
17250,4,2,384.52,5,3,2,532,10,Loyal Customers,3,0.19234182662525773,-1.998106554109155
17251,363,3,812.43,2,3,3,233,8,Need Attention,2,-0.6501202384459881,0.6956456756166384
17252,117,2,353.86,3,3,2,332,8,Loyal Customers,1,-0.8661433118520963,-0.27929202805160025
17253,18,1,178.26,5,2,1,521,8,New / Promising,3,-0.8818662887052935,-1.6394127066021948
17254,5,3,470.73,5,3,2,532,10,Loyal Customers,3,0.4406012741502201,-1.7318309761350439
17255,41,4,799.13,4,4,3,443,11,Loyal Customers,3,0.21133216848567843,-0.41869876761402247
17256,107,5,498.93,3,4,2,342,9,Loyal Customers,2,-0.1597055936351521,0.02818118038900253
17257,436,2,192.73,1,3,1,131,5,Need Attention,1,-1.5529383978271376,0.26165678888290955
17258,397,2,417.3,2,3,2,232,7,Need Attention,1,-1.1877895304402306,0.4405134193225085
17259,148,6,1889.34,3,4,4,344,11,Loyal Customers,2,0.432491182487102,0.6602508748336378
17260,411,1,120.95,1,2,1,121,4,Hibernating / Churned,1,-2.044526162543628,-0.05780407355816262
17261,510,1,230.44,1,2,1,121,4,Hibernating / Churned,1,-1.8353989044140733,0.2527669206701598
17262,52,11,2757.62,4,5,4,454,13,Champions (Top Tier),0,1.3423554824055446,0.40056409789715464
17263,208,1,63.44,2,2,1,221,5,Hibernating / Churned,1,-2.102563838730235,-0.623089010837277
17264,424,1,279.59,1,2,1,121,4,Hibernating / Churned,1,-1.692008097757033,0.2087713435409996
17265,139,2,562.9,3,3,2,332,8,Loyal Customers,1,-0.7199151278429903,-0.04635478468693106
17266,2,5,517.73,5,4,2,542,11,Loyal Customers,3,1.015358262377006,-1.9372986313205625
17267,127,2,317.62,3,3,2,332,8,Loyal Customers,1,-0.9393238721212425,-0.2666718085256953
17268,108,11,1733.89,3,5,4,354,12,Loyal Customers,2,0.9073518033851949,0.6594376438954618
17269,386,1,537.46,2,2,2,222,6,Hibernating / Churned,1,-1.3781052188513143,0.3522294762743646
17270,469,2,604.4,1,3,2,132,6,Need Attention,1,-1.0807148718256572,0.6428930812777514
17271,736,1,210.39,1,2,1,121,4,Hibernating / Churned,1,-1.9932706828675968,0.42763318300266034
17272,42,4,2148.63,4,4,4,444,12,Champions (Top Tier),2,0.6337257075805642,-0.10988276720492877
17273,424,1,141.12,1,2,1,121,4,Hibernating / Churned,1,-1.9879762335704212,0.005148843389197893
17274,35,2,577.38,4,3,2,432,9,Loyal Customers,3,-0.2696315036349748,-0.7878534380676545
17275,383,1,114.52,2,2,1,221,5,Hibernating / Churned,1,-2.0453317240140954,-0.1128382487967046
17276,402,1,508.39,2,2,2,222,6,Hibernating / Churned,1,-1.4153557943650783,0.3579607229283059
17277,228,2,1065.35,2,3,3,233,8,Need Attention,2,-0.601852363246924,0.4157770764635559
17278,241,2,271.24,2,3,1,231,6,Need Attention,1,-1.2137646137575315,0.03752991022498482
17279,58,1,187.83,4,2,1,421,7,New / Promising,1,-1.2257096029433268,-0.9988704675123475
17280,438,1,118.86,1,2,1,121,4,Hibernating / Churned,1,-2.072577484561939,-0.027967861049604914
17281,374,6,797.85,2,4,3,243,9,At Risk (High Frequency),2,-0.24079666958800422,0.911491755371969
17282,130,5,2339.66,3,4,4,344,11,Loyal Customers,2,0.44953181019710403,0.5967766336759638
17283,379,1,188.46,2,2,1,221,5,Hibernating / Churned,1,-1.8266838299401138,0.02948329655922904
17284,60,8,2793.16,3,5,4,354,12,Loyal Customers,2,1.0830406365567975,0.37663381246238115
17285,628,2,428.34,1,3,2,132,6,Need Attention,1,-1.3244801245797782,0.7007496413685194
17286,22,3,395.48,4,3,2,432,9,Loyal Customers,3,-0.069609965224417,-1.0426997480378857
17287,26,21,4111.96,4,5,5,455,14,Champions (Top Tier),0,2.1965810770856047,0.3699906903267374
17288,9,11,2499.98,5,5,4,554,14,Champions (Top Tier),0,1.8390734645959437,-0.548628750725403
17289,32,9,2079.39,4,5,4,454,13,Champions (Top Tier),0,1.2337559974740164,-0.011961359623726655
17290,4,8,1501.44,5,5,4,554,14,Champions (Top Tier),0,1.6221122297358186,-1.188788470809954
17291,308,1,550.8,2,2,2,222,6,Hibernating / Churned,1,-1.2946594010238148,0.2354079259251029
17292,472,2,271.75,1,3,1,131,5,Need Attention,1,-1.4296964211872445,0.4077231904434343
17293,8,17,3774.23,5,5,5,555,15,Champions (Top Tier),0,2.3615672094856315,-0.33506239544574373
17294,669,2,467.79,1,3,2,132,6,Need Attention,1,-1.3066550931791638,0.7618930894546008
17295,29,3,556.95,4,3,2,432,9,Loyal Customers,3,-0.006894360617504471,-0.7938782056443607
17296,730,1,338.13,1,2,2,122,5,Hibernating / Churned,1,-1.7849621064514392,0.5646193485865564
17297,17,1,131.78,5,2,1,521,8,New / Promising,3,-0.9949734819724063,-1.7590811293207491
17298,101,5,957.56,3,4,3,343,10,Loyal Customers,2,0.14201844323251328,0.1915188176451273
17299,12,6,1016.08,5,4,3,543,12,Loyal Customers,3,0.9516382296656455,-0.8705468340060758
17300,391,2,393.64,2,3,2,232,7,Need Attention,1,-1.2082105804306773,0.41470566860749764
17301,21,2,330.43,4,3,2,432,9,Loyal Customers,3,-0.35262460372975024,-1.2261650271820257
17302,15,5,1135.63,5,4,3,543,12,Loyal Customers,3,0.8152647579027715,-0.7791785815959459
17303,361,1,250.04,2,2,1,221,5,Hibernating / Churned,1,-1.6885355189708375,0.08696413456836487
17304,534,1,111.5,1,2,1,121,4,Hibernating / Churned,1,-2.164113601000044,0.06214298718162339
17305,649,1,2135.46,1,2,4,124,7,Cant Lose Them (High Spend),2,-0.9461588228248228,1.0507977466739786
17306,11,21,9782.35,5,5,5,555,15,Champions (Top Tier),0,2.8358918842753713,0.18210864317746933
17307,395,11,3999.89,2,5,5,255,12,At Risk (High Frequency),2,0.853673005281932,1.6211143363263039
17308,393,2,4511.76,2,3,5,235,10,Need Attention,2,-0.14964107036640198,1.146928014273336
17309,95,3,330.59,3,3,2,332,8,Loyal Customers,1,-0.6095025976700512,-0.30810036097626625
17310,387,2,1025.1,2,3,3,233,8,Need Attention,2,-0.7891305558493813,0.6950883680880451
17311,78,6,3566.56,3,4,5,345,12,Loyal Customers,2,0.9140501956465625,0.5004087750262206
17312,139,3,644.3,3,3,3,333,9,Loyal Customers,2,-0.4418294994428302,0.09931043269742186
17313,31,1,2328.84,4,2,4,424,10,New / Promising,3,0.06545368764160116,-0.5841455157200934
17314,25,17,4904.43,4,5,5,455,14,Champions (Top Tier),0,2.1323999091238393,0.3284668820604384
17315,2,43,9650.6,5,5,5,555,15,Champions (Top Tier),0,3.8070231396467107,-0.33285998755225993
17316,420,1,124.45,1,2,1,121,4,Hibernating / Churned,1,-2.0392034353267374,-0.03741475735140939
17317,46,3,2600.34,4,3,4,434,11,Loyal Customers,2,0.5177528591220376,-0.08540647900319485
17318,725,1,164.28,1,2,1,121,4,Hibernating / Churned,1,-2.0954705542521355,0.3456804739186744
17319,669,1,29.1,1,2,1,121,4,Hibernating / Churned,1,-2.81054218216853,-0.20841688119868687
17320,100,6,2895.77,3,4,4,344,11,Loyal Customers,2,0.743967332005519,0.5735626907986747
17321,8,6,1741.18,5,4,4,544,13,Champions (Top Tier),3,1.3047438221925953,-0.9122607178501422
17322,376,5,922.59,2,4,3,243,9,At Risk (High Frequency),2,-0.2969571066284603,0.9014347574064153
17323,15,12,1565.59,5,5,4,554,14,Champions (Top Tier),0,1.5445774146454796,-0.4001233440979642
17324,18,12,2301.87,5,5,4,554,14,Champions (Top Tier),0,1.656622863582542,-0.190012579990136
17325,280,3,609.57,2,3,2,232,7,Need Attention,2,-0.691235106981208,0.4670293615972987
17326,408,2,321.95,2,3,2,232,7,Need Attention,1,-1.3091693180652466,0.3781092940315696
17327,410,2,152.35,2,3,1,231,6,Need Attention,1,-1.6348019638760571,0.15785394872505737
17328,673,1,104.7,1,2,1,121,4,Hibernating / Churned,1,-2.2659411190454013,0.17086966588809072
17329,14,5,1004.43,5,4,3,543,12,Loyal Customers,3,0.7827715148766026,-0.8514911439362842
17330,23,4,423.8,4,4,2,442,10,Loyal Customers,3,0.11683718708697613,-0.9168943139248555
17331,124,1,175.2,3,2,1,321,6,Need Attention,1,-1.4986510595579166,-0.6054943348326662
17332,528,5,838.27,1,4,3,143,8,At Risk (High Frequency),2,-0.44817043709168936,1.0596142183683295
17333,86,1,494.25,3,2,2,322,7,Need Attention,1,-0.9317838834523963,-0.49602540720845056
17334,302,3,635.15,2,3,3,233,8,Need Attention,2,-0.6977570028779339,0.52089064622228
17335,384,2,508.0,2,3,2,232,7,Need Attention,1,-1.091660068748984,0.48094335176533315
17336,472,1,81.12,1,2,1,121,4,Hibernating / Churned,1,-2.2612354531346734,-0.1000194434563925
17337,151,4,2027.87,3,4,4,344,11,Loyal Customers,2,0.20018619469808632,0.5692556077230824
17338,17,17,12142.57,5,5,5,555,15,Champions (Top Tier),0,2.645735266530816,0.396989139799457
17339,94,3,362.36,3,3,2,332,8,Loyal Customers,3,-0.5663060860377679,-0.28648724610622167
17340,30,18,22404.82,4,5,5,455,14,Champions (Top Tier),0,2.7776642520242874,0.899973061526866
17341,157,5,1889.83,3,4,4,344,11,Loyal Customers,2,0.29606382376047713,0.636252245543022
17342,380,4,1227.54,2,4,3,243,9,At Risk (High Frequency),2,-0.3152870707936883,0.9259276049807922
17343,355,6,1259.94,2,4,4,244,10,At Risk (High Frequency),2,-0.025381050721208928,1.0194468812047341
17344,46,2,468.11,4,3,2,432,9,Loyal Customers,3,-0.4469742760860251,-0.7034727538188829
17345,15,10,1604.68,5,5,4,554,14,Champions (Top Tier),0,1.427887900493832,-0.4538933071949807
17346,4,26,5323.0,5,5,5,555,15,Champions (Top Tier),0,3.0104962491910454,-0.4079437192394572
17347,86,1,228.96,3,2,1,321,6,Need Attention,1,-1.2655776513419221,-0.7256714850403228
17348,15,9,2476.41,5,5,4,554,14,Champions (Top Tier),0,1.5438845300017463,-0.35896357129606693
17349,179,5,852.25,3,4,3,343,10,Loyal Customers,2,-0.09231943847433131,0.469958974791898
17350,8,7,1906.04,5,4,4,544,13,Champions (Top Tier),0,1.4459290363223976,-0.8363180525283697
17351,36,12,1988.23,4,5,4,454,13,Champions (Top Tier),0,1.3773634633052816,0.13376447268941113
17352,696,1,36.25,1,2,1,121,4,Hibernating / Churned,1,-2.730587517482316,-0.1228271484202989
17353,129,4,3242.0,3,4,5,345,12,Loyal Customers,2,0.4548252651547143,0.6234207516713011
17354,51,4,3143.46,4,4,5,445,13,Champions (Top Tier),2,0.7377512734851842,0.10879341396243083
17355,386,1,285.11,2,2,1,221,5,Hibernating / Churned,1,-1.6532379747258432,0.16294146568882556
17356,312,5,946.47,2,4,3,243,9,At Risk (High Frequency),2,-0.22567943258428014,0.8064626264129957
17357,24,2,388.14,4,3,2,432,9,Loyal Customers,3,-0.32412506922023043,-1.1076051776027622
17358,303,5,866.05,2,4,3,243,9,At Risk (High Frequency),2,-0.25483652489843606,0.7638189060138584
17359,11,2,284.46,5,3,1,531,9,Loyal Customers,3,-0.22155230159300995,-1.6051829525032049
17360,17,6,1231.38,5,4,3,543,12,Loyal Customers,3,0.9299333962729455,-0.6335784139878262
17361,49,5,880.64,4,4,3,443,11,Loyal Customers,3,0.33620887399004845,-0.2267565625906293
17362,239,7,1024.04,2,4,3,243,9,At Risk (High Frequency),2,0.1138667619126615,0.7888455237354725
17363,395,3,940.86,2,3,3,233,8,Need Attention,2,-0.6135872443954503,0.7860036917188924
17364,1,28,12070.42,5,5,5,555,15,Champions (Top Tier),0,3.717533895770989,-0.6421277120695938
17365,13,15,8224.98,5,5,5,555,15,Champions (Top Tier),0,2.4677086516439575,0.09866480212629851
17366,432,2,1096.24,1,3,3,133,7,Need Attention,2,-0.7954545632488391,0.7756785377689245
17367,238,1,168.4,2,2,1,221,5,Hibernating / Churned,1,-1.7254036919082059,-0.25978135839497074
17368,23,14,2826.14,4,5,4,454,13,Champions (Top Tier),0,1.7794537744626093,0.05261912979907563
17369,456,1,979.2,1,2,3,123,6,Need Attention,1,-1.171230916804572,0.623253063563855
17370,73,4,446.18,3,4,2,342,9,Loyal Customers,3,-0.22500422265700995,-0.28046080884073943
17371,17,6,662.55,5,4,3,543,12,Loyal Customers,3,0.6605607882017082,-0.8189035125060687
17372,41,28,4377.56,4,5,5,455,14,Champions (Top Tier),0,2.291608646654855,0.7335392102032726
17373,40,7,1167.5,4,4,3,443,11,Loyal Customers,2,0.7423754648774705,-0.14658894197931024
17374,219,3,727.11,2,3,3,233,8,Need Attention,2,-0.5354799045179025,0.38475010730285175
17375,199,4,660.55,2,4,3,243,9,At Risk (High Frequency),2,-0.37617325221446546,0.38516175530262653
17376,71,4,453.64,3,4,2,342,9,Loyal Customers,3,-0.20894401622238318,-0.29062041985135295
17377,24,78,18319.41,4,5,5,455,14,Champions (Top Tier),0,3.8465106560062856,1.24266940980078
17378,374,1,10.95,2,2,1,221,5,Hibernating / Churned,1,-3.024788674794315,-0.805051143777612
17379,11,1,404.66,5,2,2,522,9,New / Promising,3,-0.37790126553571207,-1.6484029804577989
17380,434,3,645.0,1,3,3,133,7,Need Attention,2,-0.8080265429982966,0.7249420023546539
17381,9,38,40002.37,5,5,5,555,15,Champions (Top Tier),0,3.9442731328574414,0.7126739512288591
17382,65,8,902.28,3,5,3,353,11,Loyal Customers,2,0.5662170366649315,0.08204766714809279
17383,4,2,309.99,5,3,2,532,10,Loyal Customers,3,0.09886727135354186,-2.0624159183341115
17384,19,3,507.55,5,3,2,532,10,Loyal Customers,3,0.08390669959046589,-1.0452682513678662
17385,15,1,261.11,5,2,1,521,8,New / Promising,3,-0.6609774840325103,-1.6204687283138512
17386,8,7,2812.77,5,4,4,544,13,Champions (Top Tier),0,1.6151729913256223,-0.7198802570926328
17387,20,2,784.11,4,3,3,433,10,Loyal Customers,3,0.03765861184852649,-0.9936648358243795
17388,78,11,2691.57,3,5,4,354,12,Loyal Customers,2,1.2027137179589413,0.6134685643568678
17389,1,61,57224.68,5,5,5,555,15,Champions (Top Tier),0,4.974160694300881,0.10183210040492326
17390,421,1,149.3,1,2,1,121,4,Hibernating / Churned,1,-1.9613360093303365,0.01799356639414368
17391,164,2,508.8,3,3,2,332,8,Loyal Customers,1,-0.8169389248024697,0.014076768072215529
17392,307,3,626.56,2,3,3,233,8,Need Attention,2,-0.7089657949718337,0.5258483876646841
17393,411,2,381.15,1,3,2,132,6,Need Attention,1,-1.2382980232926546,0.432524972092503
17394,219,1,203.87,2,2,1,221,5,Hibernating / Churned,1,-1.6158934077263327,-0.2485608209370411
17395,508,1,97.5,1,2,1,121,4,Hibernating / Churned,1,-2.2058249185402676,-0.005117288781910569
17396,39,14,8807.1,4,5,5,455,14,Champions (Top Tier),0,2.108695374491987,0.6745503052947135
17397,22,3,1233.18,4,3,3,433,10,Loyal Customers,3,0.42446731463185094,-0.7027805512768949
17398,115,3,653.38,3,3,3,333,9,Loyal Customers,2,-0.37492891905856374,-0.00022915655767913022
17400,126,8,4677.05,3,5,5,355,13,Loyal Customers,2,1.0700995109686011,0.9353693175994611
17401,541,1,114.85,1,2,1,121,4,Hibernating / Churned,1,-2.155550602103176,0.07809661443645453
17402,5,23,5096.18,5,5,5,555,15,Champions (Top Tier),0,2.8427516241758233,-0.3635277455530601
17403,36,2,400.57,4,3,2,432,9,Loyal Customers,3,-0.4372406561902643,-0.8819576702564218
17404,4,23,47781.12,5,5,5,555,15,Champions (Top Tier),0,3.8754678223431234,0.20583810409036482
17405,1,3,1031.41,5,3,3,533,11,Loyal Customers,3,1.1367139419117722,-2.1033212987629395
17406,333,13,4905.05,2,5,5,255,12,At Risk (High Frequency),2,1.1150559623527383,1.6446752686703567
17407,412,1,552.9,1,2,2,122,5,Hibernating / Churned,1,-1.386834464951342,0.396556409466485
17408,163,3,316.09,3,3,2,332,8,Loyal Customers,1,-0.8021580146216643,-0.02611411088996731
17409,185,10,7793.51,3,5,5,355,13,Loyal Customers,2,1.3218837078436008,1.372103359019789
17410,16,5,1214.72,5,4,3,543,12,Loyal Customers,3,0.8249261538173066,-0.7256037025771102
17411,12,5,1425.38,5,4,4,544,13,Champions (Top Tier),3,0.9812207546340159,-0.8257311361072328
17412,3,16,4417.52,5,5,5,555,15,Champions (Top Tier),0,2.648708643039866,-0.7561618359549362
17413,405,2,560.14,2,3,2,232,7,Need Attention,1,-1.0664046837943741,0.5394296967008598
17414,44,6,2249.52,4,4,4,444,12,Champions (Top Tier),2,0.8956076871446135,0.05208292480669583
17415,80,1,507.84,3,2,2,322,7,Need Attention,1,-0.8968935310611869,-0.527335806581627
17416,30,22,17298.45,4,5,5,455,14,Champions (Top Tier),0,2.810845090148956,0.892481149694954
17417,549,1,164.18,1,2,1,121,4,Hibernating / Churned,1,-2.0059406747868813,0.19236838551157837
17418,42,3,670.06,4,3,3,433,10,Loyal Customers,3,-0.04301282983248991,-0.5400584489237604
17419,11,18,6500.52,5,5,5,555,15,Champions (Top Tier),0,2.5462727633036257,0.00611974651878407
17420,50,6,1084.43,4,4,3,443,11,Loyal Customers,2,0.5378548490420473,-0.09716114446503382
17421,386,3,1059.41,2,3,3,233,8,Need Attention,2,-0.554568326389241,0.8088124011197504
17422,16,11,3594.76,5,5,5,555,15,Champions (Top Tier),0,1.8254293569482984,-0.14727009493604062
17423,46,3,1118.95,4,3,3,433,10,Loyal Customers,3,0.15107154807065692,-0.3376787890274728
17425,19,2,759.17,5,3,3,533,11,Loyal Customers,3,0.039392661342421025,-1.0302390378449908
17426,8,13,8077.77,5,5,5,555,15,Champions (Top Tier),0,2.5009064629398674,-0.199315782012437
17427,72,1,100.8,3,2,1,321,6,Need Attention,1,-1.5633978417336678,-1.0663784703770929
17428,1,45,31819.76,5,5,5,555,15,Champions (Top Tier),0,4.491142406695073,-0.18310864764111848
17429,128,5,1357.46,3,4,4,344,11,Loyal Customers,2,0.21777537063081662,0.4254219357478
17430,33,4,735.17,4,4,3,443,11,Loyal Customers,3,0.24342499719507116,-0.5601882061960924
17431,313,1,403.3,2,2,2,222,6,Hibernating / Churned,1,-1.4351808981018064,0.15115604813168645
17432,18,9,1751.39,5,5,4,554,14,Champions (Top Tier),0,1.3376561038533694,-0.3678213863556988
17433,88,2,569.96,3,3,2,332,8,Loyal Customers,3,-0.5679877009686235,-0.29249084757213567
17434,2,7,2373.82,5,4,4,544,13,Champions (Top Tier),0,1.8966970176462206,-1.3766025540097253
17435,411,1,331.35,1,2,2,122,5,Hibernating / Churned,1,-1.6082999529166555,0.2423142861155081
17436,2,5,534.06,5,4,2,542,11,Loyal Customers,3,1.028844495853794,-1.9280202656930348
17437,530,1,373.17,1,2,2,122,5,Hibernating / Churned,1,-1.6387962241601355,0.4177457785980466
17438,254,5,1422.77,2,4,4,244,10,At Risk (High Frequency),2,0.01780765237386213,0.8153403066261659
17439,656,1,325.74,1,2,2,122,5,Hibernating / Churned,1,-1.7666371338033082,0.49461020181793236
17440,157,4,323.58,3,4,2,342,9,Loyal Customers,1,-0.6097524680752542,0.04199550214605152
17441,732,1,293.35,1,2,2,122,5,Hibernating / Churned,1,-1.8474626949542707,0.5237346572605364
17442,37,15,4620.3,4,5,5,455,14,Champions (Top Tier),0,1.893868171029612,0.4768048889017171
17443,220,1,534.24,2,2,2,222,6,Hibernating / Churned,1,-1.1995118902174216,0.041415177006327866
17444,148,3,2940.04,3,3,4,334,10,Loyal Customers,2,0.1979880743703439,0.5877250185922424
17446,177,2,120.9,3,3,1,331,7,Loyal Customers,1,-1.4640223355038307,-0.3724044993395239
17447,40,2,541.53,4,3,2,432,9,Loyal Customers,3,-0.3395353696202783,-0.7352756822401719
17448,497,46,14556.97,1,5,5,155,11,At Risk (High Frequency),0,2.3828164555742277,2.6338935226980906
17449,2,13,4951.15,5,5,5,555,15,Champions (Top Tier),0,2.6432778061275375,-0.9517734430236683
17450,8,51,246973.09,5,5,5,555,15,Champions (Top Tier),0,4.989795943067861,1.3047698174181388
17451,1,7,1721.4,5,4,4,544,13,Champions (Top Tier),0,1.8880778820023312,-1.6963924928139562
17453,18,2,486.72,5,3,2,532,10,Loyal Customers,3,-0.13711752126145965,-1.191380725670095
17454,192,10,1547.94,2,5,4,254,11,At Risk (High Frequency),2,0.6068717759225417,0.9087808138442935
17455,204,1,131.7,2,2,1,221,5,Hibernating / Churned,1,-1.7820131989623569,-0.4175124660427861
17456,365,2,1225.42,2,3,3,233,8,Need Attention,2,-0.6926575238920583,0.7162763842323152
17457,127,14,5984.81,3,5,5,355,13,Loyal Customers,0,1.5644303309130083,1.200467561894026
17458,15,2,529.58,5,3,2,532,10,Loyal Customers,3,-0.0448881916006422,-1.2609529111172721
17459,43,2,657.3,4,3,3,433,10,Loyal Customers,3,-0.2782180870088853,-0.6384268963482427
17460,94,16,2228.27,3,5,4,354,12,Loyal Customers,0,1.3265628829448162,0.7861617627985978
17461,23,3,757.46,4,3,3,433,10,Loyal Customers,3,0.19886213845650308,-0.8250498863329068
17462,60,2,675.69,3,3,3,333,9,Loyal Customers,3,-0.3718879039206593,-0.4499927652655575
17463,16,7,2557.91,5,4,4,544,13,Champions (Top Tier),0,1.3681674289867924,-0.3975146050809447
17464,158,3,1000.94,3,3,3,333,9,Loyal Customers,2,-0.2915526784047868,0.3012091289790151
17465,426,7,2542.79,1,4,4,144,9,At Risk (High Frequency),2,0.32300357916949013,1.3787081735935838
17466,10,2,763.28,5,3,3,533,11,Loyal Customers,3,0.2350945923267522,-1.3583686705616271
17467,395,1,102.6,2,2,1,221,5,Hibernating / Churned,1,-2.102669731714013,-0.1284665581159098
17468,10,3,194.8,5,3,1,531,9,Loyal Customers,3,-0.1380318304848217,-1.6607294733848126
17469,16,17,5051.25,5,5,5,555,15,Champions (Top Tier),0,2.282649657600686,0.10294577612332796
17470,45,11,2804.87,4,5,4,454,13,Champions (Top Tier),0,1.3955583120948878,0.32751899153380276
17471,475,1,321.65,1,2,2,122,5,Hibernating / Churned,1,-1.6678888463954138,0.3130899079437459
17472,191,4,935.1,2,4,3,243,9,At Risk (High Frequency),2,-0.21192953745940463,0.46656019328739434
17473,409,2,607.0,2,3,2,232,7,Need Attention,1,-1.0346782119214017,0.5688461493747108
17474,600,1,1047.0,1,2,3,123,6,Need Attention,1,-1.2307201480692824,0.7943530494664063
17475,79,1,194.37,3,2,1,321,6,Need Attention,1,-1.309374732972209,-0.8207338401293335
17476,396,2,489.86,2,3,2,232,7,Need Attention,1,-1.11737649573342,0.48700937864169813
17477,613,2,1144.3,1,3,3,133,7,Need Attention,2,-0.8897609210494342,0.9811478899376345
17478,408,2,1272.8,2,3,4,234,9,Need Attention,2,-0.7120914967792029,0.7888916183562117
17479,633,1,389.26,1,2,2,122,5,Hibernating / Churned,1,-1.6778161678098997,0.5281337693059953
17480,78,2,902.03,3,3,3,333,9,Loyal Customers,3,-0.3299711430566967,-0.22099908827322165
17481,4,4,1255.59,5,4,4,544,13,Champions (Top Tier),3,1.0960555692236351,-1.4574290084197437
17482,487,2,778.19,1,3,3,133,7,Need Attention,1,-0.9830646519405222,0.7391670592114638
17483,65,4,591.73,3,4,2,342,9,Loyal Customers,3,-0.06539814001335875,-0.2592158537263864
17484,576,2,209.57,1,3,1,131,5,Need Attention,1,-1.6065541526542733,0.43989203868001053
17486,261,1,396.87,2,2,2,222,6,Hibernating / Churned,1,-1.3836007204309482,0.04649762863655546
17487,728,1,160.55,1,2,1,121,4,Hibernating / Churned,1,-2.1067361066519315,0.3411219730959189
17488,641,1,336.5,1,2,2,122,5,Hibernating / Churned,1,-1.7450696633448994,0.4915705639470209
17489,59,2,376.64,4,3,2,432,9,Loyal Customers,3,-0.6203262659300207,-0.6337102616420086
17490,1,9,2750.5,5,5,4,554,14,Champions (Top Tier),0,2.2620858193457045,-1.4744918049191567
17491,1,17,5981.07,5,5,5,555,15,Champions (Top Tier),0,3.0483053850226955,-1.0268623330755287
17492,248,3,1122.42,2,3,3,233,8,Need Attention,2,-0.3868316510601399,0.5828683173712547
17493,385,1,100.91,2,2,1,221,5,Hibernating / Churned,1,-2.101553806289159,-0.14749718816194587
17494,502,1,54.7,1,2,1,121,4,Hibernating / Churned,1,-2.4500327229851853,-0.18230815952592264
17495,8,3,806.72,5,3,3,533,11,Loyal Customers,3,0.5434665722632399,-1.3472008166802454
17496,359,4,1412.89,2,4,4,244,10,At Risk (High Frequency),2,-0.23581016942556757,0.9367203499195336
17497,390,2,287.25,2,3,1,231,6,Need Attention,1,-1.3440707817865973,0.3192582900935141
17498,76,1,272.22,3,2,1,321,6,Need Attention,1,-1.1510866626674925,-0.741419615538075
17499,290,2,1341.39,2,3,4,234,9,Need Attention,2,-0.5791800858004895,0.6168444848633283
17500,17,3,1138.0,5,3,3,533,11,Loyal Customers,3,0.4688263866002271,-0.8620050155988864
17501,221,2,288.6,2,3,1,231,6,Need Attention,1,-1.158969101848744,0.008456653450976074
17502,9,4,689.1,5,4,3,543,12,Loyal Customers,3,0.6111068564236836,-1.254520514719018
17503,3,2,558.96,5,3,2,532,10,Loyal Customers,3,0.42692469733209126,-2.009446039530972
17504,206,18,9565.12,2,5,5,255,12,At Risk (High Frequency),0,1.7932512299466978,1.6924679291176725
17505,162,5,2435.48,3,4,4,344,11,Loyal Customers,2,0.3963032390887472,0.7293321631794092
17506,76,1,302.2,3,2,2,322,7,Need Attention,1,-1.105785594020946,-0.7102530278511686
17507,262,2,605.58,2,3,2,232,7,Need Attention,1,-0.892093619069752,0.3232512618153322
17508,281,8,4579.23,2,5,5,255,12,At Risk (High Frequency),2,0.8029017482796333,1.369034942220606
17509,58,8,6115.14,4,5,5,455,14,Champions (Top Tier),0,1.4346833791105997,0.5927549064036407
17510,25,2,514.56,4,3,2,432,9,Loyal Customers,3,-0.21440877857807336,-1.001761953742738
17511,3,60,175603.55,5,5,5,555,15,Champions (Top Tier),0,5.22543042614794,0.8138304843645789
17512,29,18,5467.82,4,5,5,455,14,Champions (Top Tier),0,2.174659455666943,0.4597312942446797
17513,72,3,1158.8,3,3,3,333,9,Loyal Customers,2,0.023876224506123703,-0.08435360105987459
17514,128,2,542.83,3,3,2,332,8,Loyal Customers,1,-0.7092175012376059,-0.10233745248436224
17515,31,9,1617.46,4,5,4,454,13,Champions (Top Tier),0,1.1344621165893345,-0.10409389648292243
17516,15,6,957.55,5,4,3,543,12,Loyal Customers,3,0.8586939772052683,-0.7737630819098851
17517,309,1,153.94,2,2,1,221,5,Hibernating / Churned,1,-1.8483516683138885,-0.14302461198032737
17518,426,2,329.42,1,3,2,132,6,Need Attention,1,-1.3131493233799028,0.40870958948903857
17519,17,15,5109.47,5,5,5,555,15,Champions (Top Tier),0,2.17931464421915,0.0947892248320966
17520,54,1,546.81,4,2,2,422,8,New / Promising,3,-0.7395818109882379,-0.7187637274484988
17521,30,5,1278.06,4,4,4,444,12,Champions (Top Tier),3,0.65271901228192,-0.3790365914037849
17522,2,5,1070.71,5,4,3,543,12,Loyal Customers,3,1.3310821141850508,-1.7200844373464999
17523,11,4,652.74,5,4,3,543,12,Loyal Customers,3,0.5285885721512572,-1.1701616843911722
17524,361,3,539.14,2,3,2,232,7,Need Attention,1,-0.8264838590252355,0.5700447539247105
17525,360,3,1161.9,2,3,3,233,8,Need Attention,2,-0.4919318217563869,0.7980712264754775
17526,5,12,4166.04,5,5,5,555,15,Champions (Top Tier),0,2.2874676923275716,-0.6482584278336773
17527,54,4,939.37,4,4,3,443,11,Loyal Customers,3,0.19438513144615757,-0.2216185154240692
17528,1,8,3628.5,5,5,5,555,15,Champions (Top Tier),0,2.30222841458789,-1.4301537678035434
17529,610,2,1240.25,1,3,3,133,7,Need Attention,2,-0.8531716057742523,1.002529505203769
17530,1,12,3141.51,5,5,5,555,15,Champions (Top Tier),0,2.520007397293891,-1.3386813457821045
17531,190,3,1266.82,2,3,4,234,9,Need Attention,2,-0.2484523983156445,0.47280298683378785
17532,386,1,65.34,2,2,1,221,5,Hibernating / Churned,1,-2.2891797822002693,-0.27457881139480267
17533,435,1,34.8,1,2,1,121,4,Hibernating / Churned,1,-2.59613002532788,-0.3934736392010221
17534,54,5,1668.83,4,4,4,444,12,Champions (Top Tier),2,0.5832815914779235,0.01700363156371914
17535,280,1,164.4,2,2,1,221,5,Hibernating / Churned,1,-1.788160686755399,-0.17764167574277803
17536,177,3,364.83,3,3,2,332,8,Loyal Customers,1,-0.7664394873920125,0.06186973485559606
17537,30,2,897.62,4,3,3,433,10,Loyal Customers,3,-0.0295492823505696,-0.7384284284182284
17538,26,1,98.42,4,2,1,421,7,New / Promising,3,-1.2520046210740632,-1.6220553686975343
17539,618,4,1226.57,1,4,3,143,8,At Risk (High Frequency),2,-0.4725910989160881,1.1933671075025067
17540,25,6,1590.6,4,4,4,444,12,Champions (Top Tier),3,0.9222983298605351,-0.35418498378693614
17541,510,1,124.46,1,2,1,121,4,Hibernating / Churned,1,-2.101828180782677,0.06946679878806485
17542,270,3,341.7,2,3,2,232,7,Need Attention,1,-0.9308048086354734,0.2741590672073606
17543,550,1,120.05,1,2,1,121,4,Hibernating / Churned,1,-2.14177270486206,0.10032372030210492
17544,390,3,960.69,2,3,3,233,8,Need Attention,2,-0.6004119592565347,0.7852322377803896
17545,43,6,1448.54,4,4,4,444,12,Champions (Top Tier),2,0.7114668735606254,-0.09199938710894612
17547,376,2,727.85,2,3,3,233,8,Need Attention,1,-0.9286574613303217,0.5768330518630599
17548,234,4,731.26,2,4,3,243,9,At Risk (High Frequency),2,-0.38414658262511836,0.5045097120796967
17549,24,2,148.86,4,3,1,431,8,Loyal Customers,3,-0.739318379669553,-1.393253156861244
17550,197,9,2547.64,2,5,4,254,11,At Risk (High Frequency),2,0.742583328337513,1.037072551664698
17551,359,1,306.84,2,2,2,222,6,Hibernating / Churned,1,-1.5979962951719298,0.14496551554736903
17552,60,12,3085.29,3,5,5,355,13,Loyal Customers,0,1.4067725153549147,0.5410005463708396
17553,130,4,3757.6,3,4,5,345,12,Loyal Customers,2,0.5165456061273987,0.6718152323245756
17554,1,5,1952.45,5,4,4,544,13,Champions (Top Tier),3,1.7234313507928518,-1.764012982439191
17555,20,5,1057.74,4,4,3,443,11,Loyal Customers,3,0.6964271207134999,-0.6504405673823529
17556,206,2,300.67,2,3,2,232,7,Need Attention,1,-1.118576052592446,-0.017906555126018034
17557,14,4,575.46,5,4,2,542,11,Loyal Customers,3,0.40168042129440545,-1.0847432931481489
17558,393,1,259.17,2,2,1,221,5,Hibernating / Churned,1,-1.700388598812727,0.14437862766327722
17559,513,1,167.62,1,2,1,121,4,Hibernating / Churned,1,-1.9750780505496575,0.16120053535868142
17560,95,8,1895.8,3,5,4,354,12,Loyal Customers,2,0.7678318396270112,0.510796745431001
17561,19,4,722.34,5,4,3,543,12,Loyal Customers,3,0.40739388110168956,-0.8581252328547028
17562,14,7,1122.38,5,4,3,543,12,Loyal Customers,3,1.0504530465993485,-0.7129838193144545
17563,578,2,392.38,1,3,2,132,6,Need Attention,1,-1.3357511270116078,0.6288797072971684
17564,24,3,454.01,4,3,2,432,9,Loyal Customers,3,-0.03666649030611936,-0.9554914835531603
17565,587,1,131.83,1,2,1,121,4,Hibernating / Churned,1,-2.1223862034017165,0.1639701365482575
17566,8,2,901.21,5,3,3,533,11,Loyal Customers,3,0.3721862047242723,-1.41938530551876
17567,7,9,5356.03,5,5,5,555,15,Champions (Top Tier),0,2.103617124101736,-0.5104216585551663
17568,633,1,382.79,1,2,2,122,5,Hibernating / Churned,1,-1.6850900987771416,0.5231293927185937
17569,332,1,344.14,2,2,2,222,6,Hibernating / Churned,1,-1.5230186246497257,0.1362012290814928
17570,382,1,100.0,2,2,1,221,5,Hibernating / Churned,1,-2.102933012052487,-0.15448568630419082
17571,50,5,1703.75,4,4,4,444,12,Champions (Top Tier),2,0.6167078764380954,-0.018447936415352056
17572,71,10,723.01,3,5,3,353,11,Loyal Customers,2,0.5948709697366186,0.13726861487558714
17573,29,3,380.6,4,3,2,432,9,Loyal Customers,3,-0.17218908482190715,-0.9075989780238058
17574,243,1,185.65,2,2,1,221,5,Hibernating / Churned,1,-1.6899069539345832,-0.21933307831803922
17575,667,1,171.7,1,2,1,121,4,Hibernating / Churned,1,-2.049433927715698,0.31290227367151985
17576,8,41,9056.81,5,5,5,555,15,Champions (Top Tier),0,3.3885951512909283,0.23705663352913314
17577,645,2,348.75,1,3,2,132,6,Need Attention,1,-1.4223150718088016,0.6540835821048337
17578,218,7,1047.33,2,4,3,243,9,At Risk (High Frequency),2,0.15325734139747765,0.7450659645882665
17579,5,4,753.28,5,4,3,543,12,Loyal Customers,3,0.8150135601427221,-1.5096521012568977
17580,253,5,545.27,2,4,2,242,8,At Risk (High Frequency),2,-0.3977301778134993,0.5264137491341295
17581,1,43,18757.75,5,5,5,555,15,Champions (Top Tier),0,4.227303954109313,-0.35757194468236886
17582,236,5,1450.7,2,4,4,244,10,At Risk (High Frequency),2,0.04993628722901142,0.7807795529455965
17583,560,1,135.95,1,2,1,121,4,Hibernating / Churned,1,-2.0938926322890765,0.14718720460943485
17584,7,6,5309.42,5,4,5,545,14,Champions (Top Tier),0,1.827776761493546,-0.6435931860258599
17585,109,7,2093.3,3,4,4,344,11,Loyal Customers,2,0.6770670030914333,0.5724198740478764
17586,619,1,167.4,1,2,1,121,4,Hibernating / Churned,1,-2.0362871820682433,0.2642253727445596
17587,628,1,181.66,1,2,1,121,4,Hibernating / Churned,1,-2.005581094049124,0.29650657614893217
17588,100,7,2939.55,3,4,4,344,11,Loyal Customers,2,0.8523392174683476,0.6269301826035091
17589,60,18,14049.87,3,5,5,355,13,Loyal Customers,0,2.3557060591235324,1.133631421944533
17590,2,3,1479.22,5,3,4,534,12,Loyal Customers,3,1.1623421358986172,-1.7718293334027002
17591,73,8,2776.67,3,5,4,354,12,Loyal Customers,2,1.0179822277272825,0.4814187588621714
17592,739,1,148.3,1,2,1,121,4,Hibernating / Churned,1,-2.1458909233334986,0.32577681921197976
17593,4,11,8095.8,5,5,5,555,15,Champions (Top Tier),0,2.5744100656417865,-0.5792734036844862
17594,85,4,2497.88,3,4,4,344,11,Loyal Customers,2,0.47504782795242356,0.3174961161695838
17595,12,2,388.79,5,3,2,532,10,Loyal Customers,3,-0.11190233533653987,-1.4677861064220874
17596,23,13,4920.67,4,5,5,455,14,Champions (Top Tier),0,1.968046865903258,0.19331787142262727
17597,214,5,3484.09,2,4,5,245,11,At Risk (High Frequency),2,0.4624917911743286,0.9892008093904316
17598,381,1,409.98,2,2,2,222,6,Hibernating / Churned,1,-1.491451026242273,0.26418280457227605
17599,478,1,52.05,1,2,1,121,4,Hibernating / Churned,1,-2.455429885832909,-0.22386549901425515
17600,18,1,161.67,5,2,1,521,8,New / Promising,3,-0.9241208997610666,-1.6684833682883684
17601,239,2,421.48,2,3,2,232,7,Need Attention,1,-1.0198702823212271,0.16450297758570168
17602,2,14,7451.13,5,5,5,555,15,Champions (Top Tier),0,2.873716834295761,-0.8041831510856293
17603,78,4,1793.48,3,4,4,344,11,Loyal Customers,2,0.35843140955551384,0.17154696111455428
17604,217,6,945.93,2,4,3,243,9,At Risk (High Frequency),2,0.008629812228034554,0.6632123482749038
17605,590,1,160.75,1,2,1,121,4,Hibernating / Churned,1,-2.038324418995768,0.2257429455757717
17606,737,1,87.3,1,2,1,121,4,Hibernating / Churned,1,-2.3735402746011536,0.16706189239825772
17607,376,1,333.81,2,2,2,222,6,Hibernating / Churned,1,-1.576378109264542,0.19555524440060829
17608,33,4,498.53,4,4,2,442,10,Loyal Customers,3,0.07469425058158577,-0.6762729204627013
17609,41,11,1894.34,4,5,4,454,13,Champions (Top Tier),0,1.2542826262876257,0.1599041211656119
17610,540,5,1529.49,1,4,4,144,9,At Risk (High Frequency),2,-0.19400954782744054,1.2518369780604972
17611,7,28,8371.98,5,5,5,555,15,Champions (Top Tier),0,3.109996085520099,0.01298831094808844
17612,53,18,5394.86,4,5,5,455,14,Champions (Top Tier),0,1.9787103597050022,0.7799111747964906
17613,23,14,4559.15,4,5,5,455,14,Champions (Top Tier),0,1.9874729565008666,0.19573381276910198
17614,57,1,390.07,4,2,2,422,8,New / Promising,3,-0.9034074285902955,-0.7903628269003821
17615,130,6,733.2,3,4,3,343,10,Loyal Customers,2,0.06264008472717504,0.3061365245329235
17616,174,4,1060.8,3,4,3,343,10,Loyal Customers,2,-0.12712237915828206,0.45314254033650136
17617,559,1,395.33,1,2,2,122,5,Hibernating / Churned,1,-1.6309597016086361,0.4642984229276044
17618,6,11,4073.24,5,5,5,555,15,Champions (Top Tier),0,2.166763063207206,-0.5992751381225202
17619,312,1,218.52,2,2,1,221,5,Hibernating / Churned,1,-1.6998737103752637,-0.03341854572682797
17620,60,1,81.44,3,2,1,321,6,Need Attention,1,-1.597095974915175,-1.2285749398572474
17621,21,6,3175.12,4,4,5,445,13,Champions (Top Tier),0,1.2769506836134246,-0.23950070730592335
17622,598,2,1130.21,1,3,3,133,7,Need Attention,2,-0.8871475836755734,0.9638004018997481
17623,33,7,2383.67,4,4,4,444,12,Champions (Top Tier),0,1.1133020209457198,-0.03631157866156318
17624,15,4,1568.63,5,4,4,544,13,Champions (Top Tier),3,0.8166467358333912,-0.7492938804568556
17625,18,8,6067.8,5,5,5,555,15,Champions (Top Tier),0,1.7977755465971563,-0.03454435430697049
17626,603,1,254.0,1,2,1,121,4,Hibernating / Churned,1,-1.8472968486795567,0.3740100511583124
17627,479,1,296.36,1,2,2,122,5,Hibernating / Churned,1,-1.706110609715329,0.2932714428934518
17628,81,1,75.75,3,2,1,321,6,Need Attention,1,-1.7238974921675743,-1.0868065739861381
17629,6,10,2455.52,5,5,4,554,14,Champions (Top Tier),0,1.8802627380608017,-0.7825754387616624
17630,170,2,503.6,3,3,2,332,8,Loyal Customers,1,-0.832951959189213,0.03070844004051306
17631,2,7,998.49,5,4,3,543,12,Loyal Customers,3,1.5201435633667977,-1.6356667792529376
17633,31,7,2057.39,4,4,4,444,12,Champions (Top Tier),2,1.068889734692467,-0.11379465020870669
17634,36,9,2361.97,4,5,4,454,13,Champions (Top Tier),0,1.2521694065517945,0.08926894389221283
17635,424,3,1265.58,1,3,4,134,8,Need Attention,2,-0.5075590531838257,0.913657466790057
17636,19,1,285.56,5,2,1,521,8,New / Promising,3,-0.6943435835047591,-1.4706945363360122
17637,31,2,547.06,4,3,2,432,9,Loyal Customers,3,-0.2549662432775719,-0.8689367248521744
17638,647,2,842.4,1,3,3,133,7,Need Attention,1,-1.0403257750259296,0.9192804136926065
17639,276,6,615.17,2,4,2,242,8,At Risk (High Frequency),2,-0.2558033681448803,0.6666936591642797
17640,87,6,3168.94,3,4,5,345,12,Loyal Customers,2,0.8277401532756921,0.5245425706324659
17642,120,5,1824.49,3,4,4,344,11,Loyal Customers,2,0.36705370623699457,0.4785659574928181
17643,373,2,541.25,2,3,2,232,7,Need Attention,1,-1.0547517073038661,0.4838973540321962
17644,1,20,6028.6,5,5,5,555,15,Champions (Top Tier),0,3.1693204376181243,-0.9680687178431754
17646,219,12,4149.79,2,5,5,255,12,At Risk (High Frequency),2,1.120831258768006,1.3372229434293772
17647,65,3,331.66,3,3,2,332,8,Loyal Customers,3,-0.4869153734977905,-0.5138023631340609
17648,61,5,2216.37,3,4,4,344,11,Loyal Customers,2,0.6679305089910713,0.16797608113633622
17649,138,3,1578.89,3,3,4,334,10,Loyal Customers,2,-0.049920353835277986,0.36339024524290225
17650,21,1,166.08,4,2,1,421,7,New / Promising,3,-0.9598975438089872,-1.5796153005208906
17651,12,16,5703.52,5,5,5,555,15,Champions (Top Tier),0,2.37865070012382,-0.029592017636476956
17652,25,12,4867.72,4,5,5,455,14,Champions (Top Tier),0,1.8809299632485947,0.20710221620250685
17653,37,4,1207.56,4,4,3,443,11,Loyal Customers,3,0.42314353638921925,-0.35044712934230493
17654,277,1,117.55,2,2,1,221,5,Hibernating / Churned,1,-1.929592963678438,-0.2832539412688088
17655,11,9,3652.48,5,5,5,555,15,Champions (Top Tier),0,1.805951878317701,-0.4013516721958323
17656,73,5,1674.69,3,4,4,344,11,Loyal Customers,2,0.4888351518615347,0.18171813581573226
17657,430,1,126.0,1,2,1,121,4,Hibernating / Churned,1,-2.041452929390069,-0.020790791832268642
17658,26,2,595.42,4,3,2,432,9,Loyal Customers,3,-0.1632239381593041,-0.9373335881433146
17659,17,14,3834.79,5,5,5,555,15,Champions (Top Tier),0,2.0052522429771806,-0.014721522031778757
17660,141,2,359.47,3,3,2,332,8,Loyal Customers,1,-0.9191983279036472,-0.17247925771562403
17662,662,2,412.92,1,3,2,132,6,Need Attention,1,-1.3574210322731741,0.7188368507077277
17663,26,17,5175.83,4,5,5,455,14,Champions (Top Tier),0,2.1436241732488206,0.3654028541625485
17664,19,4,1166.23,5,4,3,543,12,Loyal Customers,3,0.6155955492053564,-0.714885001677335
17665,493,1,563.1,1,2,2,122,5,Hibernating / Churned,1,-1.436816565719531,0.5007966692588295
17666,4,5,2047.8,5,4,4,544,13,Champions (Top Tier),3,1.447815346703029,-1.244356450166824
17667,66,9,3950.7,3,5,5,355,13,Loyal Customers,0,1.2838698704907012,0.5707041587942494
17668,1,2,347.75,5,3,2,532,10,Loyal Customers,3,0.44507979656145696,-2.5335028973585265
17669,43,10,6142.35,4,5,5,455,14,Champions (Top Tier),0,1.6845437271760313,0.5057369620457173
17670,228,1,205.7,2,2,1,221,5,Hibernating / Churned,1,-1.624991667239337,-0.2237842287819047
17671,16,5,2403.34,5,4,4,544,13,Champions (Top Tier),3,1.1216410101753571,-0.5214674677159924
17672,50,7,5778.63,4,4,5,445,13,Champions (Top Tier),0,1.36735326260253,0.4523326826072427
17673,2,13,4233.58,5,5,5,555,15,Champions (Top Tier),0,2.575167523675903,-0.9986324941196002
17674,74,2,851.7,3,3,3,333,9,Loyal Customers,3,-0.33811841435575524,-0.26682500560222966
17675,1,70,38259.6,5,5,5,555,15,Champions (Top Tier),0,4.902376662109903,0.030934866468655033
17676,4,10,2765.84,5,5,4,554,14,Champions (Top Tier),0,2.0408466024734038,-0.9325501570965873
17677,2,54,36692.91,5,5,5,555,15,Champions (Top Tier),0,4.558292782050887,0.14859219356290354
17678,264,2,599.76,2,3,2,232,7,Need Attention,1,-0.8987387145402255,0.32454374295223176
17679,53,7,3577.61,4,4,5,445,13,Champions (Top Tier),2,1.1402927003723555,0.3403626134642348
17680,24,3,497.45,4,3,2,432,9,Loyal Customers,3,0.0030080496265404446,-0.928195879615058
17681,597,5,731.2,1,4,3,143,8,At Risk (High Frequency),2,-0.5472057229956652,1.0863824326090847
17682,10,11,4456.78,5,5,5,555,15,Champions (Top Tier),0,2.059724419308801,-0.32304641000747714
17683,386,3,819.01,2,3,3,233,8,Need Attention,2,-0.6664313012294365,0.7318520264875961
17684,44,1,239.41,4,2,1,421,7,New / Promising,3,-1.0330244993062478,-1.0759827575448124
17685,17,12,5943.17,5,5,5,555,15,Champions (Top Tier),0,2.086699703185838,0.06402304658582099
17686,7,9,8296.81,5,5,5,555,15,Champions (Top Tier),0,2.2940110794967423,-0.37943291848428967
17687,421,1,432.68,1,2,2,122,5,Hibernating / Churned,1,-1.5002670027502043,0.3352034701033362
17688,394,1,304.2,2,2,2,222,6,Hibernating / Churned,1,-1.631751782988354,0.1935620936691834
17689,388,2,317.08,2,3,2,232,7,Need Attention,1,-1.2995653500927151,0.34590786921131816
17690,30,20,7448.1,4,5,5,455,14,Champions (Top Tier),0,2.3748491937491334,0.6069582074535543
17691,358,4,780.05,2,4,3,243,9,At Risk (High Frequency),2,-0.49312814838279495,0.7575354924907315
17692,127,12,2975.8,3,5,5,355,13,Loyal Customers,2,1.1513472174485735,0.9389810730835014
17693,137,1,200.47,3,2,1,321,6,Need Attention,1,-1.4723377002809557,-0.51080420108177
17694,142,3,1695.97,3,3,4,334,10,Loyal Customers,2,-0.0279909257210689,0.4004384513071399
17695,132,5,1746.04,3,4,4,344,11,Loyal Customers,2,0.3173588395705223,0.5175718487170377
17696,38,27,7679.59,4,5,5,455,14,Champions (Top Tier),0,2.5333313212557647,0.8480453132298112
17697,236,1,338.95,2,2,2,222,6,Hibernating / Churned,1,-1.4196198111140508,-0.055910607794493396
17698,261,1,154.95,2,2,1,221,5,Hibernating / Churned,1,-1.7911154004245673,-0.23386754567795806
17699,477,2,442.0,1,3,2,132,6,Need Attention,1,-1.222065406513782,0.5587104754126776
17700,17,14,6679.97,5,5,5,555,15,Champions (Top Tier),0,2.2466865357950687,0.151382353275114
17701,253,1,417.95,2,2,2,222,6,Hibernating / Churned,1,-1.3511083852247772,0.04484773845080243
17702,30,6,3144.04,4,4,5,445,13,Champions (Top Tier),0,1.1617548732811562,-0.05328934989348929
17703,35,4,1094.84,4,4,3,443,11,Loyal Customers,3,0.3980298632233154,-0.40957707378540326
17704,169,2,885.19,3,3,3,333,9,Loyal Customers,2,-0.5860191298971197,0.19605520435640522
17705,3,11,2083.9,5,5,4,554,14,Champions (Top Tier),0,2.0562529258340256,-1.1084889181728816
17706,4,31,20749.98,5,5,5,555,15,Champions (Top Tier),0,3.731982036081303,0.061467283608369526
17707,185,8,609.3,3,5,2,352,10,Loyal Customers,2,0.06052167135102859,0.5361473972585109
17708,188,4,887.93,3,4,3,343,10,Loyal Customers,2,-0.22933269026478756,0.44239663774248417
17709,170,5,671.01,3,4,3,343,10,Loyal Customers,2,-0.1796239042130401,0.37018974196435805
17710,424,1,293.5,1,2,2,122,5,Hibernating / Churned,1,-1.6709557845292085,0.22325508058805577
17711,11,2,385.1,5,3,2,532,10,Loyal Customers,3,-0.09015307257667093,-1.51478187112735
17712,45,1,522.91,4,2,2,422,8,New / Promising,3,-0.7011977227961474,-0.8306766414551194
17713,382,4,1198.09,2,4,3,243,9,At Risk (High Frequency),2,-0.3275375818897249,0.9215521551559559
17714,321,5,1410.18,2,4,4,244,10,At Risk (High Frequency),2,-0.061508281768675746,0.9413541239956611
17715,201,2,489.6,2,3,2,232,7,Need Attention,1,-0.8990785042051094,0.11417814277821381
17716,23,24,15956.97,4,5,5,455,14,Champions (Top Tier),0,2.922096087798661,0.7576766442901864
17717,421,1,376.92,1,2,2,122,5,Hibernating / Churned,1,-1.5601480302647504,0.29400604693931487
17718,232,2,439.18,2,3,2,232,7,Need Attention,1,-0.9924393272109732,0.16046218330079426
17719,38,15,5396.04,4,5,5,455,14,Champions (Top Tier),0,1.9529842371339738,0.5375829816207219
17720,26,10,2768.91,4,5,4,454,13,Champions (Top Tier),0,1.4959045125849362,-0.0020658138611716393
17721,659,1,307.21,1,2,2,122,5,Hibernating / Churned,1,-1.7935134854674317,0.47964613674347123
17722,96,5,4430.36,3,4,5,345,12,Loyal Customers,2,0.8244326441658442,0.6221051503699775
17723,127,7,3378.4,3,4,5,345,12,Loyal Customers,2,0.8362402766838964,0.7992400279763046
17724,71,3,1033.0,3,3,3,333,9,Loyal Customers,2,-0.021618253839881363,-0.1263303070252561
17725,16,11,3439.08,5,5,5,555,15,Champions (Top Tier),0,1.8061713404828323,-0.1605193774977799
17726,395,7,1092.06,2,4,3,243,9,At Risk (High Frequency),2,-0.020141541972896117,1.084286658867849
17727,15,1,1060.25,5,2,3,523,10,New / Promising,3,-0.05251029656096105,-1.2018506577138086
17728,4,5,4238.76,5,4,5,545,14,Champions (Top Tier),0,1.7642463054321678,-1.026655775177661
17729,596,1,438.65,1,2,2,122,5,Hibernating / Churned,1,-1.6065184002863049,0.5306392650806652
17730,3,20,7773.8,5,5,5,555,15,Champions (Top Tier),0,3.055745584900972,-0.5096594971021425
17731,79,6,1708.99,3,4,4,344,11,Loyal Customers,2,0.5900083321894717,0.28720880030153545
17732,373,8,2470.39,2,5,4,254,11,At Risk (High Frequency),2,0.44313704455467,1.3400800379417162
17733,39,2,692.19,4,3,3,433,10,Loyal Customers,3,-0.22492205698129192,-0.6755370226887761
17734,54,6,1442.32,4,4,4,444,12,Champions (Top Tier),2,0.637425476802809,0.0297906919678771
17735,2,26,17244.93,5,5,5,555,15,Champions (Top Tier),0,3.6871112274055062,-0.33785772642314765
17736,9,3,377.44,5,3,2,532,10,Loyal Customers,3,0.17951218903363267,-1.5160401768505063
17737,9,2,168.24,5,3,1,531,9,Loyal Customers,3,-0.3900506686946531,-1.8622382050051878
17738,19,13,4183.56,5,5,5,555,15,Champions (Top Tier),0,1.9564201753161445,0.04418843629658471
17739,12,18,7730.59,5,5,5,555,15,Champions (Top Tier),0,2.5957792126853394,0.10213857992869395
17740,389,6,426.9,2,4,2,242,8,At Risk (High Frequency),2,-0.5251104268182842,0.746247068831706
17741,407,2,101.1,2,3,1,231,6,Need Attention,1,-1.8094201557442617,0.03204784468735503
17742,113,11,2098.48,3,5,4,354,12,Loyal Customers,2,0.9758403303187967,0.7412745885781842
17743,448,1,229.2,1,2,1,121,4,Hibernating / Churned,1,-1.795902323084398,0.1798161464974071
17744,4,7,2649.14,5,4,4,544,13,Champions (Top Tier),0,1.7792099271104742,-1.0620153181325238
17745,478,2,600.34,1,3,2,132,6,Need Attention,1,-1.089777352631981,0.6513407680607424
17746,240,4,904.18,2,4,3,243,9,At Risk (High Frequency),2,-0.3000591928224566,0.58187632908858
17747,113,1,71.4,3,2,1,321,6,Need Attention,1,-1.8558465952189203,-0.9225446142622681
17748,527,1,358.15,1,2,2,122,5,Hibernating / Churned,1,-1.6547900684709687,0.4023565057965339
17749,178,3,1026.18,3,3,3,333,9,Loyal Customers,2,-0.3190476649388758,0.3740064626588029
17750,5,9,1797.57,5,5,4,554,14,Champions (Top Tier),0,1.7217798255667918,-0.9958083737848603
17751,421,1,157.86,1,2,1,121,4,Hibernating / Churned,1,-1.9372355523456288,0.034574389503835914
17752,359,1,80.64,2,2,1,221,5,Hibernating / Churned,1,-2.1754937529648735,-0.25234575535664433
17753,464,4,390.56,1,4,2,142,7,At Risk (High Frequency),1,-0.8772431990331148,0.6935335992531204
17754,1,13,4577.53,5,5,5,555,15,Champions (Top Tier),0,2.740284318498679,-1.1988942126625546
17756,376,3,733.7,2,3,3,233,8,Need Attention,2,-0.7057622962297869,0.68452789756966
17757,1,56,9422.45,5,5,5,555,15,Champions (Top Tier),0,4.1251874585050885,-0.4689074708721699
17758,19,12,5012.53,5,5,5,555,15,Champions (Top Tier),0,1.9785378506639781,0.07116585584648995
17759,17,5,1276.91,5,4,4,544,13,Champions (Top Tier),3,0.828146789048626,-0.6791430912139397
17760,22,6,918.93,4,4,3,443,11,Loyal Customers,3,0.723427738409783,-0.5859088409389706
17761,33,1,712.78,4,2,3,423,9,New / Promising,3,-0.4688740906414625,-0.9048286134973478
17762,456,1,129.75,1,2,1,121,4,Hibernating / Churned,1,-2.0477361267956824,0.020228073174343674
17763,263,4,86.15,2,4,1,241,7,At Risk (High Frequency),1,-1.3479040722287805,-0.06846974046088457
17764,51,5,1623.64,4,4,4,444,12,Champions (Top Tier),2,0.5894850141069102,-0.02214589746156626
17765,159,4,530.8,3,4,2,342,9,Loyal Customers,2,-0.3989941456703761,0.19673159130739098
17766,381,2,299.61,2,3,2,232,7,Need Attention,1,-1.3182710593128029,0.31898235914992895
17767,15,2,413.05,5,3,2,532,10,Loyal Customers,3,-0.1527872052688417,-1.3351861283744333
17768,8,7,3509.51,5,4,5,545,14,Champions (Top Tier),0,1.7114338658350916,-0.6536539389095983
17769,13,17,7103.08,5,5,5,555,15,Champions (Top Tier),0,2.4937438543773887,0.09788487124478037
17770,199,5,1143.27,2,4,3,243,9,At Risk (High Frequency),2,0.0012942696383334137,0.6159209309618089
17771,57,4,387.41,4,4,2,442,10,Loyal Customers,3,-0.2075167351719136,-0.4570111966349342
17772,11,3,384.77,5,3,2,532,10,Loyal Customers,3,0.12889169007633472,-1.409736055765864
17773,514,2,585.27,1,3,2,132,6,Need Attention,1,-1.1242577963476827,0.683712934984492
17774,97,9,3328.05,3,5,5,355,13,Loyal Customers,2,1.0862766719697414,0.7291233825116537
17775,255,1,56.4,2,2,1,221,5,Hibernating / Churned,1,-2.218505897428011,-0.5458400646539222
17776,387,2,338.56,2,3,2,232,7,Need Attention,1,-1.2702997415699524,0.36404978407572747
17777,25,3,665.86,4,3,3,433,10,Loyal Customers,3,0.11697197742419756,-0.8194303327321056
17778,662,1,197.7,1,2,1,121,4,Hibernating / Churned,1,-1.985984813728399,0.35073873583889625
17779,21,3,658.57,4,3,3,433,10,Loyal Customers,3,0.1662188653423838,-0.9148613253910721
17780,667,3,352.91,1,3,2,132,6,Need Attention,1,-1.2085846677118908,0.7813958981356564
17781,159,2,188.02,3,3,1,331,7,Loyal Customers,1,-1.2386825498460077,-0.2998972954043367
17782,383,2,679.02,2,3,3,233,8,Need Attention,1,-0.9647802993888045,0.5662219015192081
17783,72,3,379.91,3,3,2,332,8,Loyal Customers,3,-0.46058666207701976,-0.4176582114555594
17784,550,1,112.86,1,2,1,121,4,Hibernating / Churned,1,-2.1684159336180198,0.0819935009475946
17785,53,3,403.38,4,3,2,432,9,Loyal Customers,3,-0.337066060768691,-0.566041854461983
17786,85,2,278.74,3,3,1,331,7,Loyal Customers,1,-0.8673269244844146,-0.5249749023102219
17787,153,4,2601.47,3,4,4,344,11,Loyal Customers,2,0.3042915960878491,0.6509976266173686
17788,74,2,1117.9,3,3,3,333,9,Loyal Customers,3,-0.21990326575602964,-0.18549441220054622
17789,281,2,397.15,2,3,2,232,7,Need Attention,1,-1.0978360230251958,0.23569700206053992
17790,27,20,2783.61,4,5,4,454,13,Champions (Top Tier),0,1.9796316300983152,0.2562659432627623
17791,30,1,106.1,4,2,1,421,7,New / Promising,3,-1.2643099758776675,-1.5235826918523376
17792,467,2,370.05,1,3,2,132,6,Need Attention,1,-1.2923422931937438,0.49399501219759334
17793,25,1,323.04,4,2,2,422,8,New / Promising,3,-0.7257162550917334,-1.2891891480574134
17794,687,2,147.3,1,3,1,131,5,Need Attention,1,-1.8159991806084625,0.4319920918091866
17795,180,2,350.39,3,3,2,332,8,Loyal Customers,1,-1.0087844102918324,-0.046268834781918726
17796,40,7,1361.99,4,4,4,444,12,Champions (Top Tier),2,0.8093641625867075,-0.10050152762985282
17797,22,8,1985.87,4,5,4,454,13,Champions (Top Tier),0,1.2501453007900876,-0.26341641552895356
17798,582,1,183.09,1,2,1,121,4,Hibernating / Churned,1,-1.9776257742876098,0.2569531530417454
17799,22,20,6341.89,4,5,5,455,14,Champions (Top Tier),0,2.401442590766502,0.3941984229772311
17800,37,9,1199.01,4,5,3,453,12,Loyal Customers,2,0.9487218579415732,-0.09885609993713944
17801,451,3,798.33,1,3,3,133,7,Need Attention,2,-0.7277592791609594,0.8098399332310044
17802,82,10,5053.12,3,5,5,355,13,Loyal Customers,0,1.3943635105451897,0.797363422826386
17803,392,1,184.66,2,2,1,221,5,Hibernating / Churned,1,-1.8463789396624457,0.041971884940446
17804,376,3,385.23,2,3,2,232,7,Need Attention,1,-0.985547341722766,0.49203916795760916
17805,74,2,927.03,3,3,3,333,9,Loyal Customers,3,-0.30128406952154513,-0.24148342156318126
17806,11,1,546.04,5,2,2,522,9,New / Promising,3,-0.24780210050578233,-1.5588963273910676
17807,395,3,437.87,2,3,2,232,7,Need Attention,1,-0.9458564475749883,0.5574064959804853
17808,549,4,262.64,1,4,1,141,6,At Risk (High Frequency),1,-1.103647683563876,0.6677223019371605
17809,16,20,11337.39,5,5,5,555,15,Champions (Top Tier),0,2.7519428132058366,0.40135051668195804
17810,669,2,374.81,1,3,2,132,6,Need Attention,1,-1.4028442213345642,0.6957161318959867
17811,4,47,9609.8,5,5,5,555,15,Champions (Top Tier),0,3.7063299342643816,-0.0205272218813852
17812,13,7,1165.89,5,4,3,543,12,Loyal Customers,3,1.0893011274279083,-0.7396624107926932
17813,14,5,1770.88,5,4,4,544,13,Champions (Top Tier),3,1.0293130858830604,-0.6818735229659627
17814,375,2,1617.32,2,3,4,234,9,Need Attention,2,-0.5807258742791035,0.8141498032286926
17815,393,1,591.96,2,2,2,222,6,Hibernating / Churned,1,-1.3419529468830935,0.3909780238748725
17816,37,6,112.32,4,4,1,441,9,Loyal Customers,3,-0.35010658282482915,-0.9358310605970063
17817,4,6,807.85,5,4,3,543,12,Loyal Customers,3,1.1610023633926514,-1.46614359432912
17818,738,1,130.18,1,2,1,121,4,Hibernating / Churned,1,-2.201750582392515,0.28629929530366094
17819,72,12,6612.52,3,5,5,355,13,Loyal Customers,0,1.6803034046666308,0.8681990532741098
17820,374,1,183.56,2,2,1,221,5,Hibernating / Churned,1,-1.8338011669674144,0.014333866459382127
17821,406,1,334.62,2,2,2,222,6,Hibernating / Churned,1,-1.6000907902893036,0.23851051796906658
17822,420,5,2188.5,1,4,4,144,9,At Risk (High Frequency),2,0.042905798993021535,1.2207045571744966
17823,421,2,494.25,1,3,2,132,6,Need Attention,1,-1.133253729411138,0.5233579966793863
17824,51,1,298.4,4,2,2,422,8,New / Promising,3,-0.9843087077201998,-0.9305502832663661
17825,599,4,731.96,1,4,3,143,8,At Risk (High Frequency),2,-0.6868919407349281,1.021798477494297
17826,374,1,134.59,2,2,1,221,5,Hibernating / Churned,1,-1.9679609171795904,-0.07796642013352607
17827,5,6,2388.05,5,4,4,544,13,Champions (Top Tier),0,1.5732696763288754,-1.0413782534630873
17828,23,4,1820.09,4,4,4,444,12,Champions (Top Tier),3,0.7501634552874629,-0.4811734962483732
17829,299,5,4756.74,2,4,5,245,11,At Risk (High Frequency),2,0.4901832658294794,1.2661307289290205
17830,2,3,398.7,5,3,2,532,10,Loyal Customers,3,0.5926892207347436,-2.1637436537928045
17831,33,1,35.4,4,2,1,421,7,New / Promising,1,-1.7637483692537992,-1.7956864663830698
17832,50,1,155.37,4,2,1,421,7,New / Promising,1,-1.2606530590297553,-1.1357028960691484
17833,723,1,342.36,1,2,2,122,5,Hibernating / Churned,1,-1.7764565493720967,0.5630228749918329
17834,415,2,730.47,1,3,3,133,7,Need Attention,1,-0.9589342331689391,0.632202919025157
17835,3,3,350.64,5,3,2,532,10,Loyal Customers,3,0.44390579843647093,-2.043417581025431
17836,47,1,110.21,4,2,1,421,7,New / Promising,1,-1.3893312340187502,-1.271159880567191
17837,42,8,1593.38,4,5,4,454,13,Champions (Top Tier),2,0.9520200628293896,0.015819815551164258
17838,27,13,6722.9,4,5,5,455,14,Champions (Top Tier),0,2.053952156528463,0.3717437366441667
17839,42,1,338.8,4,2,2,422,8,New / Promising,3,-0.8677696041645584,-0.9974806377513165
17840,444,1,185.72,1,2,1,121,4,Hibernating / Churned,1,-1.8840922103737447,0.11221568530131093
17841,2,211,70884.07,5,5,5,555,15,Champions (Top Tier),0,5.873870321453413,0.8395709784230185
17842,602,1,430.69,1,2,2,122,5,Hibernating / Churned,1,-1.6177025764592878,0.5306854935232612
17843,303,2,326.23,2,3,2,232,7,Need Attention,1,-1.2074845077581469,0.2184091115061641
17844,107,1,51.56,3,2,1,321,6,Need Attention,1,-1.977702562135497,-1.0482320875075632
17845,555,4,598.19,1,4,2,142,7,At Risk (High Frequency),2,-0.749938398184576,0.9194687325213761
17846,85,1,2033.1,3,2,4,324,9,Need Attention,2,-0.31335233461954537,-0.079500910736286
17847,516,2,129.69,1,3,1,131,5,Need Attention,1,-1.7785828348132584,0.23654550851059805
17848,81,30,3650.9,3,5,5,355,13,Loyal Customers,0,2.0471273037538493,1.0726493219564044
17849,218,8,1063.76,2,5,3,253,10,At Risk (High Frequency),2,0.2498574678606554,0.7928338483334274
17850,372,155,56600.08,2,5,5,255,12,At Risk (High Frequency),0,3.982142223940512,3.320095772075038
17851,422,6,1563.34,1,4,4,144,9,At Risk (High Frequency),2,0.012658391805852817,1.179100033298592
17852,12,5,663.21,5,4,3,543,12,Loyal Customers,3,0.6486716578584304,-1.0545208952567215
17853,407,3,1608.19,2,3,4,234,9,Need Attention,2,-0.39018749515655515,0.9628084274773439
17854,185,6,1071.45,3,4,3,343,10,Loyal Customers,2,0.11413313934945608,0.6129143304670678
17855,373,1,417.94,2,2,2,222,6,Hibernating / Churned,1,-1.4762591008097836,0.2582515314372284
17856,2,4,1418.03,5,4,4,544,13,Champions (Top Tier),3,1.3141661358860437,-1.7027885089308827
17857,4,24,28682.24,5,5,5,555,15,Champions (Top Tier),0,3.684552291323133,0.06801219085667282
17858,6,30,12797.65,5,5,5,555,15,Champions (Top Tier),0,3.38867737894942,0.09077073396019986
17859,305,1,148.21,2,2,1,221,5,Hibernating / Churned,1,-1.8605474305789906,-0.1614682019505041
17860,369,4,1015.54,2,4,3,243,9,At Risk (High Frequency),2,-0.3882301811919849,0.8530660630064221
17861,3,18,5127.69,5,5,5,555,15,Champions (Top Tier),0,2.7983914752271914,-0.6708330512892855
17862,324,4,1279.09,2,4,4,244,10,At Risk (High Frequency),2,-0.24598623856236407,0.8505479194245573
17863,59,12,5745.2,4,5,5,455,14,Champions (Top Tier),0,1.682566142783263,0.7179483224754901
17864,13,5,924.32,5,4,3,543,12,Loyal Customers,3,0.7689584104211331,-0.9143999943882536
17865,31,46,26374.39,4,5,5,455,14,Champions (Top Tier),0,3.5291554017662037,1.2978323327598629
17866,143,3,1134.95,3,3,3,333,9,Loyal Customers,2,-0.2048849317981048,0.284131780296398
17867,30,15,1621.28,4,5,4,454,13,Champions (Top Tier),0,1.5042307404997624,0.051138348508962976
17868,386,1,234.65,2,2,1,221,5,Hibernating / Churned,1,-1.7376607783330122,0.10485959720297247
17869,107,7,1036.16,3,4,3,343,10,Loyal Customers,2,0.37723906622284936,0.35193828265637417
17870,2,13,3108.15,5,5,5,555,15,Champions (Top Tier),0,2.440748544463305,-1.0911111271315672
17871,205,5,1118.99,2,4,3,243,9,At Risk (High Frequency),2,-0.017597548131933715,0.6258042947628872
17872,382,1,235.87,2,2,1,221,5,Hibernating / Churned,1,-1.7320536821882122,0.10067480992302623
17873,80,18,6515.88,3,5,5,355,13,Loyal Customers,0,1.9297045575397291,1.0600558528852504
17874,185,6,683.46,3,4,3,343,10,Loyal Customers,2,-0.08125969764821417,0.47848642027370514
17875,688,1,167.1,1,2,1,121,4,Hibernating / Churned,1,-2.071191450185252,0.32189335524019985
17876,400,3,3424.02,2,3,5,235,10,Need Attention,2,-0.05592254843050292,1.1793827383789928
17877,170,1,237.61,3,2,1,321,6,Need Attention,1,-1.46806800331411,-0.34189755234960395
17878,44,3,1412.33,4,3,4,434,11,Loyal Customers,3,0.26636920498009814,-0.292016097718518
17879,174,1,178.52,3,2,1,321,6,Need Attention,1,-1.599352735855385,-0.41432139485454417
17880,365,3,824.92,2,3,3,233,8,Need Attention,2,-0.6452622941156398,0.7032293956567683
17881,304,1,133.35,2,2,1,221,5,Hibernating / Churned,1,-1.9051340125824643,-0.1946770281481939
17882,379,2,313.46,2,3,2,232,7,Need Attention,1,-1.2969748008471245,0.3295705366338319
17883,3,7,995.85,5,4,3,543,12,Loyal Customers,3,1.4259490321057404,-1.4777842092533062
17884,4,20,3072.89,5,5,5,555,15,Champions (Top Tier),0,2.5798224832226104,-0.6643591735738235
17885,12,1,190.19,5,2,1,521,8,New / Promising,3,-0.7310956430018221,-1.8294374485818523
17886,32,6,1608.38,4,4,4,444,12,Champions (Top Tier),3,0.8500237711523069,-0.21936118526918147
17887,129,1,111.35,3,2,1,321,6,Need Attention,1,-1.7071334795608788,-0.7185679779136551
17888,21,25,1820.44,4,5,4,454,13,Champions (Top Tier),0,2.0358303937061217,0.0743590805064012
17889,212,7,774.87,2,4,3,243,9,At Risk (High Frequency),2,0.031289051473922344,0.6396498115611811
17890,323,2,602.09,2,3,2,232,7,Need Attention,1,-0.9620674335389953,0.4365738600864224
17891,162,1,203.86,3,2,1,321,6,Need Attention,1,-1.5189266345757788,-0.4139761682419578
17892,56,3,244.1,4,3,1,431,8,Loyal Customers,3,-0.5724048205928419,-0.6861000358970473
17893,225,1,112.25,2,2,1,221,5,Hibernating / Churned,1,-1.8825164176815168,-0.41116586419349094
17894,72,18,2453.38,3,5,4,354,12,Loyal Customers,0,1.5384483532368927,0.7103805594217528
17895,44,1,98.0,4,2,1,421,7,New / Promising,1,-1.4190607015605876,-1.3415709987793256
17896,23,1,256.32,4,2,1,421,7,New / Promising,3,-0.8001402733961851,-1.4023509677141668
17897,173,9,2585.0,3,5,4,354,12,Loyal Customers,2,0.7907055272959302,0.9701605757189586
17898,85,4,299.18,3,4,2,342,9,Loyal Customers,3,-0.447032899041252,-0.3168842790585907
17899,159,1,155.8,3,2,1,321,6,Need Attention,1,-1.6292462889046746,-0.5042542577472827
17900,190,2,112.2,2,3,1,231,6,Need Attention,1,-1.5190378399140547,-0.35569010595079975
17901,29,3,260.08,4,3,1,431,8,Loyal Customers,3,-0.33733137128235974,-1.0212148750778878
17902,547,1,216.4,1,2,1,121,4,Hibernating / Churned,1,-1.8852377838889962,0.2725905699999384
17903,394,1,381.09,2,2,2,222,6,Hibernating / Churned,1,-1.5339885881802315,0.2608219900595471
17904,21,1,191.67,4,2,1,421,7,New / Promising,3,-0.8978924484514645,-1.5369565443539421
17905,71,13,2383.52,3,5,4,354,12,Loyal Customers,0,1.2974288585523506,0.5823482122658948
17906,247,1,72.9,2,2,1,221,5,Hibernating / Churned,1,-2.098300286643767,-0.48771590545670457
17907,641,1,291.76,1,2,2,122,5,Hibernating / Churned,1,-1.8069469285525872,0.4489997533781098
17908,374,5,1411.54,2,4,4,244,10,At Risk (High Frequency),2,-0.11037096758379197,1.0256863402069238
17909,737,1,132.55,1,2,1,121,4,Hibernating / Churned,1,-2.1935218593584778,0.2909123862507136
17910,726,1,261.7,1,2,1,121,4,Hibernating / Churned,1,-1.8943005253666423,0.4851485065683805
17911,9,1,366.23,5,2,2,522,9,New / Promising,3,-0.3622384805254929,-1.7787575862134797
17912,310,6,375.5,2,4,2,242,8,At Risk (High Frequency),2,-0.5075827974182626,0.5830912093513687
17913,59,14,3479.64,4,5,5,455,14,Champions (Top Tier),0,1.5735821726321668,0.6202589678439334
17914,4,1,336.43,5,2,2,522,9,New / Promising,3,-0.1748799664379024,-2.1864045397350593
17915,551,1,242.13,1,2,1,121,4,Hibernating / Churned,1,-1.8389203385659563,0.31008606788763515
17916,629,2,43.87,1,3,1,131,5,Need Attention,1,-2.307669105697343,0.025557171285915413
17917,45,3,341.28,4,3,2,432,9,Loyal Customers,3,-0.35775037531644527,-0.7043895208434992
17918,501,3,396.39,1,3,2,132,6,Need Attention,1,-1.0657678487931537,0.6585083927102816
17919,88,2,1840.32,3,3,4,334,10,Loyal Customers,2,-0.05851538581867712,0.05801994739522607
17920,4,54,24516.46,5,5,5,555,15,Champions (Top Tier),0,4.217633469527954,0.30963963813596207
17921,64,10,2423.5,3,5,4,354,12,Loyal Customers,2,1.153807431556501,0.4426387269676451
17922,543,1,170.4,1,2,1,121,4,Hibernating / Churned,1,-1.9863097033850372,0.1973834124201327
17923,282,3,497.0,2,3,2,232,7,Need Attention,1,-0.7822001558288404,0.40993641838853273
17924,12,8,3536.7,5,5,5,555,15,Champions (Top Tier),0,1.6856931079980864,-0.4054088412517503
17925,373,1,488.16,2,2,2,222,6,Hibernating / Churned,1,-1.408834436080989,0.30463888582672455
17926,133,5,1035.49,3,4,3,343,10,Loyal Customers,2,0.08777541838355615,0.3654195655518744
17927,722,1,294.0,1,2,2,122,5,Hibernating / Churned,1,-1.8420602026142712,0.5168184521875708
17928,45,3,341.24,4,3,2,432,9,Loyal Customers,3,-0.3578012260994942,-0.7044245055676169
17929,11,12,3082.1,5,5,5,555,15,Champions (Top Tier),0,1.9322019862327793,-0.35612959296366764
17930,36,13,4275.22,4,5,5,455,14,Champions (Top Tier),0,1.7668811854144424,0.38998723126281
17931,134,14,3437.29,3,5,5,355,13,Loyal Customers,2,1.3059800555999337,1.0638721010779246
17932,29,3,1331.57,4,3,4,434,11,Loyal Customers,3,0.37190578285150444,-0.5332682853938453
17933,632,1,114.69,1,2,1,121,4,Hibernating / Churned,1,-2.206349022539116,0.16328765237178022
17934,52,3,1049.15,4,3,3,433,10,Loyal Customers,3,0.08421436404664427,-0.2906751119302295
17935,138,7,686.14,3,4,3,343,10,Loyal Customers,2,0.1164908657773452,0.36787864967036643
17936,5,1,389.84,5,2,2,522,9,New / Promising,3,-0.1699130562527161,-2.041856953030556
17937,9,7,4301.22,5,4,5,545,14,Champions (Top Tier),0,1.7658447566835627,-0.5346630471834708
17938,420,1,144.29,1,2,1,121,4,Hibernating / Churned,1,-1.9753194137453516,0.006536677347477659
17939,160,1,99.14,3,2,1,321,6,Need Attention,1,-1.8263631939040168,-0.6350453980971469
17940,49,16,30393.19,4,5,5,455,14,Champions (Top Tier),0,2.6708995882944095,1.214206636403956
17941,131,4,1433.28,3,4,4,344,11,Loyal Customers,2,0.09491334252447405,0.3876238552790926
17942,8,1,77.5,5,2,1,521,8,New / Promising,3,-0.9994808032037352,-2.298729458510638
17944,423,1,75.41,1,2,1,121,4,Hibernating / Churned,1,-2.257222137363567,-0.1819125813001986
17945,697,3,360.35,1,3,2,132,6,Need Attention,1,-1.2137409735415747,0.811854220777798
17946,233,2,149.58,2,3,1,231,6,Need Attention,1,-1.4605566016483484,-0.15828174551927873
17947,37,1,176.68,4,2,1,421,7,New / Promising,3,-1.1098998542781546,-1.2597496968739974
17948,147,1,358.56,3,2,2,322,7,Need Attention,1,-1.2429337882878686,-0.29882394412901186
17949,1,118,118628.08,5,5,5,555,15,Champions (Top Tier),0,5.788627482203491,0.5587065730051197
17950,72,7,1432.81,3,4,4,344,11,Loyal Customers,2,0.6448239926639888,0.23285045490485312
17951,40,4,1636.08,4,4,4,444,12,Champions (Top Tier),3,0.530615331303576,-0.2176891035553118
17952,378,4,819.61,2,4,3,243,9,At Risk (High Frequency),2,-0.4891642833970227,0.8022281001954793
17953,540,1,160.82,1,2,1,121,4,Hibernating / Churned,1,-2.0095463923257073,0.17711624574249946
17954,5,19,3966.05,5,5,5,555,15,Champions (Top Tier),0,2.5946285067813326,-0.5052995342961973
17955,199,6,949.9,2,4,3,243,9,At Risk (High Frequency),2,0.03832224716956054,0.6169324536793359
17956,249,1,12.75,2,2,1,221,5,Hibernating / Churned,1,-2.8326024010470996,-0.9866893880021146
17957,66,1,111.68,3,2,1,321,6,Need Attention,1,-1.4914773217081818,-1.0832879054988167
17958,117,2,973.88,3,3,3,333,9,Loyal Customers,2,-0.42643037520743693,0.023225157667100337
17959,592,1,140.75,1,2,1,121,4,Hibernating / Churned,1,-2.096845237383888,0.18809644786534652
17960,171,3,135.08,3,3,1,331,7,Loyal Customers,1,-1.1856358094893555,-0.25307455502585935
17961,21,100,2995.54,4,5,5,455,14,Champions (Top Tier),0,3.287449124860681,0.7201017601095234
17962,142,4,687.42,3,4,3,343,10,Loyal Customers,2,-0.25034971584605287,0.21204603882906486
17963,471,4,651.51,1,4,3,143,8,At Risk (High Frequency),2,-0.6598730555825575,0.8546475221797588
17964,32,2,733.46,4,3,3,433,10,Loyal Customers,3,-0.1375413444477741,-0.7643302667915104
17965,38,29,7240.98,4,5,5,455,14,Champions (Top Tier),0,2.560367684411323,0.8556970301128234
17966,38,10,1974.42,4,5,4,454,13,Champions (Top Tier),0,1.2298928021040598,0.09956760815010243
17967,372,2,357.29,2,3,2,232,7,Need Attention,1,-1.2341864004317893,0.3583759648935234
17968,374,4,888.04,2,4,3,243,9,At Risk (High Frequency),2,-0.4508832876679484,0.8203518966969139
17969,166,20,2369.94,3,5,4,354,12,Loyal Customers,2,1.332087526452737,1.1930968454172672
17970,211,1,582.59,2,2,2,222,6,Hibernating / Churned,1,-1.1484356571702896,0.04437176880520599
17971,548,1,161.94,1,2,1,121,4,Hibernating / Churned,1,-2.0112929056538915,0.18727742672208839
17972,242,1,136.04,2,2,1,221,5,Hibernating / Churned,1,-1.8230096943125207,-0.3140851088598821
17973,52,1,337.04,4,2,2,422,8,New / Promising,3,-0.9376547343541776,-0.8837081972730723
17974,25,6,1858.06,4,4,4,444,12,Champions (Top Tier),3,0.9898836619348075,-0.3076870922056946
17975,15,24,7028.83,5,5,5,555,15,Champions (Top Tier),0,2.6965368302825916,0.288634523735207
17976,372,1,706.38,2,2,3,223,7,Need Attention,1,-1.2474677821597064,0.41358470428304606
17977,29,2,1565.63,4,3,4,434,11,Loyal Customers,3,0.22289649512483425,-0.5901305405060928
17978,365,4,1461.76,2,4,4,244,10,At Risk (High Frequency),2,-0.2263711836777695,0.9560091641496564
17979,36,4,757.71,4,4,3,443,11,Loyal Customers,3,0.22919910148666142,-0.5045217583256855
17980,166,4,1033.42,3,4,3,343,10,Loyal Customers,2,-0.12335557556696601,0.41951345087073577
17981,411,1,239.12,1,2,1,121,4,Hibernating / Churned,1,-1.7497306706164464,0.145011661773363
17982,681,1,138.18,1,2,1,121,4,Hibernating / Churned,1,-2.1500326008289985,0.25974705027229406
17983,395,1,171.71,2,2,1,221,5,Hibernating / Churned,1,-1.8802979068673105,0.024522569629766774
17984,145,5,1191.27,3,4,3,343,10,Loyal Customers,2,0.12095918156791251,0.45463947715457037
17985,22,1,634.95,4,2,3,423,9,New / Promising,3,-0.392692868202697,-1.1549763769721293
17986,56,1,20.8,4,2,1,421,7,New / Promising,1,-2.153919653346583,-1.6641626221861803
17987,185,5,1003.64,3,4,3,343,10,Loyal Customers,2,-0.031857999440659875,0.5369374698120529
17988,12,14,489.54,5,5,2,552,12,Loyal Customers,3,1.2156554190963533,-0.8098556762677691
17989,379,1,228.83,2,2,1,221,5,Hibernating / Churned,1,-1.7426381377500793,0.08730571694813856
17990,237,6,1527.61,2,4,4,244,10,At Risk (High Frequency),2,0.18860776907835558,0.8549798426848721
17991,225,3,320.55,2,3,2,232,7,Need Attention,1,-0.8997931562657864,0.15493535844888548
17992,389,1,254.13,2,2,1,221,5,Hibernating / Churned,1,-1.7055998468182503,0.13289456719661252
17993,617,1,235.19,1,2,1,121,4,Hibernating / Churned,1,-1.8880486676448685,0.3637106292889213
17994,122,11,2313.32,3,5,4,354,12,Loyal Customers,2,0.9936551479467631,0.8123496976520785
17995,282,3,495.48,2,3,2,232,7,Need Attention,1,-0.783530217160381,0.40902135226852887
17996,380,3,482.33,2,3,2,232,7,Need Attention,1,-0.8913813776007493,0.564993937458949
17997,74,8,1970.67,3,5,4,354,12,Loyal Customers,2,0.8645167636963383,0.3862267881795471
17998,380,3,639.24,2,3,3,233,8,Need Attention,2,-0.7690545316355023,0.6491533289511232
17999,37,3,730.9,4,3,3,433,10,Loyal Customers,3,0.034727800438004046,-0.5822602085360862
18000,564,1,124.25,1,2,1,121,4,Hibernating / Churned,1,-2.1350471749077,0.12437303889584657
18001,12,6,953.84,5,4,3,543,12,Loyal Customers,3,0.9241625547869046,-0.8894497662315056
18002,376,4,249.92,2,4,1,241,7,At Risk (High Frequency),1,-1.0030146267866118,0.44460963449269875
18003,376,1,358.61,2,2,2,222,6,Hibernating / Churned,1,-1.5452868726635127,0.21694563939064354
18004,362,1,169.47,2,2,1,221,5,Hibernating / Churned,1,-1.8578363000497125,-0.0273773780733435
18005,4,2,249.72,5,3,1,531,9,Loyal Customers,3,0.005135280409201442,-2.1269023951902777
18006,23,4,997.86,4,4,3,443,11,Loyal Customers,3,0.4888500553334066,-0.6609539569914912
18007,393,1,220.32,2,2,1,221,5,Hibernating / Churned,1,-1.7707561912583825,0.09596657457496212
18008,70,23,19787.13,3,5,5,355,13,Loyal Customers,0,2.6337664911600043,1.4053687375076518
18009,235,8,2155.83,2,5,4,254,11,At Risk (High Frequency),2,0.5328142757753732,1.0453745572830282
18010,257,1,174.8,2,2,1,221,5,Hibernating / Churned,1,-1.7340089556694351,-0.20648807060151728
18011,373,2,527.03,2,3,2,232,7,Need Attention,1,-1.0663142017656275,0.4759424975952867
18012,723,1,115.3,1,2,1,121,4,Hibernating / Churned,1,-2.2475037089281877,0.23894812263845072
18013,155,2,187.29,3,3,1,331,7,Loyal Customers,1,-1.2321777611219646,-0.3150199412496015
18014,28,1,166.42,4,2,1,421,7,New / Promising,3,-1.0483604410084082,-1.4266360940972196
18015,4,1,120.03,5,2,1,521,8,New / Promising,3,-0.6210013828919176,-2.493330682105013
18016,32,7,1960.46,4,4,4,444,12,Champions (Top Tier),2,1.0379501029706046,-0.1112611959251298
18017,81,4,688.0,3,4,3,343,10,Loyal Customers,2,-0.07011810239432306,-0.09443909837337648
18018,108,4,297.99,3,4,2,342,9,Loyal Customers,1,-0.5254132653301797,-0.18735298560752175
18019,52,1,38.45,4,2,1,421,7,New / Promising,1,-1.872316326773991,-1.5267440758528696
18020,544,1,190.48,1,2,1,121,4,Hibernating / Churned,1,-1.9387013273329026,0.23155902398205186
18021,510,2,227.06,1,3,1,131,5,Need Attention,1,-1.532549506269491,0.3967774766440274
18022,36,5,1651.79,4,4,4,444,12,Champions (Top Tier),3,0.7070295472004214,-0.2047141041100172
18024,153,2,389.78,3,3,2,332,8,Loyal Customers,1,-0.9103077884928631,-0.10356548316416708
18025,380,6,1177.72,2,4,3,243,9,At Risk (High Frequency),2,-0.07666991065249266,1.0366961317529462
18026,501,2,2074.07,1,3,4,134,8,Need Attention,2,-0.5660296422182645,1.0479765724398133
18027,99,1,115.31,3,2,1,321,6,Need Attention,1,-1.6072061129126185,-0.852908564592378
18028,583,1,192.05,1,2,1,121,4,Hibernating / Churned,1,-1.9575019453673608,0.27212470973853714
18029,642,1,433.77,1,2,2,122,5,Hibernating / Churned,1,-1.6353820621962527,0.5682390927569759
18030,4,2,230.65,5,3,1,531,9,Loyal Customers,3,-0.02928549180583336,-2.150583470439541
18031,379,1,462.1,2,2,2,222,6,Hibernating / Churned,1,-1.437802415218609,0.29702900958182843
18032,334,1,73.5,2,2,1,221,5,Hibernating / Churned,1,-2.192036557226413,-0.3194398336123292
18033,65,1,97.97,3,2,1,321,6,Need Attention,1,-1.5430620721615778,-1.1304180231536245
18034,22,3,793.7,4,3,3,433,10,Loyal Customers,3,0.23293535655787626,-0.8345522234361672
18035,36,5,1276.74,4,4,4,444,12,Champions (Top Tier),3,0.5950458276753217,-0.281757549625977
18036,32,11,1563.64,4,5,4,454,13,Champions (Top Tier),0,1.248852552901602,-0.0305090289840034
18037,154,15,167.42,3,5,1,351,9,Loyal Customers,2,-0.0018701430457666271,0.2607835029194222
18038,556,1,149.41,1,2,1,121,4,Hibernating / Churned,1,-2.0507876726986947,0.17130387971521951
18039,374,4,579.17,2,4,2,242,8,At Risk (High Frequency),2,-0.6365951495639702,0.692584380362125
18040,19,2,357.2,5,3,2,532,10,Loyal Customers,3,-0.28800215103448185,-1.2554827116266447
18041,12,38,8752.38,5,5,5,555,15,Champions (Top Tier),0,3.1982658321594992,0.40251935227700664
18042,54,2,281.15,4,3,1,431,8,Loyal Customers,3,-0.7190186808877287,-0.7689627119702259
18043,25,3,875.97,4,3,3,433,10,Loyal Customers,3,0.2361439658523741,-0.7374414450935154
18044,4,18,3505.61,5,5,5,555,15,Champions (Top Tier),0,2.560794100280371,-0.6615675083490719
18045,45,1,189.4,4,2,1,421,7,New / Promising,3,-1.1416075886433155,-1.1336733060415491
18046,650,1,189.63,1,2,1,121,4,Hibernating / Churned,1,-1.9981175458566527,0.3282528282253527
18047,381,2,342.69,2,3,2,232,7,Need Attention,1,-1.2599990739654359,0.35907278075099414
18048,203,3,401.73,2,3,2,232,7,Need Attention,1,-0.7687216566139486,0.16583415297444343
18049,437,2,556.52,1,3,2,132,6,Need Attention,1,-1.0937576303400092,0.5793369201375981
18050,359,2,412.06,2,3,2,232,7,Need Attention,1,-1.1608193641549756,0.3813917905564152
18051,634,7,2282.28,1,4,4,144,9,At Risk (High Frequency),2,0.14764542000499709,1.5652482466049622
18052,565,1,10877.18,1,2,5,125,8,Cant Lose Them (High Spend),2,-0.19322350965372542,1.4616930821131733
18053,71,3,571.07,3,3,2,332,8,Loyal Customers,3,-0.2791692250695218,-0.30352226228144724
18054,393,1,176.5,2,2,1,221,5,Hibernating / Churned,1,-1.8667572665693413,0.02991899510037941
18055,7,14,11195.57,5,5,5,555,15,Champions (Top Tier),0,2.7336259734038064,-0.14132935447385422
18056,288,2,554.6,2,3,2,232,7,Need Attention,1,-0.9607807891040249,0.3489693494043936
18057,393,3,1203.56,2,3,3,233,8,Need Attention,2,-0.5049082284297169,0.8568541697367901
18058,10,3,774.06,5,3,3,533,11,Loyal Customers,3,0.4606055758932547,-1.2488741733671405
18059,23,3,306.46,4,3,2,432,9,Loyal Customers,3,-0.19401352511151723,-1.09534359428449
18060,408,2,1185.46,2,3,3,233,8,Need Attention,2,-0.7429971921468511,0.7676288734921551
18061,22,28,6488.97,4,5,5,455,14,Champions (Top Tier),0,2.6575978354841854,0.5192069079370297
18062,173,6,1632.67,3,4,4,344,11,Loyal Customers,2,0.3188311354523738,0.7021200055452864
18063,391,2,186.6,2,3,1,231,6,Need Attention,1,-1.5317813955294082,0.19209285873359255
18064,133,11,4495.03,3,5,5,355,13,Loyal Customers,2,1.2548958410594708,1.0583838063820188
18065,6,29,5866.63,5,5,5,555,15,Champions (Top Tier),0,3.024335046829447,-0.15468873439538944
18066,75,3,1440.4,3,3,4,334,10,Loyal Customers,2,0.10542814791409647,0.002928122652771325
18067,40,1,396.33,4,2,2,422,8,New / Promising,3,-0.784310760864892,-0.9769296060452884
18068,289,1,101.7,2,2,1,221,5,Hibernating / Churned,1,-2.0057082709859713,-0.3029081248020726
18069,26,11,4540.56,4,5,5,455,14,Champions (Top Tier),0,1.7774086279447878,0.1777971548326759
18070,669,1,314.1,1,2,2,122,5,Hibernating / Churned,1,-1.7887575289462947,0.4945586101800098
18071,258,6,1428.63,2,4,4,244,10,At Risk (High Frequency),2,0.13213246119194005,0.8815792056341717
18072,186,1,247.44,3,2,1,321,6,Need Attention,1,-1.47943123591927,-0.28047820583887156
18073,114,12,3877.52,3,5,5,355,13,Loyal Customers,2,1.3011162690141027,0.9591184671434578
18074,374,2,1509.04,2,3,4,234,9,Need Attention,2,-0.6099966149587184,0.7919504369527873
18075,23,20,5783.29,4,5,5,455,14,Champions (Top Tier),0,2.347565905089325,0.3900762137475622
18076,380,1,151.49,2,2,1,221,5,Hibernating / Churned,1,-1.9219858871724333,-0.03404900518686546
18077,8,18,4338.56,5,5,5,555,15,Champions (Top Tier),0,2.463419754851723,-0.2735693908770381
18078,217,4,844.6,2,4,3,243,9,At Risk (High Frequency),2,-0.2972441422988449,0.5061719598803097
18079,45,5,4242.75,4,4,5,445,13,Champions (Top Tier),2,1.0469083576902882,0.19765254024037335
18080,19,2,1231.5,5,3,3,533,11,Loyal Customers,3,0.24966041920093482,-0.8855773618885633
18081,36,3,343.45,4,3,2,432,9,Loyal Customers,3,-0.2845832395764164,-0.8225855465637557
18082,26,1,703.37,4,2,3,423,9,New / Promising,3,-0.4000911141259128,-1.0359491727682328
18083,398,1,470.73,2,2,2,222,6,Hibernating / Churned,1,-1.4455487280268366,0.3294668471107997
18084,16,3,812.93,5,3,3,533,11,Loyal Customers,3,0.34110394599293126,-0.9941213642406596
18085,330,4,1645.75,2,4,4,244,10,At Risk (High Frequency),2,-0.14231147988733142,0.9360351890084633
18086,274,1,101.34,2,2,1,221,5,Hibernating / Churned,1,-1.9900590697687632,-0.33325260885419644
18087,98,17,14761.52,3,5,5,355,13,Loyal Customers,0,2.179348436395813,1.3957221470349224
18088,61,1,167.67,3,2,1,321,6,Need Attention,1,-1.2908751506545957,-1.0053118643511691
18089,447,1,428.45,1,2,2,122,5,Hibernating / Churned,1,-1.5238686752761161,0.36524608953613186
18090,422,1,349.4,1,2,2,122,5,Hibernating / Churned,1,-1.5938105736142123,0.27267875311546363
18091,593,1,360.85,1,2,2,122,5,Hibernating / Churned,1,-1.6896253433639743,0.4695630663701382
18092,2,18,16179.44,5,5,5,555,15,Champions (Top Tier),0,3.3913500322426526,-0.48557199999745454
18093,93,8,4452.71,3,5,5,355,13,Loyal Customers,2,1.1460330433774184,0.7546977015916145
18094,82,13,6391.52,3,5,5,355,13,Loyal Customers,0,1.6805161199025194,0.9559612209287106
18095,313,5,2303.09,2,4,4,244,10,At Risk (High Frequency),2,0.15994289612921306,1.0742352659394878
18096,12,6,1805.28,5,4,4,544,13,Champions (Top Tier),3,1.2015335382586374,-0.6986218821119493
18097,8,11,4663.32,5,5,5,555,15,Champions (Top Tier),0,2.144332863680435,-0.420170830216385
18098,396,1,550.84,2,2,2,222,6,Hibernating / Churned,1,-1.3756767019954919,0.3736481282288138
18099,127,1,168.31,3,2,1,321,6,Need Attention,1,-1.5236772051331517,-0.604353669225408
18100,550,1,451.56,1,2,2,122,5,Hibernating / Churned,1,-1.5679928522735183,0.49507732375919067
18101,11,5,629.16,5,4,3,543,12,Loyal Customers,3,0.6516623029026382,-1.114422362219957
18102,1,145,608821.65,5,5,5,555,15,Champions (Top Tier),0,6.6562127765323025,1.1231438732423324
18103,549,1,105.8,1,2,1,121,4,Hibernating / Churned,1,-2.195680212802174,0.06182987668817666
18104,37,1,754.64,4,2,3,423,9,New / Promising,3,-0.4800505685294276,-0.8264210010989675
18105,38,1,113.48,4,2,1,421,7,New / Promising,1,-1.30956608624873,-1.3770106973980292
18106,330,6,1461.46,2,4,4,244,10,At Risk (High Frequency),2,0.06267803262000038,1.0236683006569147
18107,442,1,167.13,1,2,1,121,4,Hibernating / Churned,1,-1.9282659338727357,0.07833787085044774
18108,254,3,848.81,2,3,3,233,8,Need Attention,2,-0.5159790935237436,0.5124476466762611
18109,2,38,9893.96,5,5,5,555,15,Champions (Top Tier),0,3.7258543696881254,-0.3695597986546094
18110,20,2,435.43,4,3,2,432,9,Loyal Customers,3,-0.2178330722153465,-1.1694400264005766
18111,589,1,405.85,1,2,2,122,5,Hibernating / Churned,1,-1.6364393110939899,0.5009241627724605
18112,12,4,775.96,5,4,3,543,12,Loyal Customers,3,0.5778342250942619,-1.074322275778917
18113,369,1,152.64,2,2,1,221,5,Hibernating / Churned,1,-1.9092416695879104,-0.047958701188903365
18114,290,1,220.1,2,2,1,221,5,Hibernating / Churned,1,-1.6731820176989787,-0.0714694518838555
18115,698,1,9.7,1,2,1,121,4,Hibernating / Churned,1,-3.274267441912186,-0.49465438595689276
18116,68,13,2154.3,3,5,4,354,12,Loyal Customers,0,1.267218597538046,0.5286196185082915
18117,26,1,320.72,4,2,2,422,8,New / Promising,3,-0.741048828841169,-1.2705239594274957
18118,11,29,6733.22,5,5,5,555,15,Champions (Top Tier),0,2.909945969527066,0.18383624608661836
18119,368,1,362.24,2,2,2,222,6,Hibernating / Churned,1,-1.5339798197857564,0.20812199110674398
18120,214,1,111.15,2,2,1,221,5,Hibernating / Churned,1,-1.8706253007696638,-0.44160887731601184
18121,149,2,673.1,3,3,3,333,9,Loyal Customers,1,-0.6645623268808768,0.04513287488239244
18122,8,6,1826.21,5,4,4,544,13,Champions (Top Tier),3,1.3254778723016625,-0.8979959419820299
18123,24,3,684.59,4,3,3,433,10,Loyal Customers,3,0.14170920999402176,-0.8327711577261114
18124,472,1,111.53,1,2,1,121,4,Hibernating / Churned,1,-2.1241608174927045,-0.005713750919228346
18125,30,4,1142.99,4,4,3,443,11,Loyal Customers,3,0.4651021751842379,-0.47918079062596747
18126,61,1,206.83,3,2,1,321,6,Need Attention,1,-1.2000355984931572,-0.9428153504175044
18127,19,4,561.53,5,4,2,542,11,Loyal Customers,3,0.29799336450083114,-0.9333914659812683
18128,537,1,420.04,1,2,2,122,5,Hibernating / Churned,1,-1.5916819641922286,0.4602975128362732
18129,243,1,112.55,2,2,1,221,5,Hibernating / Churned,1,-1.9061504937602902,-0.368106020040215
18130,15,3,1059.39,5,3,3,533,11,Loyal Customers,3,0.47580439186155066,-0.94837704097571
18131,632,1,222.96,1,2,1,121,4,Hibernating / Churned,1,-1.9189391762888393,0.3610221527459214
18132,504,1,226.9,1,2,1,121,4,Hibernating / Churned,1,-1.8382854568692077,0.24163829256785604
18133,212,1,931.5,2,2,3,223,7,Need Attention,1,-0.9460369269986183,0.18726235764625676
18134,598,2,445.0,1,3,2,132,6,Need Attention,1,-1.2921100731683053,0.6851911038022002
18135,29,10,1249.62,4,5,4,454,13,Champions (Top Tier),0,1.1158436504892284,-0.1819862368166012
18136,63,5,1631.36,3,4,4,344,11,Loyal Customers,2,0.5243917704290716,0.09379901204930617
18137,551,2,145.99,1,3,1,131,5,Need Attention,1,-1.7486282195942389,0.30785978491363436
18138,295,1,152.65,2,2,1,221,5,Hibernating / Churned,1,-1.83704301278079,-0.1710165630790995
18139,18,6,8438.34,5,4,5,545,14,Champions (Top Tier),0,1.7495693868984812,-0.02782671831154824
18140,474,1,536.41,1,2,2,122,5,Hibernating / Churned,1,-1.4452212118201093,0.4646546323166227
18141,402,2,882.47,2,3,3,233,8,Need Attention,1,-0.8665176287028136,0.6712085777538056
18142,157,2,1019.52,3,3,3,333,9,Loyal Customers,2,-0.5009342447668033,0.1979277107970969
18143,117,2,1000.16,3,3,3,333,9,Loyal Customers,2,-0.4148564937205213,0.031187848239683978
18144,8,19,5058.0,5,5,5,555,15,Champions (Top Tier),0,2.569284721577429,-0.20887567453449438
18145,13,11,5617.79,5,5,5,555,15,Champions (Top Tier),0,2.082438147921031,-0.12074231396515663
18146,141,2,160.35,3,3,1,331,7,Loyal Customers,1,-1.2689497844254636,-0.4131040324501917
18147,46,2,179.34,4,3,1,431,8,Loyal Customers,3,-0.8629314883025951,-0.9896462882601544
18148,647,1,114.1,1,2,1,121,4,Hibernating / Churned,1,-2.2161483790035583,0.1746748434995849
18149,51,7,1624.71,4,4,4,444,12,Champions (Top Tier),2,0.8091882890417817,0.0833529663905815
18150,32,3,566.58,4,3,2,432,9,Loyal Customers,3,-0.030274446210628955,-0.7361862711189432
18151,135,6,1879.44,3,4,4,344,11,Loyal Customers,2,0.45973246730172695,0.6083262168066093
18152,646,1,426.69,1,2,2,122,5,Hibernating / Churned,1,-1.6445315851021631,0.5667448071024672
18153,659,1,246.22,1,2,1,121,4,Hibernating / Churned,1,-1.889455269600946,0.4136393488823338
18154,3,5,932.6,5,4,3,543,12,Loyal Customers,3,1.1780101426745437,-1.6027088346025946
18155,75,3,371.62,3,3,2,332,8,Loyal Customers,3,-0.4831863136354652,-0.4020315124675398
18156,13,2,941.17,5,3,3,533,11,Loyal Customers,3,0.2481429294917472,-1.1627142470119995
18157,571,1,215.35,1,2,1,121,4,Hibernating / Churned,1,-1.9012075664181292,0.2947832401978933
18158,9,2,453.4,5,3,2,532,10,Loyal Customers,3,0.03968488174817605,-1.566585340399344
18159,301,1,530.15,2,2,2,222,6,Hibernating / Churned,1,-1.3038437567422205,0.2113518631773022
18160,57,3,1003.88,4,3,3,433,10,Loyal Customers,3,0.03588435365070932,-0.2541419369855279
18161,15,6,1803.1,5,4,4,544,13,Champions (Top Tier),3,1.1338522059911866,-0.5844575462691941
18162,732,1,379.16,1,2,2,122,5,Hibernating / Churned,1,-1.7361530376617549,0.6003143561076886
18163,584,1,728.84,1,2,3,123,6,Need Attention,1,-1.3794199043348678,0.671162502833758
18164,37,1,399.65,4,2,2,422,8,New / Promising,3,-0.7561144410720666,-1.016349608698008
18165,177,1,302.46,3,2,2,322,7,Need Attention,1,-1.3764362257373204,-0.24780014496026473
18166,624,1,175.5,1,2,1,121,4,Hibernating / Churned,1,-2.0184443052826158,0.28271855316153144
18167,23,3,1384.86,4,3,4,434,11,Loyal Customers,3,0.4611372197517937,-0.644607800450605
18168,176,16,3770.27,3,5,5,355,13,Loyal Customers,2,1.3540548430446375,1.2867612482718944
18169,61,1,202.65,3,2,1,321,6,Need Attention,1,-1.2088758838727929,-0.9488973599085255
18170,33,9,2878.0,4,5,4,454,13,Champions (Top Tier),0,1.3654609300092704,0.10175845053337947
18171,59,9,2437.31,4,5,4,454,13,Champions (Top Tier),2,1.1094729922399031,0.36530363078757916
18172,15,52,17479.84,5,5,5,555,15,Champions (Top Tier),0,3.6660018536760224,0.8363671274309099
18173,87,5,2696.36,3,4,4,344,11,Loyal Customers,2,0.6399255905083253,0.4197916997896578
18174,7,2,162.5,5,3,1,531,9,Loyal Customers,3,-0.332893547677673,-1.9956444617159745
18175,676,1,176.1,1,2,1,121,4,Hibernating / Churned,1,-2.0428157565578466,0.3278150073283208
18176,358,1,476.35,2,2,2,222,6,Hibernating / Churned,1,-1.406229335036671,0.2747456682444818
18177,31,9,2216.87,4,5,4,454,13,Champions (Top Tier),0,1.271551517684405,-0.009778045492490572
18178,129,11,6103.74,3,5,5,355,13,Loyal Customers,2,1.397783168298449,1.1332299714293868
18179,9,8,2547.55,5,5,4,554,14,Champions (Top Tier),0,1.6278548647538797,-0.6482902606657006
18180,5,6,1843.75,5,4,4,544,13,Champions (Top Tier),3,1.4607724663183352,-1.1187749742266078
18181,24,5,1205.94,4,4,3,443,11,Loyal Customers,3,0.6970392793452641,-0.5150569516285013
18182,463,1,291.13,1,2,1,121,4,Hibernating / Churned,1,-1.7028667467027507,0.26926086507407315
18183,227,2,632.07,2,3,3,233,8,Need Attention,1,-0.8273074447650152,0.25727906674372025
18184,15,1,49.8,5,2,1,521,8,New / Promising,3,-1.3749268635247551,-2.11165727208905
18185,249,1,304.25,2,2,2,222,6,Hibernating / Churned,1,-1.4837375992605744,-0.058686707741584264
18186,723,1,329.58,1,2,2,122,5,Hibernating / Churned,1,-1.7929604074590693,0.5516684201057206
18187,632,1,724.89,1,2,3,123,6,Need Attention,1,-1.4072860319918903,0.7130333318073215
18188,15,6,3280.59,5,4,5,545,14,Champions (Top Tier),0,1.3941606599429972,-0.40536847622910727
18189,78,3,1403.73,3,3,4,334,10,Loyal Customers,2,0.08169434342732006,0.016567456928757086
18190,192,5,745.62,2,4,3,243,9,At Risk (High Frequency),2,-0.17295782742167629,0.4684595154249888
18191,262,2,529.4,2,3,2,232,7,Need Attention,1,-0.9504869292174062,0.28307737021808993
18192,72,1,957.97,3,2,3,323,8,Need Attention,3,-0.5875233459069932,-0.3949886123827315
18193,165,3,1207.35,3,3,3,333,9,Loyal Customers,2,-0.22398420918721695,0.38104531142786446
18194,82,6,4162.04,3,4,5,345,12,Loyal Customers,2,0.9652396838158283,0.5738601815543661
18195,387,1,101.16,2,2,1,221,5,Hibernating / Churned,1,-2.1021591922870866,-0.14391329406484035
18196,95,4,1464.31,3,4,4,344,11,Loyal Customers,2,0.20722234624941194,0.21838427644066744
18197,576,1,230.1,1,2,1,121,4,Hibernating / Churned,1,-1.8753259445113966,0.31932646394498926
18198,4,17,5425.56,5,5,5,555,15,Champions (Top Tier),0,2.709547652471368,-0.5506465468074689
18199,684,1,344.75,1,2,2,122,5,Hibernating / Churned,1,-1.7555295388288326,0.5345579399800292
18200,106,1,163.8,3,2,1,321,6,Need Attention,1,-1.4774661523670953,-0.7112762259338858
18201,723,1,447.53,1,2,2,122,5,Hibernating / Churned,1,-1.66019825973776,0.6430071730773605
18202,200,3,1396.99,2,3,4,234,9,Need Attention,2,-0.22243162888988452,0.5302071135657181
18203,157,4,504.42,3,4,2,342,9,Loyal Customers,2,-0.4170629783122098,0.1745635421166275
18204,71,3,1993.7,3,3,4,334,10,Loyal Customers,2,0.26427117228008007,0.07035816267614027
18205,36,2,517.36,4,3,2,432,9,Loyal Customers,3,-0.3261635902566674,-0.8055379914529361
18206,553,1,314.66,1,2,2,122,5,Hibernating / Churned,1,-1.7264975210037057,0.39023115561091126
18207,499,1,544.47,1,2,2,122,5,Hibernating / Churned,1,-1.4553335882430913,0.497402255188272
18208,566,1,360.08,1,2,2,122,5,Hibernating / Churned,1,-1.6755064483565227,0.4432667517727316
18209,29,1,139.1,4,2,1,421,7,New / Promising,3,-1.1368386172363882,-1.461265693565658
18210,2,7,2768.83,5,4,4,544,13,Champions (Top Tier),0,1.9636441021138322,-1.3305437690675381
18211,26,5,600.07,4,4,2,442,10,Loyal Customers,3,0.3688226335177297,-0.681292480832381
18212,326,2,546.72,2,3,2,232,7,Need Attention,1,-1.0069498918645554,0.4128296461330033
18213,237,1,232.48,2,2,1,221,5,Hibernating / Churned,1,-1.5844513759461318,-0.16605346753509145
18214,531,4,1780.34,1,4,4,144,9,At Risk (High Frequency),2,-0.26160224924741565,1.221282227707814
18215,89,5,2247.49,3,4,4,344,11,Loyal Customers,2,0.5534618649651609,0.3777013595106088
18216,31,1,481.75,4,2,2,422,8,New / Promising,3,-0.6194254945537616,-1.055334115118748
18217,29,4,945.04,4,4,3,443,11,Loyal Customers,3,0.39304057459675357,-0.5541400565870909
18218,211,4,1142.0,2,4,3,243,9,At Risk (High Frequency),2,-0.15709229053997745,0.5809912671829115
18219,3,17,3562.89,5,5,5,555,15,Champions (Top Tier),0,2.598777003389151,-0.7995850796483974
18220,227,6,1921.76,2,4,4,244,10,At Risk (High Frequency),2,0.30230508196582384,0.8999750502348909
18221,22,6,1424.94,4,4,4,444,12,Champions (Top Tier),3,0.9141293287823534,-0.4547084517218317
18222,93,1,443.0,3,2,2,322,7,Need Attention,1,-1.004342735406608,-0.48604200091640115
18223,5,26,14000.85,5,5,5,555,15,Champions (Top Tier),0,3.3722596395078033,-0.017924466708193386
18224,264,1,158.95,2,2,1,221,5,Hibernating / Churned,1,-1.783778319755612,-0.22000663870880963
18225,3,26,13054.26,5,5,5,555,15,Champions (Top Tier),0,3.472940826115266,-0.2625171048872967
18226,44,26,11878.88,4,5,5,455,14,Champions (Top Tier),0,2.6490818871687916,1.0442224166479945
18227,218,2,388.75,2,3,2,232,7,Need Attention,1,-1.0253404732446283,0.0898597506177924
18228,57,2,779.9,4,3,3,433,10,Loyal Customers,3,-0.2932555562013227,-0.4349318829293046
18229,12,28,10803.71,5,5,5,555,15,Champions (Top Tier),0,3.0639100771802315,0.35710076650448147
18230,9,9,4291.06,5,5,5,555,15,Champions (Top Tier),0,1.9350089075526662,-0.4536924084908321
18231,192,28,6880.97,2,5,5,255,12,At Risk (High Frequency),0,1.9951257962171498,1.7100416650503094
18232,82,4,592.97,3,4,2,342,9,Loyal Customers,2,-0.13861342241662888,-0.13218021825278622
18233,326,1,440.0,2,2,2,222,6,Hibernating / Churned,1,-1.4104961161664178,0.1995408908585705
18234,552,1,179.6,1,2,1,121,4,Hibernating / Churned,1,-1.96886742314485,0.22208508398473362
18235,72,3,1796.48,3,3,4,334,10,Loyal Customers,2,0.21451218514632084,0.04680163569464057
18236,30,12,1795.35,4,5,4,454,13,Champions (Top Tier),0,1.3902107052516068,0.005645724160532164
18237,3,5,987.1,5,4,3,543,12,Loyal Customers,3,1.202696168724332,-1.585725147053744
18238,515,1,270.92,1,2,1,121,4,Hibernating / Churned,1,-1.7684148244810987,0.3063884541721282
18239,219,6,2150.36,2,4,4,244,10,At Risk (High Frequency),2,0.3627362567551112,0.9139025219933445
18240,46,1,422.58,4,2,2,422,8,New / Promising,3,-0.8006468616084625,-0.8824490484224229
18241,10,21,2986.99,5,5,5,555,15,Champions (Top Tier),0,2.34796412686012,-0.2209330181779124
18242,72,8,3605.21,3,5,5,355,13,Loyal Customers,2,1.1359645187807466,0.552057364907242
18243,414,1,515.78,1,2,2,122,5,Hibernating / Churned,1,-1.418578782109808,0.3784561990898582
18244,431,2,568.64,1,3,2,132,6,Need Attention,1,-1.0799390652901109,0.5781668711276844
18245,7,20,6324.98,5,5,5,555,15,Champions (Top Tier),0,2.7418355370549796,-0.18907846921175467
18246,24,3,758.82,4,3,3,433,10,Loyal Customers,3,0.1864387509202592,-0.8019977742028748
18247,415,3,839.73,1,3,3,133,7,Need Attention,2,-0.6789446039303457,0.7791780659732025
18248,123,2,804.02,3,3,3,333,9,Loyal Customers,2,-0.5257709052584589,-0.006728213957587039
18249,17,1,95.34,5,2,1,521,8,New / Promising,3,-1.1345594383029871,-1.8551145801380158
18250,310,1,349.27,2,2,2,222,6,Hibernating / Churned,1,-1.4944930190892727,0.10291885642652868
18251,87,9,26278.86,3,5,5,355,13,Loyal Customers,0,2.0200639693243967,1.28824363677951
18252,51,7,1542.09,4,4,4,444,12,Champions (Top Tier),2,0.786494208276597,0.06773971312142733
18253,643,1,317.88,1,2,2,122,5,Hibernating / Churned,1,-1.7707681312116128,0.47629802639559893
18254,581,1,267.9,1,2,1,121,4,Hibernating / Churned,1,-1.8122029195921547,0.3694331945836731
18255,89,2,303.15,3,3,2,332,8,Loyal Customers,1,-0.8456295848138805,-0.474856144194638
18256,388,1,110.7,2,2,1,221,5,Hibernating / Churned,1,-2.064147066591663,-0.11576894095514209
18257,39,12,4600.15,4,5,5,455,14,Champions (Top Tier),0,1.7170095321340793,0.4277848803823784
18258,464,6,2059.67,1,4,4,144,9,At Risk (High Frequency),2,0.10194180820050283,1.3138038537790866
18259,25,7,4318.2,4,4,5,445,13,Champions (Top Tier),0,1.4585217811364695,-0.006460786030288737
18260,173,23,9962.11,3,5,5,355,13,Loyal Customers,0,2.0452899159166136,1.6943650509390855
18261,43,2,324.24,4,3,2,432,9,Loyal Customers,3,-0.5850092897590623,-0.8494955357370358
18262,140,3,577.54,3,3,2,332,8,Loyal Customers,2,-0.4916482293079523,0.0705451968382818
18263,26,3,1213.16,4,3,3,433,10,Loyal Customers,3,0.36549256191646057,-0.6192373603545521
18264,499,1,603.25,1,2,2,122,5,Hibernating / Churned,1,-1.4108048788094956,0.528037469071968
18265,72,2,801.51,3,3,3,333,9,Loyal Customers,3,-0.35577161195807755,-0.29989239003700463
18266,434,1,251.1,1,2,1,121,4,Hibernating / Churned,1,-1.7461160574848296,0.18954825812338716
18267,673,1,269.37,1,2,1,121,4,Hibernating / Churned,1,-1.8572966362540446,0.452012130871823
18268,134,6,1490.23,3,4,4,344,11,Loyal Customers,2,0.361216635324934,0.5348357645166212
18269,366,1,337.2,2,2,2,222,6,Hibernating / Churned,1,-1.5633000040231493,0.18374312340214663
18270,38,3,444.55,4,3,2,432,9,Loyal Customers,3,-0.1896307874780207,-0.7165092515006758
18271,610,2,680.85,1,3,3,133,7,Need Attention,1,-1.1138274101345298,0.8232014622809884
18272,3,9,4385.98,5,5,5,555,15,Champions (Top Tier),0,2.2408783848781,-0.9525349168427493
18273,2,4,357.0,5,4,2,542,11,Loyal Customers,3,0.7149417225142994,-2.1150476626652015
18274,30,1,175.92,4,2,1,421,7,New / Promising,3,-1.0459158270745372,-1.3733301571475311
18275,578,2,741.85,1,3,3,133,7,Need Attention,1,-1.059147189345839,0.8191798731732991
18276,44,6,1656.52,4,4,4,444,12,Champions (Top Tier),2,0.7625357840837939,-0.03946893609459716
18277,58,5,1180.05,4,4,3,443,11,Loyal Customers,2,0.4098911597366523,-0.047943584645969
18278,74,2,414.2,3,3,2,332,8,Loyal Customers,3,-0.6512404216387365,-0.4822491619908486
18279,519,1,231.34,1,2,1,121,4,Hibernating / Churned,1,-1.8393569545809738,0.26355856274539285
18280,278,2,488.15,2,3,2,232,7,Need Attention,1,-1.0048147742064673,0.291415549598333
18281,181,2,201.14,3,3,1,331,7,Loyal Customers,1,-1.2511515232400634,-0.20874959667035595
18282,8,2,178.05,5,3,1,531,9,Loyal Customers,3,-0.3314574165712629,-1.9034836122175693
18283,4,22,2736.65,5,5,4,554,14,Champions (Top Tier),0,2.598802933004476,-0.6657378182512534
18284,432,1,461.68,1,2,2,122,5,Hibernating / Churned,1,-1.4804257456656733,0.3687728128196956
18285,661,1,427.0,1,2,2,122,5,Hibernating / Churned,1,-1.6516290009562025,0.5796030796538145
18286,477,2,1296.43,1,3,4,134,8,Need Attention,2,-0.7545145337059794,0.8803798247419216
18287,43,7,4182.99,4,4,5,445,13,Champions (Top Tier),0,1.2745313573208765,0.27419111657652034
